-- phpMyAdmin SQL Dump
-- version 4.8.3
-- https://www.phpmyadmin.net/
--
-- Servidor: localhost:3306
-- Tiempo de generación: 13-11-2019 a las 14:23:59
-- Versión del servidor: 5.6.41-84.1
-- Versión de PHP: 7.2.7

SET SQL_MODE = "NO_AUTO_VALUE_ON_ZERO";
SET AUTOCOMMIT = 0;
START TRANSACTION;
SET time_zone = "+00:00";


/*!40101 SET @OLD_CHARACTER_SET_CLIENT=@@CHARACTER_SET_CLIENT */;
/*!40101 SET @OLD_CHARACTER_SET_RESULTS=@@CHARACTER_SET_RESULTS */;
/*!40101 SET @OLD_COLLATION_CONNECTION=@@COLLATION_CONNECTION */;
/*!40101 SET NAMES utf8mb4 */;

--
-- Base de datos: `presiona_ospos`
--

-- --------------------------------------------------------

--
-- Estructura de tabla para la tabla `ospos_app_config`
--

DROP TABLE IF EXISTS `ospos_app_config`;
CREATE TABLE `ospos_app_config` (
  `key` varchar(50) NOT NULL,
  `value` varchar(500) NOT NULL
) ENGINE=InnoDB DEFAULT CHARSET=utf8;

--
-- Volcado de datos para la tabla `ospos_app_config`
--

INSERT INTO `ospos_app_config` (`key`, `value`) VALUES
('address', ''),
('allow_duplicate_barcodes', '0'),
('barcode_content', 'id'),
('barcode_first_row', 'category'),
('barcode_font', 'Arial'),
('barcode_font_size', '10'),
('barcode_formats', '[]'),
('barcode_generate_if_empty', '0'),
('barcode_height', '50'),
('barcode_num_in_row', '2'),
('barcode_page_cellspacing', '20'),
('barcode_page_width', '100'),
('barcode_second_row', 'item_code'),
('barcode_third_row', 'unit_price'),
('barcode_type', 'Code39'),
('barcode_width', '250'),
('cash_decimals', '2'),
('cash_rounding_code', '1'),
('company', 'SISTEMA DE GESTIÓN COMERCIAL'),
('company_logo', ''),
('cost_doctype_sequence', '3'),
('cost_number_automatic', '1'),
('cost_overallcash_doctype_sequence', '2'),
('cost_overallcash_number_automatic', '1'),
('country_codes', 'es'),
('currency_code', 'PEN'),
('currency_decimals', '2'),
('currency_symbol', 'S/.'),
('customer_reward_enable', '0'),
('dateformat', 'd/m/Y'),
('date_or_time_format', ''),
('default_receivings_discount', '0'),
('default_receivings_discount_type', '0'),
('default_register_mode', 'sale'),
('default_sales_discount', '0'),
('default_sales_discount_type', '0'),
('default_tax_1_name', ''),
('default_tax_1_rate', ''),
('default_tax_2_name', ''),
('default_tax_2_rate', ''),
('default_tax_category', ''),
('default_tax_code', ''),
('default_tax_jurisdiction', ''),
('default_tax_rate', '8'),
('derive_sale_quantity', '0'),
('dinner_table_enable', '1'),
('email', ''),
('email_receipt_check_behaviour', 'last'),
('enforce_privacy', ''),
('expense_doctype_sequence', '5'),
('expense_number_automatic', '1'),
('fax', ''),
('financial_year', '1'),
('gcaptcha_enable', '0'),
('gcaptcha_secret_key', ''),
('gcaptcha_site_key', ''),
('giftcard_number', 'series'),
('include_hsn', '0'),
('income_doctype_sequence', '4'),
('income_number_automatic', '1'),
('income_overallcash_doctype_sequence', '6'),
('income_overallcash_number_automatic', '1'),
('invoice_default_comments', 'This is a default comment'),
('invoice_email_message', 'Dear {CU}, In attachment the receipt for sale {ISEQ}'),
('invoice_enable', '1'),
('invoice_type', 'invoice'),
('language', 'spanish'),
('language_code', 'es'),
('last_used_invoice_number', '0'),
('last_used_quote_number', '0'),
('last_used_work_order_number', '0'),
('lines_per_page', '25'),
('line_sequence', '0'),
('mailpath', '/usr/sbin/sendmail'),
('msg_msg', ''),
('msg_pwd', ''),
('msg_src', ''),
('msg_uid', ''),
('multi_pack_enabled', '0'),
('notify_horizontal_position', 'center'),
('notify_vertical_position', 'bottom'),
('number_locale', 'es_PE'),
('payment_options_order', 'cashdebitcredit'),
('phone', ''),
('print_bottom_margin', ''),
('print_delay_autoreturn', '0'),
('print_footer', '0'),
('print_header', '0'),
('print_left_margin', ''),
('print_receipt_check_behaviour', 'last'),
('print_right_margin', ''),
('print_silently', '0'),
('print_top_margin', ''),
('protocol', 'mail'),
('quantity_decimals', '0'),
('quote_default_comments', 'This is a default quote comment'),
('receipt_font_size', '9'),
('receipt_show_company_name', '1'),
('receipt_show_description', '1'),
('receipt_show_serialnumber', '1'),
('receipt_show_taxes', '1'),
('receipt_show_tax_ind', '0'),
('receipt_show_total_discount', '1'),
('receipt_template', 'receipt_short'),
('receiving_calculate_average_price', '0'),
('recv_invoice_format', '{CO}'),
('return_policy', ''),
('sales_invoice_format', '{CO}'),
('sales_quote_format', 'Q%y{QSEQ:6}'),
('smtp_crypto', 'ssl'),
('smtp_host', ''),
('smtp_pass', ''),
('smtp_port', '465'),
('smtp_timeout', '5'),
('smtp_user', ''),
('suggestions_first_column', 'name'),
('suggestions_second_column', ''),
('suggestions_third_column', ''),
('sunat_enable', '1'),
('sunat_token', 'eyJ0eXAiOiJKV1QiLCJhbGciOiJIUzI1NiJ9.eyJlbWFpbCI6ImpsY3QubWFzdGVyQGdtYWlsLmNvbSJ9.PgWWyQcMk5b0lh95Il-3qZV5iQgYARFqVE4aKLZhVTU'),
('sunat_url', 'https://dniruc.apisperu.com/api/v1/'),
('tax_decimals', '2'),
('tax_id', ''),
('tax_included', '0'),
('theme', 'yeti'),
('thousands_separator', '1'),
('timeformat', 'H:i:s'),
('timezone', 'America/Bogota'),
('use_destination_based_tax', '0'),
('website', ''),
('work_order_enable', '0'),
('work_order_format', 'W%y{WSEQ:6}');

-- --------------------------------------------------------

--
-- Estructura de tabla para la tabla `ospos_attribute_definitions`
--

DROP TABLE IF EXISTS `ospos_attribute_definitions`;
CREATE TABLE `ospos_attribute_definitions` (
  `definition_id` int(10) NOT NULL,
  `definition_name` varchar(255) NOT NULL,
  `definition_type` varchar(45) NOT NULL,
  `definition_unit` varchar(16) DEFAULT NULL,
  `definition_flags` tinyint(4) NOT NULL,
  `definition_fk` int(10) DEFAULT NULL,
  `deleted` tinyint(1) NOT NULL DEFAULT '0'
) ENGINE=InnoDB DEFAULT CHARSET=utf8;

--
-- Volcado de datos para la tabla `ospos_attribute_definitions`
--

INSERT INTO `ospos_attribute_definitions` (`definition_id`, `definition_name`, `definition_type`, `definition_unit`, `definition_flags`, `definition_fk`, `deleted`) VALUES
(1, 'Marca', 'TEXT', NULL, 7, NULL, 0),
(2, 'Presentación', 'TEXT', NULL, 7, NULL, 0),
(3, 'Medida', 'TEXT', NULL, 7, NULL, 0),
(4, 'Unidad de Medida', 'DROPDOWN', NULL, 7, NULL, 0),
(5, 'Fecha de Vencimiento', 'DATE', NULL, 7, NULL, 0);

-- --------------------------------------------------------

--
-- Estructura de tabla para la tabla `ospos_attribute_links`
--

DROP TABLE IF EXISTS `ospos_attribute_links`;
CREATE TABLE `ospos_attribute_links` (
  `attribute_id` int(11) DEFAULT NULL,
  `definition_id` int(11) NOT NULL,
  `item_id` int(11) DEFAULT NULL,
  `sale_id` int(11) DEFAULT NULL,
  `receiving_id` int(11) DEFAULT NULL
) ENGINE=InnoDB DEFAULT CHARSET=utf8;

--
-- Volcado de datos para la tabla `ospos_attribute_links`
--

INSERT INTO `ospos_attribute_links` (`attribute_id`, `definition_id`, `item_id`, `sale_id`, `receiving_id`) VALUES
(1, 2, 58, NULL, NULL),
(1, 2, 58, NULL, 159),
(1, 2, 59, NULL, NULL),
(1, 2, 59, NULL, 161),
(1, 2, 60, NULL, NULL),
(1, 2, 60, NULL, 31),
(1, 2, 60, NULL, 32),
(1, 2, 60, NULL, 33),
(1, 2, 61, NULL, NULL),
(1, 2, 61, NULL, 160),
(1, 2, 62, NULL, NULL),
(1, 2, 62, NULL, 111),
(1, 2, 62, 39, NULL),
(1, 2, 62, 56, NULL),
(1, 2, 62, 211, NULL),
(1, 2, 62, 211, NULL),
(1, 2, 129, NULL, NULL),
(1, 2, 129, NULL, 83),
(1, 2, 130, NULL, NULL),
(1, 2, 130, NULL, 84),
(1, 2, 130, NULL, 244),
(1, 2, 131, NULL, NULL),
(1, 2, 131, NULL, 85),
(1, 2, 138, NULL, NULL),
(1, 2, 138, NULL, 96),
(1, 2, 138, 142, NULL),
(1, 2, 138, 192, NULL),
(1, 2, 138, 207, NULL),
(1, 2, 139, NULL, NULL),
(1, 2, 139, NULL, 97),
(1, 2, 139, 33, NULL),
(1, 2, 139, 125, NULL),
(1, 2, 139, 214, NULL),
(1, 2, 154, NULL, NULL),
(1, 2, 154, NULL, 112),
(1, 2, 155, NULL, NULL),
(1, 2, 155, NULL, 113),
(1, 2, 180, NULL, NULL),
(1, 2, 180, NULL, 187),
(1, 2, 180, 48, NULL),
(1, 2, 180, 95, NULL),
(1, 2, 180, 95, NULL),
(1, 2, 180, 95, NULL),
(1, 2, 263, NULL, NULL),
(1, 2, 263, NULL, 219),
(1, 2, 264, NULL, NULL),
(1, 2, 264, NULL, 220),
(1, 2, 264, 211, NULL),
(1, 2, 265, NULL, NULL),
(1, 2, 265, NULL, 221),
(1, 2, 301, NULL, NULL),
(1, 2, 301, NULL, 237),
(1, 2, 302, NULL, NULL),
(1, 2, 302, NULL, 238),
(1, 2, 306, NULL, NULL),
(1, 2, 306, NULL, 242),
(1, 2, 315, NULL, NULL),
(1, 2, 315, NULL, 246),
(1, 2, 317, NULL, NULL),
(1, 2, 317, NULL, 248),
(1, 2, 317, NULL, 249),
(1, 2, 318, NULL, NULL),
(1, 2, 318, NULL, 250),
(1, 2, 319, NULL, NULL),
(1, 2, 319, NULL, 251),
(1, 2, 321, NULL, NULL),
(1, 2, 321, NULL, 253),
(1, 2, 325, NULL, NULL),
(1, 2, 325, NULL, 257),
(1, 2, 328, NULL, NULL),
(1, 2, 328, NULL, 259),
(1, 2, 328, 151, NULL),
(1, 2, 329, NULL, NULL),
(1, 2, 329, NULL, 260),
(1, 2, 360, NULL, NULL),
(1, 2, 360, NULL, 270),
(1, 2, 361, NULL, NULL),
(1, 2, 361, NULL, 271),
(1, 2, 361, 193, NULL),
(1, 2, 361, 201, NULL),
(1, 2, 362, NULL, NULL),
(1, 2, 362, NULL, 272),
(1, 4, NULL, NULL, NULL),
(1, 4, 119, NULL, NULL),
(1, 4, 119, NULL, 71),
(1, 4, 119, 170, NULL),
(2, 4, NULL, NULL, NULL),
(2, 4, 254, NULL, NULL),
(2, 4, 254, 110, NULL),
(2, 4, 255, NULL, NULL),
(2, 4, 255, 100, NULL),
(2, 4, 255, 100, NULL),
(2, 4, 255, 130, NULL),
(2, 4, 255, 131, NULL),
(2, 4, 255, 131, NULL),
(2, 4, 255, 131, NULL),
(2, 4, 308, NULL, NULL),
(2, 4, 313, NULL, NULL),
(2, 4, 313, 103, NULL),
(2, 4, 313, 111, NULL),
(3, 4, NULL, NULL, NULL),
(4, 4, NULL, NULL, NULL),
(4, 4, 1, NULL, 1),
(5, 2, 1, NULL, NULL),
(5, 2, 1, NULL, 1),
(5, 2, 1, 1, NULL),
(5, 2, 1, 1, NULL),
(5, 2, 1, 2, NULL),
(5, 2, 1, 2, NULL),
(5, 2, 2, NULL, NULL),
(5, 2, 2, NULL, 3),
(5, 2, 2, 140, NULL),
(5, 2, 3, NULL, NULL),
(5, 2, 3, NULL, 4),
(5, 2, 3, NULL, 7),
(5, 2, 3, NULL, 8),
(5, 2, 3, NULL, 9),
(5, 2, 3, NULL, 20),
(5, 2, 3, 91, NULL),
(5, 2, 3, 91, NULL),
(5, 2, 3, 91, NULL),
(5, 2, 3, 91, NULL),
(5, 2, 3, 95, NULL),
(5, 2, 3, 95, NULL),
(5, 2, 3, 95, NULL),
(5, 2, 4, NULL, NULL),
(5, 2, 4, NULL, 2),
(5, 2, 4, NULL, 5),
(5, 2, 4, 37, NULL),
(5, 2, 4, 148, NULL),
(5, 2, 5, NULL, NULL),
(5, 2, 5, NULL, 6),
(5, 2, 5, 20, NULL),
(5, 2, 5, 157, NULL),
(5, 2, 6, NULL, NULL),
(5, 2, 6, NULL, 10),
(5, 2, 6, 191, NULL),
(5, 2, 7, NULL, NULL),
(5, 2, 7, NULL, 11),
(5, 2, 7, 125, NULL),
(5, 2, 8, NULL, NULL),
(5, 2, 8, NULL, 12),
(5, 2, 8, 108, NULL),
(5, 2, 8, 192, NULL),
(5, 2, 9, NULL, NULL),
(5, 2, 9, NULL, 13),
(5, 2, 9, 86, NULL),
(5, 2, 9, 95, NULL),
(5, 2, 9, 95, NULL),
(5, 2, 9, 95, NULL),
(5, 2, 10, NULL, NULL),
(5, 2, 10, NULL, 14),
(5, 2, 10, 3, NULL),
(5, 2, 10, 4, NULL),
(5, 2, 10, 5, NULL),
(5, 2, 11, NULL, NULL),
(5, 2, 11, NULL, 15),
(5, 2, 11, 56, NULL),
(5, 2, 11, 61, NULL),
(5, 2, 12, NULL, NULL),
(5, 2, 12, NULL, 16),
(5, 2, 12, NULL, 17),
(5, 2, 12, NULL, 18),
(5, 2, 12, NULL, 19),
(5, 2, 13, NULL, NULL),
(5, 2, 13, NULL, 21),
(5, 2, 14, NULL, NULL),
(5, 2, 14, NULL, 36),
(5, 2, 15, NULL, NULL),
(5, 2, 15, NULL, 37),
(5, 2, 16, NULL, NULL),
(5, 2, 16, NULL, 39),
(5, 2, 17, NULL, NULL),
(5, 2, 17, 80, NULL),
(5, 2, 18, NULL, NULL),
(5, 2, 18, NULL, 40),
(5, 2, 18, 91, NULL),
(5, 2, 18, 91, NULL),
(5, 2, 18, 91, NULL),
(5, 2, 18, 91, NULL),
(5, 2, 18, 149, NULL),
(5, 2, 19, NULL, NULL),
(5, 2, 19, NULL, 72),
(5, 2, 19, 16, NULL),
(5, 2, 20, NULL, NULL),
(5, 2, 20, NULL, 38),
(5, 2, 20, 133, NULL),
(5, 2, 20, 192, NULL),
(5, 2, 20, 217, NULL),
(5, 2, 21, NULL, NULL),
(5, 2, 21, NULL, 70),
(5, 2, 21, 173, NULL),
(5, 2, 21, 175, NULL),
(5, 2, 22, NULL, NULL),
(5, 2, 22, NULL, 139),
(5, 2, 22, 202, NULL),
(5, 2, 23, NULL, NULL),
(5, 2, 23, NULL, 140),
(5, 2, 23, 118, NULL),
(5, 2, 23, 161, NULL),
(5, 2, 24, NULL, NULL),
(5, 2, 24, NULL, 141),
(5, 2, 24, 15, NULL),
(5, 2, 24, 124, NULL),
(5, 2, 25, NULL, NULL),
(5, 2, 25, NULL, 142),
(5, 2, 25, 15, NULL),
(5, 2, 25, 124, NULL),
(5, 2, 26, NULL, NULL),
(5, 2, 26, NULL, 143),
(5, 2, 26, 163, NULL),
(5, 2, 26, 222, NULL),
(5, 2, 27, NULL, NULL),
(5, 2, 27, NULL, 89),
(5, 2, 27, NULL, 144),
(5, 2, 27, 155, NULL),
(5, 2, 27, 155, NULL),
(5, 2, 27, 155, NULL),
(5, 2, 28, NULL, NULL),
(5, 2, 28, NULL, 145),
(5, 2, 28, NULL, 225),
(5, 2, 28, 53, NULL),
(5, 2, 28, 58, NULL),
(5, 2, 28, 64, NULL),
(5, 2, 29, NULL, NULL),
(5, 2, 29, NULL, 146),
(5, 2, 29, 155, NULL),
(5, 2, 29, 155, NULL),
(5, 2, 29, 155, NULL),
(5, 2, 30, NULL, NULL),
(5, 2, 30, NULL, 147),
(5, 2, 31, NULL, NULL),
(5, 2, 31, NULL, 148),
(5, 2, 31, 93, NULL),
(5, 2, 32, NULL, NULL),
(5, 2, 32, NULL, 149),
(5, 2, 33, NULL, NULL),
(5, 2, 33, NULL, 86),
(5, 2, 33, 50, NULL),
(5, 2, 33, 187, NULL),
(5, 2, 34, NULL, NULL),
(5, 2, 34, NULL, 150),
(5, 2, 34, 184, NULL),
(5, 2, 35, NULL, NULL),
(5, 2, 35, NULL, 114),
(5, 2, 35, 155, NULL),
(5, 2, 35, 155, NULL),
(5, 2, 35, 155, NULL),
(5, 2, 36, NULL, NULL),
(5, 2, 36, NULL, 151),
(5, 2, 36, 85, NULL),
(5, 2, 87, NULL, NULL),
(5, 2, 87, NULL, 81),
(5, 2, 87, 205, NULL),
(5, 2, 91, NULL, NULL),
(5, 2, 91, NULL, 41),
(5, 2, 91, 107, NULL),
(5, 2, 92, NULL, NULL),
(5, 2, 92, NULL, 43),
(5, 2, 92, 56, NULL),
(5, 2, 92, 155, NULL),
(5, 2, 92, 155, NULL),
(5, 2, 92, 155, NULL),
(5, 2, 93, NULL, NULL),
(5, 2, 93, NULL, 42),
(5, 2, 94, NULL, NULL),
(5, 2, 94, NULL, 44),
(5, 2, 95, NULL, NULL),
(5, 2, 95, NULL, 45),
(5, 2, 96, NULL, NULL),
(5, 2, 96, NULL, 46),
(5, 2, 97, NULL, NULL),
(5, 2, 97, NULL, 47),
(5, 2, 97, 6, NULL),
(5, 2, 98, NULL, NULL),
(5, 2, 98, NULL, 48),
(5, 2, 98, 7, NULL),
(5, 2, 98, 7, NULL),
(5, 2, 98, 7, NULL),
(5, 2, 99, NULL, NULL),
(5, 2, 99, NULL, 49),
(5, 2, 100, NULL, NULL),
(5, 2, 100, NULL, 50),
(5, 2, 100, NULL, 52),
(5, 2, 102, NULL, NULL),
(5, 2, 102, NULL, 53),
(5, 2, 102, 135, NULL),
(5, 2, 102, 158, NULL),
(5, 2, 102, 158, NULL),
(5, 2, 103, NULL, NULL),
(5, 2, 103, NULL, 54),
(5, 2, 104, NULL, NULL),
(5, 2, 104, NULL, 55),
(5, 2, 104, 106, NULL),
(5, 2, 105, NULL, NULL),
(5, 2, 105, NULL, 56),
(5, 2, 105, 60, NULL),
(5, 2, 106, NULL, NULL),
(5, 2, 106, NULL, 57),
(5, 2, 106, 39, NULL),
(5, 2, 106, 187, NULL),
(5, 2, 107, NULL, NULL),
(5, 2, 107, NULL, 58),
(5, 2, 108, NULL, NULL),
(5, 2, 108, NULL, 59),
(5, 2, 109, NULL, NULL),
(5, 2, 109, NULL, 60),
(5, 2, 109, 192, NULL),
(5, 2, 110, NULL, NULL),
(5, 2, 110, NULL, 61),
(5, 2, 111, NULL, NULL),
(5, 2, 111, NULL, 62),
(5, 2, 111, 70, NULL),
(5, 2, 111, 95, NULL),
(5, 2, 111, 95, NULL),
(5, 2, 111, 95, NULL),
(5, 2, 112, NULL, NULL),
(5, 2, 112, NULL, 63),
(5, 2, 112, 95, NULL),
(5, 2, 112, 95, NULL),
(5, 2, 112, 95, NULL),
(5, 2, 112, 96, NULL),
(5, 2, 112, 185, NULL),
(5, 2, 112, 219, NULL),
(5, 2, 113, NULL, NULL),
(5, 2, 113, NULL, 64),
(5, 2, 114, NULL, NULL),
(5, 2, 114, NULL, 65),
(5, 2, 115, NULL, NULL),
(5, 2, 115, NULL, 66),
(5, 2, 115, 172, NULL),
(5, 2, 115, 172, NULL),
(5, 2, 115, 172, NULL),
(5, 2, 115, 216, NULL),
(5, 2, 116, NULL, NULL),
(5, 2, 116, NULL, 67),
(5, 2, 117, NULL, NULL),
(5, 2, 117, NULL, 68),
(5, 2, 117, 55, NULL),
(5, 2, 117, 109, NULL),
(5, 2, 118, NULL, NULL),
(5, 2, 118, NULL, 69),
(5, 2, 118, 16, NULL),
(5, 2, 118, 55, NULL),
(5, 2, 118, 215, NULL),
(5, 2, 119, NULL, NULL),
(5, 2, 119, NULL, 71),
(5, 2, 119, 170, NULL),
(5, 2, 120, NULL, NULL),
(5, 2, 120, NULL, 73),
(5, 2, 121, NULL, NULL),
(5, 2, 121, NULL, 74),
(5, 2, 122, NULL, NULL),
(5, 2, 122, NULL, 75),
(5, 2, 123, NULL, NULL),
(5, 2, 123, NULL, 76),
(5, 2, 132, NULL, NULL),
(5, 2, 132, NULL, 87),
(5, 2, 132, NULL, 90),
(5, 2, 132, 64, NULL),
(5, 2, 132, 91, NULL),
(5, 2, 132, 91, NULL),
(5, 2, 132, 91, NULL),
(5, 2, 132, 208, NULL),
(5, 2, 132, 211, NULL),
(5, 2, 132, 211, NULL),
(5, 2, 134, NULL, NULL),
(5, 2, 134, NULL, 91),
(5, 2, 134, 96, NULL),
(5, 2, 143, NULL, NULL),
(5, 2, 143, NULL, 101),
(5, 2, 145, NULL, NULL),
(5, 2, 145, NULL, 103),
(5, 2, 145, 23, NULL),
(5, 2, 153, NULL, NULL),
(5, 2, 156, NULL, NULL),
(5, 2, 156, 21, NULL),
(5, 2, 156, 211, NULL),
(5, 2, 156, 211, NULL),
(5, 2, 157, NULL, NULL),
(5, 2, 157, NULL, 116),
(5, 2, 158, NULL, NULL),
(5, 2, 158, NULL, 118),
(5, 2, 158, 157, NULL),
(5, 2, 159, NULL, NULL),
(5, 2, 159, NULL, 117),
(5, 2, 184, NULL, NULL),
(5, 2, 184, NULL, 188),
(5, 2, 184, 83, NULL),
(5, 2, 184, 155, NULL),
(5, 2, 184, 155, NULL),
(5, 2, 184, 155, NULL),
(5, 2, 185, NULL, NULL),
(5, 2, 185, NULL, 189),
(5, 2, 262, NULL, NULL),
(5, 2, 262, NULL, 218),
(5, 2, 262, 185, NULL),
(5, 2, 262, 185, NULL),
(5, 2, 266, NULL, NULL),
(5, 2, 266, NULL, 222),
(5, 2, 266, 213, NULL),
(5, 2, 267, NULL, NULL),
(5, 2, 267, NULL, 223),
(5, 2, 267, 136, NULL),
(5, 2, 268, NULL, NULL),
(5, 2, 268, NULL, 224),
(5, 2, 271, NULL, NULL),
(5, 2, 271, NULL, 228),
(5, 2, 272, NULL, NULL),
(5, 2, 272, NULL, 229),
(5, 2, 274, NULL, NULL),
(5, 2, 274, NULL, 233),
(5, 2, 276, NULL, NULL),
(5, 2, 279, NULL, NULL),
(5, 2, 279, 192, NULL),
(5, 2, 280, NULL, NULL),
(5, 2, 282, NULL, NULL),
(5, 2, 282, 200, NULL),
(5, 2, 285, NULL, NULL),
(5, 2, 285, 80, NULL),
(5, 2, 286, NULL, NULL),
(5, 2, 286, 136, NULL),
(5, 2, 286, 145, NULL),
(5, 2, 286, 205, NULL),
(5, 2, 288, NULL, NULL),
(5, 2, 288, 66, NULL),
(5, 2, 290, NULL, NULL),
(5, 2, 290, NULL, 230),
(5, 2, 311, NULL, NULL),
(5, 2, 311, NULL, 243),
(5, 2, 312, NULL, NULL),
(5, 2, 312, 105, NULL),
(5, 2, 322, NULL, NULL),
(5, 2, 322, NULL, 254),
(5, 2, 323, NULL, NULL),
(5, 2, 323, NULL, 255),
(5, 2, 324, NULL, NULL),
(5, 2, 324, NULL, 256),
(5, 2, 324, 107, NULL),
(5, 2, 324, 136, NULL),
(5, 2, 324, 155, NULL),
(5, 2, 324, 170, NULL),
(5, 2, 327, NULL, NULL),
(5, 2, 327, NULL, 258),
(5, 2, 331, NULL, NULL),
(5, 2, 331, NULL, 262),
(5, 2, 332, NULL, NULL),
(5, 2, 332, NULL, 263),
(5, 2, 345, NULL, NULL),
(5, 2, 346, NULL, NULL),
(5, 2, 346, NULL, 265),
(5, 2, 346, 207, NULL),
(5, 2, 347, NULL, NULL),
(5, 2, 347, 153, NULL),
(5, 2, 347, 191, NULL),
(5, 2, 349, NULL, NULL),
(5, 2, 349, 158, NULL),
(5, 2, 356, NULL, NULL),
(5, 2, 356, NULL, 266),
(5, 2, 357, NULL, NULL),
(5, 2, 357, NULL, 267),
(5, 2, 368, NULL, NULL),
(5, 2, 369, NULL, NULL),
(5, 4, NULL, NULL, NULL),
(6, 4, NULL, NULL, NULL),
(7, 4, NULL, NULL, NULL),
(8, 4, NULL, NULL, NULL),
(9, 4, NULL, NULL, NULL),
(9, 4, 1, NULL, NULL),
(9, 4, 1, 1, NULL),
(9, 4, 1, 1, NULL),
(9, 4, 1, 2, NULL),
(9, 4, 1, 2, NULL),
(9, 4, 2, NULL, NULL),
(9, 4, 2, NULL, 3),
(9, 4, 2, 140, NULL),
(9, 4, 3, NULL, NULL),
(9, 4, 3, NULL, 4),
(9, 4, 3, NULL, 7),
(9, 4, 3, NULL, 8),
(9, 4, 3, NULL, 9),
(9, 4, 3, NULL, 20),
(9, 4, 3, 91, NULL),
(9, 4, 3, 91, NULL),
(9, 4, 3, 91, NULL),
(9, 4, 3, 91, NULL),
(9, 4, 3, 95, NULL),
(9, 4, 3, 95, NULL),
(9, 4, 3, 95, NULL),
(9, 4, 4, NULL, NULL),
(9, 4, 4, NULL, 2),
(9, 4, 4, NULL, 5),
(9, 4, 4, 37, NULL),
(9, 4, 4, 148, NULL),
(9, 4, 5, NULL, NULL),
(9, 4, 5, NULL, 6),
(9, 4, 5, 20, NULL),
(9, 4, 5, 157, NULL),
(9, 4, 6, NULL, NULL),
(9, 4, 6, NULL, 10),
(9, 4, 6, 191, NULL),
(9, 4, 7, NULL, NULL),
(9, 4, 7, NULL, 11),
(9, 4, 7, 125, NULL),
(9, 4, 8, NULL, NULL),
(9, 4, 8, NULL, 12),
(9, 4, 8, 108, NULL),
(9, 4, 8, 192, NULL),
(9, 4, 9, NULL, NULL),
(9, 4, 9, NULL, 13),
(9, 4, 9, 86, NULL),
(9, 4, 9, 95, NULL),
(9, 4, 9, 95, NULL),
(9, 4, 9, 95, NULL),
(9, 4, 10, NULL, NULL),
(9, 4, 10, NULL, 14),
(9, 4, 10, 3, NULL),
(9, 4, 10, 4, NULL),
(9, 4, 10, 5, NULL),
(9, 4, 11, NULL, NULL),
(9, 4, 11, NULL, 15),
(9, 4, 11, 56, NULL),
(9, 4, 11, 61, NULL),
(9, 4, 12, NULL, NULL),
(9, 4, 12, NULL, 16),
(9, 4, 12, NULL, 17),
(9, 4, 12, NULL, 18),
(9, 4, 12, NULL, 19),
(9, 4, 13, NULL, NULL),
(9, 4, 13, NULL, 21),
(9, 4, 14, NULL, NULL),
(9, 4, 14, NULL, 36),
(9, 4, 15, NULL, NULL),
(9, 4, 15, NULL, 37),
(9, 4, 16, NULL, NULL),
(9, 4, 16, NULL, 39),
(9, 4, 17, NULL, NULL),
(9, 4, 17, 80, NULL),
(9, 4, 18, NULL, NULL),
(9, 4, 18, NULL, 40),
(9, 4, 18, 91, NULL),
(9, 4, 18, 91, NULL),
(9, 4, 18, 91, NULL),
(9, 4, 18, 91, NULL),
(9, 4, 18, 149, NULL),
(9, 4, 19, NULL, NULL),
(9, 4, 19, NULL, 72),
(9, 4, 19, 16, NULL),
(9, 4, 20, NULL, NULL),
(9, 4, 20, NULL, 38),
(9, 4, 20, 133, NULL),
(9, 4, 20, 192, NULL),
(9, 4, 20, 217, NULL),
(9, 4, 21, NULL, NULL),
(9, 4, 21, NULL, 70),
(9, 4, 21, 173, NULL),
(9, 4, 21, 175, NULL),
(9, 4, 22, NULL, NULL),
(9, 4, 22, NULL, 139),
(9, 4, 22, 202, NULL),
(9, 4, 23, NULL, NULL),
(9, 4, 23, NULL, 140),
(9, 4, 23, 118, NULL),
(9, 4, 23, 161, NULL),
(9, 4, 24, NULL, NULL),
(9, 4, 24, NULL, 141),
(9, 4, 24, 15, NULL),
(9, 4, 24, 124, NULL),
(9, 4, 25, NULL, NULL),
(9, 4, 25, NULL, 142),
(9, 4, 25, 15, NULL),
(9, 4, 25, 124, NULL),
(9, 4, 26, NULL, NULL),
(9, 4, 26, NULL, 143),
(9, 4, 26, 163, NULL),
(9, 4, 26, 222, NULL),
(9, 4, 27, NULL, NULL),
(9, 4, 27, NULL, 89),
(9, 4, 27, NULL, 144),
(9, 4, 27, 155, NULL),
(9, 4, 27, 155, NULL),
(9, 4, 27, 155, NULL),
(9, 4, 28, NULL, NULL),
(9, 4, 28, NULL, 145),
(9, 4, 28, NULL, 225),
(9, 4, 28, 53, NULL),
(9, 4, 28, 58, NULL),
(9, 4, 28, 64, NULL),
(9, 4, 29, NULL, NULL),
(9, 4, 29, NULL, 146),
(9, 4, 29, 155, NULL),
(9, 4, 29, 155, NULL),
(9, 4, 29, 155, NULL),
(9, 4, 30, NULL, NULL),
(9, 4, 30, NULL, 147),
(9, 4, 31, NULL, NULL),
(9, 4, 31, NULL, 148),
(9, 4, 31, 93, NULL),
(9, 4, 32, NULL, NULL),
(9, 4, 32, NULL, 149),
(9, 4, 33, NULL, NULL),
(9, 4, 33, NULL, 86),
(9, 4, 33, 50, NULL),
(9, 4, 33, 187, NULL),
(9, 4, 34, NULL, NULL),
(9, 4, 34, NULL, 150),
(9, 4, 34, 184, NULL),
(9, 4, 35, NULL, NULL),
(9, 4, 35, NULL, 114),
(9, 4, 35, 155, NULL),
(9, 4, 35, 155, NULL),
(9, 4, 35, 155, NULL),
(9, 4, 36, NULL, NULL),
(9, 4, 36, NULL, 151),
(9, 4, 36, 85, NULL),
(9, 4, 37, NULL, NULL),
(9, 4, 37, NULL, 152),
(9, 4, 38, NULL, NULL),
(9, 4, 38, NULL, 153),
(9, 4, 39, NULL, NULL),
(9, 4, 39, NULL, 154),
(9, 4, 39, 55, NULL),
(9, 4, 40, NULL, NULL),
(9, 4, 40, NULL, 155),
(9, 4, 40, 63, NULL),
(9, 4, 40, 69, NULL),
(9, 4, 40, 87, NULL),
(9, 4, 41, NULL, NULL),
(9, 4, 41, NULL, 157),
(9, 4, 41, 191, NULL),
(9, 4, 42, NULL, NULL),
(9, 4, 42, NULL, 136),
(9, 4, 42, NULL, 137),
(9, 4, 42, 150, NULL),
(9, 4, 42, 194, NULL),
(9, 4, 43, NULL, NULL),
(9, 4, 43, NULL, 134),
(9, 4, 43, 16, NULL),
(9, 4, 43, 56, NULL),
(9, 4, 43, 141, NULL),
(9, 4, 43, 143, NULL),
(9, 4, 43, 143, NULL),
(9, 4, 43, 143, NULL),
(9, 4, 44, NULL, NULL),
(9, 4, 44, NULL, 135),
(9, 4, 45, NULL, NULL),
(9, 4, 45, NULL, 128),
(9, 4, 45, 24, NULL),
(9, 4, 45, 25, NULL),
(9, 4, 45, 70, NULL),
(9, 4, 45, 112, NULL),
(9, 4, 45, 194, NULL),
(9, 4, 46, NULL, NULL),
(9, 4, 46, NULL, 129),
(9, 4, 46, 221, NULL),
(9, 4, 47, NULL, NULL),
(9, 4, 47, NULL, 22),
(9, 4, 47, 69, NULL),
(9, 4, 48, NULL, NULL),
(9, 4, 48, NULL, 23),
(9, 4, 48, 40, NULL),
(9, 4, 48, 186, NULL),
(9, 4, 49, NULL, NULL),
(9, 4, 49, NULL, 24),
(9, 4, 49, NULL, 197),
(9, 4, 50, NULL, NULL),
(9, 4, 50, NULL, 25),
(9, 4, 50, 16, NULL),
(9, 4, 50, 36, NULL),
(9, 4, 50, 61, NULL),
(9, 4, 51, NULL, NULL),
(9, 4, 51, NULL, 26),
(9, 4, 51, NULL, 193),
(9, 4, 51, 43, NULL),
(9, 4, 51, 45, NULL),
(9, 4, 51, 115, NULL),
(9, 4, 51, 120, NULL),
(9, 4, 51, 177, NULL),
(9, 4, 51, 177, NULL),
(9, 4, 51, 178, NULL),
(9, 4, 52, NULL, NULL),
(9, 4, 52, NULL, 27),
(9, 4, 52, NULL, 195),
(9, 4, 52, 49, NULL),
(9, 4, 52, 141, NULL),
(9, 4, 52, 189, NULL),
(9, 4, 52, 189, NULL),
(9, 4, 52, 194, NULL),
(9, 4, 52, 215, NULL),
(9, 4, 53, NULL, NULL),
(9, 4, 53, NULL, 28),
(9, 4, 53, 46, NULL),
(9, 4, 53, 58, NULL),
(9, 4, 53, 117, NULL),
(9, 4, 54, NULL, NULL),
(9, 4, 54, NULL, 132),
(9, 4, 54, 14, NULL),
(9, 4, 54, 72, NULL),
(9, 4, 54, 82, NULL),
(9, 4, 54, 92, NULL),
(9, 4, 54, 92, NULL),
(9, 4, 54, 102, NULL),
(9, 4, 54, 119, NULL),
(9, 4, 54, 128, NULL),
(9, 4, 54, 131, NULL),
(9, 4, 54, 131, NULL),
(9, 4, 54, 131, NULL),
(9, 4, 54, 134, NULL),
(9, 4, 54, 181, NULL),
(9, 4, 54, 188, NULL),
(9, 4, 54, 193, NULL),
(9, 4, 54, 194, NULL),
(9, 4, 54, 220, NULL),
(9, 4, 55, NULL, NULL),
(9, 4, 55, NULL, 158),
(9, 4, 55, 23, NULL),
(9, 4, 55, 32, NULL),
(9, 4, 55, 70, NULL),
(9, 4, 55, 99, NULL),
(9, 4, 55, 132, NULL),
(9, 4, 55, 141, NULL),
(9, 4, 55, 166, NULL),
(9, 4, 55, 168, NULL),
(9, 4, 55, 182, NULL),
(9, 4, 55, 194, NULL),
(9, 4, 55, 200, NULL),
(9, 4, 56, NULL, NULL),
(9, 4, 56, NULL, 34),
(9, 4, 56, 182, NULL),
(9, 4, 57, NULL, NULL),
(9, 4, 57, NULL, 30),
(9, 4, 57, 126, NULL),
(9, 4, 57, 159, NULL),
(9, 4, 58, NULL, NULL),
(9, 4, 58, NULL, 159),
(9, 4, 59, NULL, NULL),
(9, 4, 59, NULL, 161),
(9, 4, 60, NULL, NULL),
(9, 4, 60, NULL, 31),
(9, 4, 60, NULL, 32),
(9, 4, 60, NULL, 33),
(9, 4, 61, NULL, NULL),
(9, 4, 61, NULL, 160),
(9, 4, 62, NULL, NULL),
(9, 4, 62, NULL, 111),
(9, 4, 62, 39, NULL),
(9, 4, 62, 56, NULL),
(9, 4, 62, 211, NULL),
(9, 4, 62, 211, NULL),
(9, 4, 63, NULL, NULL),
(9, 4, 63, NULL, 162),
(9, 4, 63, 7, NULL),
(9, 4, 63, 7, NULL),
(9, 4, 63, 57, NULL),
(9, 4, 63, 91, NULL),
(9, 4, 63, 91, NULL),
(9, 4, 63, 91, NULL),
(9, 4, 63, 91, NULL),
(9, 4, 64, NULL, NULL),
(9, 4, 64, NULL, 163),
(9, 4, 65, NULL, NULL),
(9, 4, 65, NULL, 164),
(9, 4, 66, NULL, NULL),
(9, 4, 66, NULL, 165),
(9, 4, 66, 57, NULL),
(9, 4, 66, 91, NULL),
(9, 4, 66, 91, NULL),
(9, 4, 66, 91, NULL),
(9, 4, 66, 91, NULL),
(9, 4, 67, NULL, NULL),
(9, 4, 67, NULL, 166),
(9, 4, 67, 21, NULL),
(9, 4, 68, NULL, NULL),
(9, 4, 68, NULL, 167),
(9, 4, 68, 20, NULL),
(9, 4, 68, 155, NULL),
(9, 4, 68, 155, NULL),
(9, 4, 68, 155, NULL),
(9, 4, 69, NULL, NULL),
(9, 4, 69, NULL, 169),
(9, 4, 69, 129, NULL),
(9, 4, 70, NULL, NULL),
(9, 4, 70, NULL, 168),
(9, 4, 70, NULL, 194),
(9, 4, 71, NULL, NULL),
(9, 4, 71, NULL, 170),
(9, 4, 71, 17, NULL),
(9, 4, 71, 43, NULL),
(9, 4, 71, 45, NULL),
(9, 4, 71, 141, NULL),
(9, 4, 71, 207, NULL),
(9, 4, 72, NULL, NULL),
(9, 4, 72, NULL, 156),
(9, 4, 73, NULL, NULL),
(9, 4, 73, NULL, 174),
(9, 4, 74, NULL, NULL),
(9, 4, 74, NULL, 175),
(9, 4, 75, NULL, NULL),
(9, 4, 75, NULL, 176),
(9, 4, 76, NULL, NULL),
(9, 4, 76, NULL, 180),
(9, 4, 77, NULL, NULL),
(9, 4, 77, NULL, 178),
(9, 4, 77, 144, NULL),
(9, 4, 77, 144, NULL),
(9, 4, 77, 197, NULL),
(9, 4, 77, 198, NULL),
(9, 4, 78, NULL, NULL),
(9, 4, 78, NULL, 179),
(9, 4, 78, 204, NULL),
(9, 4, 78, 206, NULL),
(9, 4, 79, NULL, NULL),
(9, 4, 79, NULL, 177),
(9, 4, 79, 104, NULL),
(9, 4, 79, 144, NULL),
(9, 4, 79, 144, NULL),
(9, 4, 79, 204, NULL),
(9, 4, 79, 206, NULL),
(9, 4, 80, NULL, NULL),
(9, 4, 80, NULL, 173),
(9, 4, 81, NULL, NULL),
(9, 4, 81, NULL, 171),
(9, 4, 82, NULL, NULL),
(9, 4, 82, NULL, 181),
(9, 4, 83, NULL, NULL),
(9, 4, 83, NULL, 172),
(9, 4, 84, NULL, NULL),
(9, 4, 84, NULL, 182),
(9, 4, 84, 54, NULL),
(9, 4, 84, 174, NULL),
(9, 4, 85, NULL, NULL),
(9, 4, 85, NULL, 183),
(9, 4, 86, NULL, NULL),
(9, 4, 86, NULL, 184),
(9, 4, 86, 98, NULL),
(9, 4, 86, 203, NULL),
(9, 4, 87, NULL, NULL),
(9, 4, 87, NULL, 81),
(9, 4, 87, 205, NULL),
(9, 4, 88, NULL, NULL),
(9, 4, 88, NULL, 92),
(9, 4, 89, NULL, NULL),
(9, 4, 89, NULL, 29),
(9, 4, 89, 105, NULL),
(9, 4, 89, 155, NULL),
(9, 4, 89, 155, NULL),
(9, 4, 89, 155, NULL),
(9, 4, 90, NULL, NULL),
(9, 4, 90, NULL, 35),
(9, 4, 90, 64, NULL),
(9, 4, 90, 141, NULL),
(9, 4, 90, 162, NULL),
(9, 4, 91, NULL, NULL),
(9, 4, 91, NULL, 41),
(9, 4, 91, 107, NULL),
(9, 4, 92, NULL, NULL),
(9, 4, 92, NULL, 43),
(9, 4, 92, 56, NULL),
(9, 4, 92, 155, NULL),
(9, 4, 92, 155, NULL),
(9, 4, 92, 155, NULL),
(9, 4, 93, NULL, NULL),
(9, 4, 93, NULL, 42),
(9, 4, 94, NULL, NULL),
(9, 4, 94, NULL, 44),
(9, 4, 95, NULL, NULL),
(9, 4, 95, NULL, 45),
(9, 4, 96, NULL, NULL),
(9, 4, 96, NULL, 46),
(9, 4, 97, NULL, NULL),
(9, 4, 97, NULL, 47),
(9, 4, 97, 6, NULL),
(9, 4, 98, NULL, NULL),
(9, 4, 98, NULL, 48),
(9, 4, 98, 7, NULL),
(9, 4, 98, 7, NULL),
(9, 4, 98, 7, NULL),
(9, 4, 99, NULL, NULL),
(9, 4, 99, NULL, 49),
(9, 4, 100, NULL, NULL),
(9, 4, 100, NULL, 50),
(9, 4, 100, NULL, 52),
(9, 4, 101, NULL, NULL),
(9, 4, 101, NULL, 51),
(9, 4, 102, NULL, NULL),
(9, 4, 102, NULL, 53),
(9, 4, 102, 135, NULL),
(9, 4, 102, 158, NULL),
(9, 4, 102, 158, NULL),
(9, 4, 103, NULL, NULL),
(9, 4, 103, NULL, 54),
(9, 4, 104, NULL, NULL),
(9, 4, 104, NULL, 55),
(9, 4, 104, 106, NULL),
(9, 4, 105, NULL, NULL),
(9, 4, 105, NULL, 56),
(9, 4, 105, 60, NULL),
(9, 4, 106, NULL, NULL),
(9, 4, 106, NULL, 57),
(9, 4, 106, 39, NULL),
(9, 4, 106, 187, NULL),
(9, 4, 107, NULL, NULL),
(9, 4, 107, NULL, 58),
(9, 4, 108, NULL, NULL),
(9, 4, 108, NULL, 59),
(9, 4, 109, NULL, NULL),
(9, 4, 109, NULL, 60),
(9, 4, 109, 192, NULL),
(9, 4, 110, NULL, NULL),
(9, 4, 110, NULL, 61),
(9, 4, 111, NULL, NULL),
(9, 4, 111, NULL, 62),
(9, 4, 111, 70, NULL),
(9, 4, 111, 95, NULL),
(9, 4, 111, 95, NULL),
(9, 4, 111, 95, NULL),
(9, 4, 112, NULL, NULL),
(9, 4, 112, NULL, 63),
(9, 4, 112, 95, NULL),
(9, 4, 112, 95, NULL),
(9, 4, 112, 95, NULL),
(9, 4, 112, 96, NULL),
(9, 4, 112, 185, NULL),
(9, 4, 112, 219, NULL),
(9, 4, 113, NULL, NULL),
(9, 4, 113, NULL, 64),
(9, 4, 114, NULL, NULL),
(9, 4, 114, NULL, 65),
(9, 4, 115, NULL, NULL),
(9, 4, 115, NULL, 66),
(9, 4, 115, 172, NULL),
(9, 4, 115, 172, NULL),
(9, 4, 115, 172, NULL),
(9, 4, 115, 216, NULL),
(9, 4, 116, NULL, NULL),
(9, 4, 116, NULL, 67),
(9, 4, 117, NULL, NULL),
(9, 4, 117, NULL, 68),
(9, 4, 117, 55, NULL),
(9, 4, 117, 109, NULL),
(9, 4, 118, NULL, NULL),
(9, 4, 118, NULL, 69),
(9, 4, 118, 16, NULL),
(9, 4, 118, 55, NULL),
(9, 4, 118, 215, NULL),
(9, 4, 120, NULL, NULL),
(9, 4, 120, NULL, 73),
(9, 4, 121, NULL, NULL),
(9, 4, 121, NULL, 74),
(9, 4, 122, NULL, NULL),
(9, 4, 122, NULL, 75),
(9, 4, 123, NULL, NULL),
(9, 4, 123, NULL, 76),
(9, 4, 124, NULL, NULL),
(9, 4, 124, NULL, 77),
(9, 4, 124, 15, NULL),
(9, 4, 125, NULL, NULL),
(9, 4, 125, NULL, 78),
(9, 4, 125, 59, NULL),
(9, 4, 125, 65, NULL),
(9, 4, 125, 67, NULL),
(9, 4, 125, 68, NULL),
(9, 4, 125, 148, NULL),
(9, 4, 125, 179, NULL),
(9, 4, 125, 183, NULL),
(9, 4, 125, 183, NULL),
(9, 4, 125, 220, NULL),
(9, 4, 126, NULL, NULL),
(9, 4, 126, NULL, 79),
(9, 4, 126, 15, NULL),
(9, 4, 126, 219, NULL),
(9, 4, 127, NULL, NULL),
(9, 4, 127, NULL, 80),
(9, 4, 128, NULL, NULL),
(9, 4, 128, NULL, 82),
(9, 4, 128, NULL, 124),
(9, 4, 128, NULL, 234),
(9, 4, 129, NULL, NULL),
(9, 4, 129, NULL, 83),
(9, 4, 130, NULL, NULL),
(9, 4, 130, NULL, 84),
(9, 4, 130, NULL, 244),
(9, 4, 131, NULL, NULL),
(9, 4, 131, NULL, 85),
(9, 4, 132, NULL, NULL),
(9, 4, 132, NULL, 87),
(9, 4, 132, NULL, 90),
(9, 4, 132, 64, NULL),
(9, 4, 132, 91, NULL),
(9, 4, 132, 91, NULL),
(9, 4, 132, 91, NULL),
(9, 4, 132, 208, NULL),
(9, 4, 132, 211, NULL),
(9, 4, 132, 211, NULL),
(9, 4, 133, NULL, NULL),
(9, 4, 133, NULL, 88),
(9, 4, 133, 16, NULL),
(9, 4, 133, 70, NULL),
(9, 4, 134, NULL, NULL),
(9, 4, 134, NULL, 91),
(9, 4, 134, 96, NULL),
(9, 4, 135, NULL, NULL),
(9, 4, 135, NULL, 93),
(9, 4, 135, 98, NULL),
(9, 4, 135, 127, NULL),
(9, 4, 135, 146, NULL),
(9, 4, 135, 193, NULL),
(9, 4, 136, NULL, NULL),
(9, 4, 136, NULL, 94),
(9, 4, 136, 44, NULL),
(9, 4, 136, 112, NULL),
(9, 4, 136, 144, NULL),
(9, 4, 136, 144, NULL),
(9, 4, 137, NULL, NULL),
(9, 4, 137, NULL, 95),
(9, 4, 137, 42, NULL),
(9, 4, 137, 73, NULL),
(9, 4, 137, 125, NULL),
(9, 4, 137, 132, NULL),
(9, 4, 137, 140, NULL),
(9, 4, 137, 142, NULL),
(9, 4, 137, 193, NULL),
(9, 4, 137, 194, NULL),
(9, 4, 138, NULL, NULL),
(9, 4, 138, NULL, 96),
(9, 4, 138, 142, NULL),
(9, 4, 138, 192, NULL),
(9, 4, 138, 207, NULL),
(9, 4, 139, NULL, NULL),
(9, 4, 139, NULL, 97),
(9, 4, 139, 33, NULL),
(9, 4, 139, 125, NULL),
(9, 4, 139, 214, NULL),
(9, 4, 140, NULL, NULL),
(9, 4, 140, NULL, 98),
(9, 4, 140, 61, NULL),
(9, 4, 140, 142, NULL),
(9, 4, 141, NULL, NULL),
(9, 4, 141, NULL, 99),
(9, 4, 142, NULL, NULL),
(9, 4, 142, NULL, 100),
(9, 4, 142, 193, NULL),
(9, 4, 143, NULL, NULL),
(9, 4, 143, NULL, 101),
(9, 4, 144, NULL, NULL),
(9, 4, 144, NULL, 102),
(9, 4, 145, NULL, NULL),
(9, 4, 145, NULL, 103),
(9, 4, 145, 23, NULL),
(9, 4, 146, NULL, NULL),
(9, 4, 146, NULL, 104),
(9, 4, 146, 145, NULL),
(9, 4, 147, NULL, NULL),
(9, 4, 147, NULL, 105),
(9, 4, 148, NULL, NULL),
(9, 4, 148, NULL, 106),
(9, 4, 148, 20, NULL),
(9, 4, 148, 105, NULL),
(9, 4, 148, 173, NULL),
(9, 4, 148, 175, NULL),
(9, 4, 148, 184, NULL),
(9, 4, 149, NULL, NULL),
(9, 4, 149, NULL, 107),
(9, 4, 150, NULL, NULL),
(9, 4, 150, NULL, 108),
(9, 4, 151, NULL, NULL),
(9, 4, 151, NULL, 109),
(9, 4, 152, NULL, NULL),
(9, 4, 152, NULL, 110),
(9, 4, 152, 216, NULL),
(9, 4, 153, NULL, NULL),
(9, 4, 154, NULL, NULL),
(9, 4, 154, NULL, 112),
(9, 4, 155, NULL, NULL),
(9, 4, 155, NULL, 113),
(9, 4, 156, NULL, NULL),
(9, 4, 156, 21, NULL),
(9, 4, 156, 211, NULL),
(9, 4, 156, 211, NULL),
(9, 4, 157, NULL, NULL),
(9, 4, 157, NULL, 116),
(9, 4, 158, NULL, NULL),
(9, 4, 158, NULL, 118),
(9, 4, 158, 157, NULL),
(9, 4, 159, NULL, NULL),
(9, 4, 159, NULL, 117),
(9, 4, 160, NULL, NULL),
(9, 4, 160, NULL, 119),
(9, 4, 161, NULL, NULL),
(9, 4, 161, NULL, 120),
(9, 4, 162, NULL, NULL),
(9, 4, 162, NULL, 121),
(9, 4, 162, 222, NULL),
(9, 4, 163, NULL, NULL),
(9, 4, 163, 141, NULL),
(9, 4, 164, NULL, NULL),
(9, 4, 164, NULL, 123),
(9, 4, 164, 8, NULL),
(9, 4, 164, 9, NULL),
(9, 4, 164, 10, NULL),
(9, 4, 164, 11, NULL),
(9, 4, 164, 12, NULL),
(9, 4, 164, 13, NULL),
(9, 4, 164, 97, NULL),
(9, 4, 165, NULL, NULL),
(9, 4, 165, NULL, 125),
(9, 4, 166, NULL, NULL),
(9, 4, 166, NULL, 126),
(9, 4, 167, NULL, NULL),
(9, 4, 167, NULL, 127),
(9, 4, 167, 94, NULL),
(9, 4, 167, 215, NULL),
(9, 4, 168, NULL, NULL),
(9, 4, 168, NULL, 130),
(9, 4, 169, NULL, NULL),
(9, 4, 169, NULL, 131),
(9, 4, 170, NULL, NULL),
(9, 4, 170, NULL, 133),
(9, 4, 171, NULL, NULL),
(9, 4, 171, NULL, 138),
(9, 4, 171, 91, NULL),
(9, 4, 171, 91, NULL),
(9, 4, 171, 91, NULL),
(9, 4, 171, 91, NULL),
(9, 4, 171, 155, NULL),
(9, 4, 171, 155, NULL),
(9, 4, 171, 155, NULL),
(9, 4, 171, 157, NULL),
(9, 4, 172, NULL, NULL),
(9, 4, 172, 18, NULL),
(9, 4, 172, 18, NULL),
(9, 4, 172, 19, NULL),
(9, 4, 172, 22, NULL),
(9, 4, 173, NULL, NULL),
(9, 4, 173, NULL, 185),
(9, 4, 173, 39, NULL),
(9, 4, 174, NULL, NULL),
(9, 4, 175, NULL, NULL),
(9, 4, 175, NULL, 186),
(9, 4, 176, NULL, NULL),
(9, 4, 177, NULL, NULL),
(9, 4, 178, NULL, NULL),
(9, 4, 178, 103, NULL),
(9, 4, 178, 103, NULL),
(9, 4, 179, NULL, NULL),
(9, 4, 179, 160, NULL),
(9, 4, 179, 167, NULL),
(9, 4, 179, 167, NULL),
(9, 4, 179, 190, NULL),
(9, 4, 179, 209, NULL),
(9, 4, 179, 209, NULL),
(9, 4, 179, 210, NULL),
(9, 4, 179, 210, NULL),
(9, 4, 179, 210, NULL),
(9, 4, 179, 212, NULL),
(9, 4, 180, NULL, NULL),
(9, 4, 180, NULL, 187),
(9, 4, 180, 48, NULL),
(9, 4, 180, 95, NULL),
(9, 4, 180, 95, NULL),
(9, 4, 180, 95, NULL),
(9, 4, 181, NULL, NULL),
(9, 4, 182, NULL, NULL),
(9, 4, 183, NULL, NULL),
(9, 4, 183, 73, NULL),
(9, 4, 183, 78, NULL),
(9, 4, 183, 79, NULL),
(9, 4, 183, 87, NULL),
(9, 4, 183, 134, NULL),
(9, 4, 183, 204, NULL),
(9, 4, 183, 206, NULL),
(9, 4, 183, 206, NULL),
(9, 4, 184, NULL, NULL),
(9, 4, 184, NULL, 188),
(9, 4, 184, 83, NULL),
(9, 4, 184, 155, NULL),
(9, 4, 184, 155, NULL),
(9, 4, 184, 155, NULL),
(9, 4, 185, NULL, NULL),
(9, 4, 185, NULL, 189),
(9, 4, 186, NULL, NULL),
(9, 4, 186, 26, NULL),
(9, 4, 186, 26, NULL),
(9, 4, 186, 27, NULL),
(9, 4, 186, 27, NULL),
(9, 4, 186, 28, NULL),
(9, 4, 186, 29, NULL),
(9, 4, 186, 30, NULL),
(9, 4, 186, 31, NULL),
(9, 4, 186, 34, NULL),
(9, 4, 186, 35, NULL),
(9, 4, 186, 47, NULL),
(9, 4, 186, 113, NULL),
(9, 4, 186, 114, NULL),
(9, 4, 186, 116, NULL),
(9, 4, 186, 119, NULL),
(9, 4, 186, 120, NULL),
(9, 4, 186, 121, NULL),
(9, 4, 186, 122, NULL),
(9, 4, 186, 123, NULL),
(9, 4, 186, 130, NULL),
(9, 4, 186, 154, NULL),
(9, 4, 186, 164, NULL),
(9, 4, 186, 165, NULL),
(9, 4, 186, 167, NULL),
(9, 4, 186, 167, NULL),
(9, 4, 186, 169, NULL),
(9, 4, 186, 171, NULL),
(9, 4, 186, 171, NULL),
(9, 4, 186, 176, NULL),
(9, 4, 186, 180, NULL),
(9, 4, 186, 218, NULL),
(9, 4, 187, NULL, NULL),
(9, 4, 187, NULL, 190),
(9, 4, 187, 41, NULL),
(9, 4, 187, 47, NULL),
(9, 4, 188, NULL, NULL),
(9, 4, 188, 35, NULL),
(9, 4, 188, 130, NULL),
(9, 4, 188, 171, NULL),
(9, 4, 188, 171, NULL),
(9, 4, 189, NULL, NULL),
(9, 4, 189, NULL, 191),
(9, 4, 189, 38, NULL),
(9, 4, 189, 62, NULL),
(9, 4, 190, NULL, NULL),
(9, 4, 190, NULL, 192),
(9, 4, 191, NULL, NULL),
(9, 4, 191, NULL, 196),
(9, 4, 192, NULL, NULL),
(9, 4, 192, NULL, 198),
(9, 4, 192, 84, NULL),
(9, 4, 192, 132, NULL),
(9, 4, 192, 135, NULL),
(9, 4, 192, 193, NULL),
(9, 4, 192, 209, NULL),
(9, 4, 192, 210, NULL),
(9, 4, 193, NULL, NULL),
(9, 4, 193, 204, NULL),
(9, 4, 193, 206, NULL),
(9, 4, 193, 206, NULL),
(9, 4, 193, 206, NULL),
(9, 4, 194, NULL, NULL),
(9, 4, 195, NULL, NULL),
(9, 4, 195, NULL, 199),
(9, 4, 196, NULL, NULL),
(9, 4, 196, NULL, 200),
(9, 4, 197, NULL, NULL),
(9, 4, 197, 131, NULL),
(9, 4, 197, 131, NULL),
(9, 4, 197, 131, NULL),
(9, 4, 198, NULL, NULL),
(9, 4, 198, NULL, 201),
(9, 4, 199, NULL, NULL),
(9, 4, 199, 131, NULL),
(9, 4, 199, 131, NULL),
(9, 4, 199, 131, NULL),
(9, 4, 199, 131, NULL),
(9, 4, 199, 131, NULL),
(9, 4, 200, NULL, NULL),
(9, 4, 200, NULL, 202),
(9, 4, 201, NULL, NULL),
(9, 4, 202, NULL, NULL),
(9, 4, 202, NULL, 203),
(9, 4, 203, NULL, NULL),
(9, 4, 203, NULL, 204),
(9, 4, 204, NULL, NULL),
(9, 4, 205, NULL, NULL),
(9, 4, 206, NULL, NULL),
(9, 4, 207, NULL, NULL),
(9, 4, 208, NULL, NULL),
(9, 4, 208, NULL, 205),
(9, 4, 209, NULL, NULL),
(9, 4, 210, NULL, NULL),
(9, 4, 210, 77, NULL),
(9, 4, 210, 85, NULL),
(9, 4, 211, NULL, NULL),
(9, 4, 212, NULL, NULL),
(9, 4, 212, NULL, 206),
(9, 4, 213, NULL, NULL),
(9, 4, 214, NULL, NULL),
(9, 4, 215, NULL, NULL),
(9, 4, 215, NULL, 207),
(9, 4, 216, NULL, NULL),
(9, 4, 217, NULL, NULL),
(9, 4, 218, NULL, NULL),
(9, 4, 219, NULL, NULL),
(9, 4, 219, NULL, 208),
(9, 4, 220, NULL, NULL),
(9, 4, 221, NULL, NULL),
(9, 4, 222, NULL, NULL),
(9, 4, 223, NULL, NULL),
(9, 4, 223, NULL, 209),
(9, 4, 223, NULL, 210),
(9, 4, 224, NULL, NULL),
(9, 4, 225, NULL, NULL),
(9, 4, 226, NULL, NULL),
(9, 4, 227, NULL, NULL),
(9, 4, 228, NULL, NULL),
(9, 4, 229, NULL, NULL),
(9, 4, 229, 104, NULL),
(9, 4, 230, NULL, NULL),
(9, 4, 231, NULL, NULL),
(9, 4, 231, 77, NULL),
(9, 4, 231, 87, NULL),
(9, 4, 231, 102, NULL),
(9, 4, 231, 103, NULL),
(9, 4, 231, 103, NULL),
(9, 4, 232, NULL, NULL),
(9, 4, 232, NULL, 211),
(9, 4, 233, NULL, NULL),
(9, 4, 234, NULL, NULL),
(9, 4, 234, 134, NULL),
(9, 4, 235, NULL, NULL),
(9, 4, 236, NULL, NULL),
(9, 4, 237, NULL, NULL),
(9, 4, 238, NULL, NULL),
(9, 4, 238, 73, NULL),
(9, 4, 239, NULL, NULL),
(9, 4, 239, NULL, 212),
(9, 4, 240, NULL, NULL),
(9, 4, 241, NULL, NULL),
(9, 4, 241, 204, NULL),
(9, 4, 241, 206, NULL),
(9, 4, 242, NULL, NULL),
(9, 4, 242, 204, NULL),
(9, 4, 242, 206, NULL),
(9, 4, 242, 206, NULL),
(9, 4, 242, 206, NULL),
(9, 4, 243, NULL, NULL),
(9, 4, 243, NULL, 213),
(9, 4, 244, NULL, NULL),
(9, 4, 245, NULL, NULL),
(9, 4, 246, NULL, NULL),
(9, 4, 247, NULL, NULL),
(9, 4, 248, NULL, NULL),
(9, 4, 248, NULL, 214),
(9, 4, 248, NULL, 215),
(9, 4, 248, NULL, 216),
(9, 4, 248, 94, NULL),
(9, 4, 249, NULL, NULL),
(9, 4, 249, 78, NULL),
(9, 4, 250, NULL, NULL),
(9, 4, 250, 100, NULL),
(9, 4, 250, 100, NULL),
(9, 4, 251, NULL, NULL),
(9, 4, 252, NULL, NULL),
(9, 4, 252, 49, NULL),
(9, 4, 252, 87, NULL),
(9, 4, 252, 100, NULL),
(9, 4, 252, 100, NULL),
(9, 4, 252, 131, NULL),
(9, 4, 252, 131, NULL),
(9, 4, 252, 131, NULL),
(9, 4, 252, 189, NULL),
(9, 4, 252, 189, NULL),
(9, 4, 253, NULL, NULL),
(9, 4, 256, NULL, NULL),
(9, 4, 256, 48, NULL),
(9, 4, 257, NULL, NULL),
(9, 4, 257, 51, NULL),
(9, 4, 257, 110, NULL),
(9, 4, 257, 177, NULL),
(9, 4, 257, 177, NULL),
(9, 4, 257, 177, NULL),
(9, 4, 259, NULL, NULL),
(9, 4, 259, 52, NULL),
(9, 4, 260, NULL, NULL),
(9, 4, 260, 52, NULL),
(9, 4, 260, 53, NULL),
(9, 4, 260, 90, NULL),
(9, 4, 260, 147, NULL),
(9, 4, 260, 147, NULL),
(9, 4, 260, 152, NULL),
(9, 4, 260, 196, NULL),
(9, 4, 260, 197, NULL),
(9, 4, 260, 199, NULL),
(9, 4, 261, NULL, NULL),
(9, 4, 261, 54, NULL),
(9, 4, 261, 199, NULL),
(9, 4, 262, NULL, NULL),
(9, 4, 262, NULL, 218),
(9, 4, 262, 185, NULL),
(9, 4, 262, 185, NULL),
(9, 4, 263, NULL, NULL),
(9, 4, 263, NULL, 219),
(9, 4, 264, NULL, NULL),
(9, 4, 264, NULL, 220),
(9, 4, 264, 211, NULL),
(9, 4, 265, NULL, NULL),
(9, 4, 265, NULL, 221),
(9, 4, 266, NULL, NULL),
(9, 4, 266, NULL, 222),
(9, 4, 266, 213, NULL),
(9, 4, 267, NULL, NULL),
(9, 4, 267, NULL, 223),
(9, 4, 267, 136, NULL),
(9, 4, 268, NULL, NULL),
(9, 4, 268, NULL, 224),
(9, 4, 269, NULL, NULL),
(9, 4, 269, NULL, 226),
(9, 4, 270, NULL, NULL),
(9, 4, 270, NULL, 227),
(9, 4, 271, NULL, NULL),
(9, 4, 271, NULL, 228),
(9, 4, 272, NULL, NULL),
(9, 4, 272, NULL, 229),
(9, 4, 274, NULL, NULL),
(9, 4, 274, NULL, 233),
(9, 4, 275, NULL, NULL),
(9, 4, 276, NULL, NULL),
(9, 4, 277, NULL, NULL),
(9, 4, 277, 71, NULL),
(9, 4, 277, 73, NULL),
(9, 4, 278, NULL, NULL),
(9, 4, 278, 80, NULL),
(9, 4, 279, NULL, NULL),
(9, 4, 279, 192, NULL),
(9, 4, 280, NULL, NULL),
(9, 4, 281, NULL, NULL),
(9, 4, 282, NULL, NULL),
(9, 4, 282, 200, NULL),
(9, 4, 283, NULL, NULL),
(9, 4, 284, NULL, NULL),
(9, 4, 285, NULL, NULL),
(9, 4, 285, 80, NULL),
(9, 4, 286, NULL, NULL),
(9, 4, 286, 136, NULL),
(9, 4, 286, 145, NULL),
(9, 4, 286, 205, NULL),
(9, 4, 287, NULL, NULL),
(9, 4, 287, 155, NULL),
(9, 4, 287, 155, NULL),
(9, 4, 287, 155, NULL),
(9, 4, 288, NULL, NULL),
(9, 4, 288, 66, NULL),
(9, 4, 289, NULL, NULL),
(9, 4, 290, NULL, NULL),
(9, 4, 290, NULL, 230),
(9, 4, 291, NULL, NULL),
(9, 4, 291, NULL, 231),
(9, 4, 292, NULL, NULL),
(9, 4, 293, NULL, NULL),
(9, 4, 294, NULL, NULL),
(9, 4, 295, NULL, NULL),
(9, 4, 295, 73, NULL),
(9, 4, 295, 74, NULL),
(9, 4, 295, 75, NULL),
(9, 4, 295, 76, NULL),
(9, 4, 295, 77, NULL),
(9, 4, 295, 78, NULL),
(9, 4, 295, 79, NULL),
(9, 4, 295, 81, NULL),
(9, 4, 295, 87, NULL),
(9, 4, 295, 88, NULL),
(9, 4, 295, 89, NULL),
(9, 4, 295, 188, NULL),
(9, 4, 295, 204, NULL),
(9, 4, 295, 206, NULL),
(9, 4, 296, NULL, NULL),
(9, 4, 296, 87, NULL),
(9, 4, 297, NULL, NULL),
(9, 4, 297, 90, NULL),
(9, 4, 297, 186, NULL),
(9, 4, 297, 199, NULL),
(9, 4, 298, NULL, NULL),
(9, 4, 298, 156, NULL),
(9, 4, 298, 158, NULL),
(9, 4, 298, 158, NULL),
(9, 4, 299, NULL, NULL),
(9, 4, 299, NULL, 235),
(9, 4, 300, NULL, NULL),
(9, 4, 300, NULL, 236),
(9, 4, 301, NULL, NULL),
(9, 4, 301, NULL, 237),
(9, 4, 302, NULL, NULL),
(9, 4, 302, NULL, 238),
(9, 4, 303, NULL, NULL),
(9, 4, 303, NULL, 239),
(9, 4, 304, NULL, NULL),
(9, 4, 304, NULL, 240),
(9, 4, 305, NULL, NULL),
(9, 4, 305, NULL, 241),
(9, 4, 306, NULL, NULL),
(9, 4, 306, NULL, 242),
(9, 4, 312, NULL, NULL),
(9, 4, 312, 105, NULL),
(9, 4, 314, NULL, NULL),
(9, 4, 314, NULL, 245),
(9, 4, 315, NULL, NULL),
(9, 4, 315, NULL, 246),
(9, 4, 316, NULL, NULL),
(9, 4, 316, NULL, 247),
(9, 4, 317, NULL, NULL),
(9, 4, 317, NULL, 248),
(9, 4, 317, NULL, 249),
(9, 4, 318, NULL, NULL),
(9, 4, 318, NULL, 250),
(9, 4, 319, NULL, NULL),
(9, 4, 319, NULL, 251),
(9, 4, 320, NULL, NULL),
(9, 4, 320, NULL, 252),
(9, 4, 321, NULL, NULL),
(9, 4, 321, NULL, 253),
(9, 4, 322, NULL, NULL),
(9, 4, 322, NULL, 254),
(9, 4, 323, NULL, NULL),
(9, 4, 323, NULL, 255),
(9, 4, 324, NULL, NULL),
(9, 4, 324, NULL, 256),
(9, 4, 324, 107, NULL),
(9, 4, 324, 136, NULL),
(9, 4, 324, 155, NULL),
(9, 4, 324, 170, NULL),
(9, 4, 325, NULL, NULL),
(9, 4, 325, NULL, 257),
(9, 4, 327, NULL, NULL),
(9, 4, 327, NULL, 258),
(9, 4, 328, NULL, NULL),
(9, 4, 328, NULL, 259),
(9, 4, 328, 151, NULL),
(9, 4, 329, NULL, NULL),
(9, 4, 329, NULL, 260),
(9, 4, 331, NULL, NULL),
(9, 4, 331, NULL, 262),
(9, 4, 332, NULL, NULL),
(9, 4, 332, NULL, 263),
(9, 4, 334, NULL, NULL),
(9, 4, 334, 134, NULL),
(9, 4, 335, NULL, NULL),
(9, 4, 336, NULL, NULL),
(9, 4, 336, 137, NULL),
(9, 4, 337, NULL, NULL),
(9, 4, 337, 138, NULL),
(9, 4, 338, NULL, NULL),
(9, 4, 338, 139, NULL),
(9, 4, 338, 209, NULL),
(9, 4, 338, 209, NULL),
(9, 4, 338, 210, NULL),
(9, 4, 338, 210, NULL),
(9, 4, 338, 210, NULL),
(9, 4, 339, NULL, NULL),
(9, 4, 340, NULL, NULL),
(9, 4, 340, 143, NULL),
(9, 4, 341, NULL, NULL),
(9, 4, 341, 147, NULL),
(9, 4, 341, 147, NULL),
(9, 4, 342, NULL, NULL),
(9, 4, 342, 147, NULL),
(9, 4, 342, 147, NULL),
(9, 4, 343, NULL, NULL),
(9, 4, 343, 147, NULL),
(9, 4, 344, NULL, NULL),
(9, 4, 344, NULL, 264),
(9, 4, 345, NULL, NULL),
(9, 4, 346, NULL, NULL),
(9, 4, 346, NULL, 265),
(9, 4, 346, 207, NULL),
(9, 4, 347, NULL, NULL),
(9, 4, 347, 153, NULL),
(9, 4, 347, 191, NULL),
(9, 4, 348, NULL, NULL),
(9, 4, 349, NULL, NULL),
(9, 4, 349, 158, NULL),
(9, 4, 350, NULL, NULL),
(9, 4, 351, NULL, NULL),
(9, 4, 352, NULL, NULL),
(9, 4, 353, NULL, NULL),
(9, 4, 353, 171, NULL),
(9, 4, 354, NULL, NULL),
(9, 4, 354, 177, NULL),
(9, 4, 354, 190, NULL),
(9, 4, 356, NULL, NULL),
(9, 4, 356, NULL, 266),
(9, 4, 357, NULL, NULL),
(9, 4, 357, NULL, 267),
(9, 4, 358, NULL, NULL),
(9, 4, 358, NULL, 268),
(9, 4, 359, NULL, NULL),
(9, 4, 359, NULL, 269),
(9, 4, 360, NULL, NULL),
(9, 4, 360, NULL, 270),
(9, 4, 361, NULL, NULL),
(9, 4, 361, NULL, 271),
(9, 4, 361, 193, NULL),
(9, 4, 361, 201, NULL),
(9, 4, 362, NULL, NULL),
(9, 4, 362, NULL, 272),
(9, 4, 364, NULL, NULL),
(9, 4, 364, 195, NULL),
(9, 4, 365, NULL, NULL),
(9, 4, 365, 204, NULL),
(9, 4, 365, 206, NULL),
(9, 4, 365, 206, NULL),
(9, 4, 365, 206, NULL),
(9, 4, 366, NULL, NULL),
(9, 4, 366, 204, NULL),
(9, 4, 366, 206, NULL),
(9, 4, 367, NULL, NULL),
(9, 4, 367, 209, NULL),
(9, 4, 367, 209, NULL),
(9, 4, 367, 209, NULL),
(9, 4, 367, 210, NULL),
(9, 4, 367, 210, NULL),
(9, 4, 367, 210, NULL),
(9, 4, 368, NULL, NULL),
(9, 4, 369, NULL, NULL),
(9, 4, 370, NULL, NULL),
(10, 1, 1, NULL, NULL),
(10, 1, 1, NULL, 1),
(10, 1, 1, 1, NULL),
(10, 1, 1, 1, NULL),
(10, 1, 1, 2, NULL),
(10, 1, 1, 2, NULL),
(10, 1, 2, NULL, NULL),
(10, 1, 2, NULL, 3),
(10, 1, 2, 140, NULL),
(10, 1, 3, NULL, NULL),
(10, 1, 3, NULL, 4),
(10, 1, 3, NULL, 7),
(10, 1, 3, NULL, 8),
(10, 1, 3, NULL, 9),
(10, 1, 3, NULL, 20),
(10, 1, 3, 91, NULL),
(10, 1, 3, 91, NULL),
(10, 1, 3, 91, NULL),
(10, 1, 3, 91, NULL),
(10, 1, 3, 95, NULL),
(10, 1, 3, 95, NULL),
(10, 1, 3, 95, NULL),
(10, 1, 4, NULL, NULL),
(10, 1, 4, NULL, 2),
(10, 1, 4, NULL, 5),
(10, 1, 4, 37, NULL),
(10, 1, 4, 148, NULL),
(10, 1, 7, NULL, NULL),
(10, 1, 7, NULL, 11),
(10, 1, 7, 125, NULL),
(10, 1, 8, NULL, NULL),
(10, 1, 8, NULL, 12),
(10, 1, 8, 108, NULL),
(10, 1, 8, 192, NULL),
(10, 1, 9, NULL, NULL),
(10, 1, 9, NULL, 13),
(10, 1, 9, 86, NULL),
(10, 1, 9, 95, NULL),
(10, 1, 9, 95, NULL),
(10, 1, 9, 95, NULL),
(10, 1, 10, NULL, NULL),
(10, 1, 10, NULL, 14),
(10, 1, 10, 3, NULL),
(10, 1, 10, 4, NULL),
(10, 1, 10, 5, NULL),
(10, 1, 11, NULL, NULL),
(10, 1, 11, NULL, 15),
(10, 1, 11, 56, NULL),
(10, 1, 11, 61, NULL),
(10, 1, 12, NULL, NULL),
(10, 1, 12, NULL, 16),
(10, 1, 12, NULL, 17),
(10, 1, 12, NULL, 18),
(10, 1, 12, NULL, 19),
(10, 1, 17, NULL, NULL),
(10, 1, 17, 80, NULL),
(10, 1, 18, NULL, NULL),
(10, 1, 18, NULL, 40),
(10, 1, 18, 91, NULL),
(10, 1, 18, 91, NULL),
(10, 1, 18, 91, NULL),
(10, 1, 18, 91, NULL),
(10, 1, 18, 149, NULL),
(11, 3, 1, NULL, NULL),
(11, 3, 1, NULL, 1),
(11, 3, 1, 1, NULL),
(11, 3, 1, 1, NULL),
(11, 3, 1, 2, NULL),
(11, 3, 1, 2, NULL),
(11, 3, 7, NULL, NULL),
(11, 3, 7, NULL, 11),
(11, 3, 7, 125, NULL),
(11, 3, 317, NULL, NULL),
(11, 3, 317, NULL, 248),
(11, 3, 317, NULL, 249),
(11, 3, 318, NULL, NULL),
(11, 3, 318, NULL, 250),
(11, 3, 325, NULL, NULL),
(11, 3, 325, NULL, 257),
(12, 5, 1, NULL, NULL),
(12, 5, 1, NULL, 1),
(12, 5, 1, 1, NULL),
(12, 5, 1, 1, NULL),
(12, 5, 1, 2, NULL),
(12, 5, 1, 2, NULL),
(13, 3, 2, NULL, NULL),
(13, 3, 2, NULL, 3),
(13, 3, 2, 140, NULL),
(14, 5, 2, NULL, NULL),
(14, 5, 2, NULL, 3),
(14, 5, 2, 140, NULL),
(15, 3, 3, NULL, NULL),
(15, 3, 3, NULL, 4),
(15, 3, 3, NULL, 7),
(15, 3, 3, NULL, 8),
(15, 3, 3, NULL, 9),
(15, 3, 3, NULL, 20),
(15, 3, 3, 91, NULL),
(15, 3, 3, 91, NULL),
(15, 3, 3, 91, NULL),
(15, 3, 3, 91, NULL),
(15, 3, 3, 95, NULL),
(15, 3, 3, 95, NULL),
(15, 3, 3, 95, NULL),
(17, 3, 4, NULL, NULL),
(17, 3, 4, NULL, 2),
(17, 3, 4, NULL, 5),
(17, 3, 4, 37, NULL),
(17, 3, 4, 148, NULL),
(17, 3, 18, NULL, NULL),
(17, 3, 18, NULL, 40),
(17, 3, 18, 91, NULL),
(17, 3, 18, 91, NULL),
(17, 3, 18, 91, NULL),
(17, 3, 18, 91, NULL),
(17, 3, 18, 149, NULL),
(17, 3, 28, NULL, NULL),
(17, 3, 28, NULL, 145),
(17, 3, 28, NULL, 225),
(17, 3, 28, 53, NULL),
(17, 3, 28, 58, NULL),
(17, 3, 28, 64, NULL),
(17, 3, 113, NULL, NULL),
(17, 3, 113, NULL, 64),
(17, 3, 116, NULL, NULL),
(17, 3, 116, NULL, 67),
(17, 3, 356, NULL, NULL),
(17, 3, 356, NULL, 266),
(17, 3, 357, NULL, NULL),
(17, 3, 357, NULL, 267),
(18, 5, 4, NULL, NULL),
(18, 5, 4, NULL, 2),
(18, 5, 4, NULL, 5),
(18, 5, 4, 37, NULL),
(18, 5, 4, 148, NULL),
(19, 5, 3, NULL, NULL),
(19, 5, 3, NULL, 4),
(19, 5, 3, NULL, 7),
(19, 5, 3, NULL, 8),
(19, 5, 3, NULL, 9),
(19, 5, 3, NULL, 20),
(19, 5, 3, 91, NULL),
(19, 5, 3, 91, NULL),
(19, 5, 3, 91, NULL),
(19, 5, 3, 91, NULL),
(19, 5, 3, 95, NULL),
(19, 5, 3, 95, NULL),
(19, 5, 3, 95, NULL),
(20, 1, 5, NULL, NULL),
(20, 1, 5, NULL, 6),
(20, 1, 5, 20, NULL),
(20, 1, 5, 157, NULL),
(20, 1, 6, NULL, NULL),
(20, 1, 6, NULL, 10),
(20, 1, 6, 191, NULL),
(20, 1, 16, NULL, NULL),
(20, 1, 16, NULL, 39),
(20, 1, 279, NULL, NULL),
(20, 1, 279, 192, NULL),
(21, 3, 5, NULL, NULL),
(21, 3, 5, NULL, 6),
(21, 3, 5, 20, NULL),
(21, 3, 5, 157, NULL),
(21, 3, 104, NULL, NULL),
(21, 3, 104, NULL, 55),
(21, 3, 104, 106, NULL),
(21, 3, 105, NULL, NULL),
(21, 3, 105, NULL, 56),
(21, 3, 105, 60, NULL),
(22, 5, 5, NULL, NULL),
(22, 5, 5, NULL, 6),
(22, 5, 5, 20, NULL),
(22, 5, 5, 157, NULL),
(23, 3, 6, NULL, NULL),
(23, 3, 6, NULL, 10),
(23, 3, 6, 191, NULL),
(23, 3, 127, NULL, NULL),
(23, 3, 127, NULL, 80),
(24, 5, 6, NULL, NULL),
(24, 5, 6, NULL, 10),
(24, 5, 6, 191, NULL),
(25, 5, 7, NULL, NULL),
(25, 5, 7, NULL, 11),
(25, 5, 7, 125, NULL),
(26, 3, 8, NULL, NULL),
(26, 3, 8, NULL, 12),
(26, 3, 8, 108, NULL),
(26, 3, 8, 192, NULL),
(26, 3, 123, NULL, NULL),
(26, 3, 123, NULL, 76),
(27, 5, 8, NULL, NULL),
(27, 5, 8, NULL, 12),
(27, 5, 8, 108, NULL),
(27, 5, 8, 192, NULL),
(28, 3, 9, NULL, NULL),
(28, 3, 9, NULL, 13),
(28, 3, 9, 86, NULL),
(28, 3, 9, 95, NULL),
(28, 3, 9, 95, NULL),
(28, 3, 9, 95, NULL),
(28, 3, 32, NULL, NULL),
(28, 3, 32, NULL, 149),
(28, 3, 106, NULL, NULL),
(28, 3, 106, NULL, 57),
(28, 3, 106, 39, NULL),
(28, 3, 106, 187, NULL),
(28, 3, 107, NULL, NULL),
(28, 3, 107, NULL, 58),
(28, 3, 114, NULL, NULL),
(28, 3, 114, NULL, 65),
(28, 3, 115, NULL, NULL),
(28, 3, 115, NULL, 66),
(28, 3, 115, 172, NULL),
(28, 3, 115, 172, NULL),
(28, 3, 115, 172, NULL),
(28, 3, 115, 216, NULL),
(28, 3, 266, NULL, NULL),
(28, 3, 266, NULL, 222),
(28, 3, 266, 213, NULL),
(29, 5, 9, NULL, NULL),
(29, 5, 9, NULL, 13),
(29, 5, 9, 86, NULL),
(29, 5, 9, 95, NULL),
(29, 5, 9, 95, NULL),
(29, 5, 9, 95, NULL),
(30, 3, 10, NULL, NULL),
(30, 3, 10, NULL, 14),
(30, 3, 10, 3, NULL),
(30, 3, 10, 4, NULL),
(30, 3, 10, 5, NULL),
(30, 3, 16, NULL, NULL),
(30, 3, 16, NULL, 39),
(30, 3, 120, NULL, NULL),
(30, 3, 120, NULL, 73),
(30, 3, 158, NULL, NULL),
(30, 3, 158, NULL, 118),
(30, 3, 158, 157, NULL),
(31, 5, 10, NULL, NULL),
(31, 5, 10, NULL, 14),
(31, 5, 10, 3, NULL),
(31, 5, 10, 4, NULL),
(31, 5, 10, 5, NULL),
(32, 3, 11, NULL, NULL),
(32, 3, 11, NULL, 15),
(32, 3, 11, 56, NULL),
(32, 3, 11, 61, NULL),
(32, 3, 12, NULL, NULL),
(32, 3, 12, NULL, 16),
(32, 3, 12, NULL, 17),
(32, 3, 12, NULL, 18),
(32, 3, 12, NULL, 19),
(32, 3, 92, NULL, NULL),
(32, 3, 92, NULL, 43),
(32, 3, 92, 56, NULL),
(32, 3, 92, 155, NULL),
(32, 3, 92, 155, NULL),
(32, 3, 92, 155, NULL),
(32, 3, 93, NULL, NULL),
(32, 3, 93, NULL, 42),
(32, 3, 94, NULL, NULL),
(32, 3, 94, NULL, 44),
(32, 3, 95, NULL, NULL),
(32, 3, 95, NULL, 45),
(32, 3, 122, NULL, NULL),
(32, 3, 122, NULL, 75),
(33, 5, 11, NULL, NULL),
(33, 5, 11, NULL, 15),
(33, 5, 11, 56, NULL),
(33, 5, 11, 61, NULL),
(34, 5, 12, NULL, NULL),
(34, 5, 12, NULL, 16),
(34, 5, 12, NULL, 17),
(34, 5, 12, NULL, 18),
(34, 5, 12, NULL, 19),
(35, 1, 13, NULL, NULL),
(35, 1, 13, NULL, 21),
(35, 1, 26, NULL, NULL),
(35, 1, 26, NULL, 143),
(35, 1, 26, 163, NULL),
(35, 1, 26, 222, NULL),
(35, 1, 27, NULL, NULL),
(35, 1, 27, NULL, 89),
(35, 1, 27, NULL, 144),
(35, 1, 27, 155, NULL),
(35, 1, 27, 155, NULL),
(35, 1, 27, 155, NULL),
(35, 1, 31, NULL, NULL),
(35, 1, 31, NULL, 148),
(35, 1, 31, 93, NULL),
(35, 1, 32, NULL, NULL),
(35, 1, 32, NULL, 149),
(35, 1, 87, NULL, NULL),
(35, 1, 87, NULL, 81),
(35, 1, 87, 205, NULL),
(35, 1, 119, NULL, NULL),
(35, 1, 119, NULL, 71),
(35, 1, 119, 170, NULL),
(35, 1, 129, NULL, NULL),
(35, 1, 129, NULL, 83),
(35, 1, 130, NULL, NULL),
(35, 1, 130, NULL, 84),
(35, 1, 130, NULL, 244),
(35, 1, 131, NULL, NULL),
(35, 1, 131, NULL, 85),
(35, 1, 146, NULL, NULL),
(35, 1, 146, NULL, 104),
(35, 1, 146, 145, NULL),
(35, 1, 147, NULL, NULL),
(35, 1, 147, NULL, 105),
(35, 1, 148, NULL, NULL),
(35, 1, 148, NULL, 106),
(35, 1, 148, 20, NULL),
(35, 1, 148, 105, NULL),
(35, 1, 148, 173, NULL),
(35, 1, 148, 175, NULL),
(35, 1, 148, 184, NULL),
(35, 1, 149, NULL, NULL),
(35, 1, 149, NULL, 107),
(35, 1, 150, NULL, NULL),
(35, 1, 150, NULL, 108),
(35, 1, 151, NULL, NULL),
(35, 1, 151, NULL, 109),
(35, 1, 152, NULL, NULL),
(35, 1, 152, NULL, 110),
(35, 1, 152, 216, NULL),
(35, 1, 157, NULL, NULL),
(35, 1, 157, NULL, 116),
(35, 1, 158, NULL, NULL),
(35, 1, 158, NULL, 118),
(35, 1, 158, 157, NULL),
(35, 1, 159, NULL, NULL),
(35, 1, 159, NULL, 117),
(35, 1, 267, NULL, NULL),
(35, 1, 267, NULL, 223),
(35, 1, 267, 136, NULL),
(35, 1, 268, NULL, NULL),
(35, 1, 268, NULL, 224),
(35, 1, 282, NULL, NULL),
(35, 1, 282, 200, NULL),
(35, 1, 301, NULL, NULL),
(35, 1, 301, NULL, 237),
(35, 1, 315, NULL, NULL),
(35, 1, 315, NULL, 246),
(35, 1, 324, NULL, NULL),
(35, 1, 324, NULL, 256),
(35, 1, 324, 107, NULL),
(35, 1, 324, 136, NULL),
(35, 1, 324, 155, NULL),
(35, 1, 324, 170, NULL),
(35, 1, 356, NULL, NULL),
(35, 1, 356, NULL, 266),
(35, 1, 357, NULL, NULL),
(35, 1, 357, NULL, 267),
(36, 3, 13, NULL, NULL),
(36, 3, 13, NULL, 21),
(36, 3, 117, NULL, NULL),
(36, 3, 117, NULL, 68),
(36, 3, 117, 55, NULL),
(36, 3, 117, 109, NULL),
(36, 3, 118, NULL, NULL),
(36, 3, 118, NULL, 69),
(36, 3, 118, 16, NULL),
(36, 3, 118, 55, NULL),
(36, 3, 118, 215, NULL),
(37, 5, 13, NULL, NULL),
(37, 5, 13, NULL, 21),
(38, 1, 14, NULL, NULL),
(38, 1, 14, NULL, 36),
(39, 3, 14, NULL, NULL),
(39, 3, 14, NULL, 36),
(40, 5, 14, NULL, NULL),
(40, 5, 14, NULL, 36),
(41, 1, 15, NULL, NULL),
(41, 1, 15, NULL, 37),
(41, 1, 53, NULL, NULL),
(41, 1, 53, NULL, 28),
(41, 1, 53, 46, NULL),
(41, 1, 53, 58, NULL),
(41, 1, 53, 117, NULL),
(41, 1, 56, NULL, NULL),
(41, 1, 56, NULL, 34),
(41, 1, 56, 182, NULL),
(41, 1, 339, NULL, NULL),
(42, 3, 15, NULL, NULL),
(42, 3, 15, NULL, 37),
(42, 3, 19, NULL, NULL),
(42, 3, 19, NULL, 72),
(42, 3, 19, 16, NULL),
(42, 3, 121, NULL, NULL),
(42, 3, 121, NULL, 74),
(42, 3, 133, NULL, NULL),
(42, 3, 133, NULL, 88),
(42, 3, 133, 16, NULL),
(42, 3, 133, 70, NULL),
(43, 5, 15, NULL, NULL),
(43, 5, 15, NULL, 37),
(44, 5, 16, NULL, NULL),
(44, 5, 16, NULL, 39),
(45, 3, 17, NULL, NULL),
(45, 3, 17, 80, NULL),
(46, 5, 17, NULL, NULL),
(46, 5, 17, 80, NULL),
(47, 5, 18, NULL, NULL),
(47, 5, 18, NULL, 40),
(47, 5, 18, 91, NULL),
(47, 5, 18, 91, NULL),
(47, 5, 18, 91, NULL),
(47, 5, 18, 91, NULL),
(47, 5, 18, 149, NULL),
(49, 5, 19, NULL, NULL),
(49, 5, 19, NULL, 72),
(49, 5, 19, 16, NULL),
(50, 1, 20, NULL, NULL),
(50, 1, 20, NULL, 38),
(50, 1, 20, 133, NULL),
(50, 1, 20, 192, NULL),
(50, 1, 20, 217, NULL),
(50, 1, 21, NULL, NULL),
(50, 1, 21, NULL, 70),
(50, 1, 21, 173, NULL),
(50, 1, 21, 175, NULL),
(50, 1, 23, NULL, NULL),
(50, 1, 23, NULL, 140),
(50, 1, 23, 118, NULL),
(50, 1, 23, 161, NULL),
(50, 1, 36, NULL, NULL),
(50, 1, 36, NULL, 151),
(50, 1, 36, 85, NULL),
(50, 1, 123, NULL, NULL),
(50, 1, 123, NULL, 76),
(50, 1, 132, NULL, NULL),
(50, 1, 132, NULL, 87),
(50, 1, 132, NULL, 90),
(50, 1, 132, 64, NULL),
(50, 1, 132, 91, NULL),
(50, 1, 132, 91, NULL),
(50, 1, 132, 91, NULL),
(50, 1, 132, 208, NULL),
(50, 1, 132, 211, NULL),
(50, 1, 132, 211, NULL),
(50, 1, 134, NULL, NULL),
(50, 1, 134, NULL, 91),
(50, 1, 134, 96, NULL),
(51, 3, 20, NULL, NULL),
(51, 3, 20, NULL, 38),
(51, 3, 20, 133, NULL),
(51, 3, 20, 192, NULL),
(51, 3, 20, 217, NULL),
(51, 3, 21, NULL, NULL),
(51, 3, 21, NULL, 70),
(51, 3, 21, 173, NULL),
(51, 3, 21, 175, NULL),
(51, 3, 36, NULL, NULL),
(51, 3, 36, NULL, 151),
(51, 3, 36, 85, NULL),
(52, 5, 20, NULL, NULL),
(52, 5, 20, NULL, 38),
(52, 5, 20, 133, NULL),
(52, 5, 20, 192, NULL),
(52, 5, 20, 217, NULL),
(53, 5, 21, NULL, NULL),
(53, 5, 21, NULL, 70),
(53, 5, 21, 173, NULL),
(53, 5, 21, 175, NULL),
(54, 1, 19, NULL, NULL),
(54, 1, 19, NULL, 72),
(54, 1, 19, 16, NULL),
(54, 1, 30, NULL, NULL),
(54, 1, 30, NULL, 147),
(54, 1, 34, NULL, NULL),
(54, 1, 34, NULL, 150),
(54, 1, 34, 184, NULL),
(54, 1, 120, NULL, NULL),
(54, 1, 120, NULL, 73),
(54, 1, 121, NULL, NULL),
(54, 1, 121, NULL, 74),
(55, 1, 22, NULL, NULL),
(55, 1, 22, NULL, 139),
(55, 1, 22, 202, NULL),
(55, 1, 24, NULL, NULL),
(55, 1, 24, NULL, 141),
(55, 1, 24, 15, NULL),
(55, 1, 24, 124, NULL),
(55, 1, 25, NULL, NULL),
(55, 1, 25, NULL, 142),
(55, 1, 25, 15, NULL),
(55, 1, 25, 124, NULL),
(55, 1, 28, NULL, NULL),
(55, 1, 28, NULL, 145),
(55, 1, 28, NULL, 225),
(55, 1, 28, 53, NULL),
(55, 1, 28, 58, NULL),
(55, 1, 28, 64, NULL),
(56, 3, 22, NULL, NULL),
(56, 3, 22, NULL, 139),
(56, 3, 22, 202, NULL),
(56, 3, 157, NULL, NULL),
(56, 3, 157, NULL, 116),
(57, 5, 22, NULL, NULL),
(57, 5, 22, NULL, 139),
(57, 5, 22, 202, NULL),
(58, 3, 23, NULL, NULL),
(58, 3, 23, NULL, 140),
(58, 3, 23, 118, NULL),
(58, 3, 23, 161, NULL),
(59, 5, 23, NULL, NULL),
(59, 5, 23, NULL, 140),
(59, 5, 23, 118, NULL),
(59, 5, 23, 161, NULL),
(60, 3, 24, NULL, NULL),
(60, 3, 24, NULL, 141),
(60, 3, 24, 15, NULL),
(60, 3, 24, 124, NULL),
(60, 3, 91, NULL, NULL),
(60, 3, 91, NULL, 41),
(60, 3, 91, 107, NULL),
(60, 3, 98, NULL, NULL),
(60, 3, 98, NULL, 48),
(60, 3, 98, 7, NULL),
(60, 3, 98, 7, NULL),
(60, 3, 98, 7, NULL),
(60, 3, 99, NULL, NULL),
(60, 3, 99, NULL, 49),
(60, 3, 148, NULL, NULL),
(60, 3, 148, NULL, 106),
(60, 3, 148, 20, NULL),
(60, 3, 148, 105, NULL),
(60, 3, 148, 173, NULL),
(60, 3, 148, 175, NULL),
(60, 3, 148, 184, NULL),
(60, 3, 149, NULL, NULL),
(60, 3, 149, NULL, 107),
(60, 3, 150, NULL, NULL),
(60, 3, 150, NULL, 108),
(61, 5, 24, NULL, NULL),
(61, 5, 24, NULL, 141),
(61, 5, 24, 15, NULL),
(61, 5, 24, 124, NULL),
(62, 3, 25, NULL, NULL),
(62, 3, 25, NULL, 142),
(62, 3, 25, 15, NULL),
(62, 3, 25, 124, NULL),
(63, 5, 25, NULL, NULL),
(63, 5, 25, NULL, 142),
(63, 5, 25, 15, NULL),
(63, 5, 25, 124, NULL),
(64, 3, 26, NULL, NULL),
(64, 3, 26, NULL, 143),
(64, 3, 26, 163, NULL),
(64, 3, 26, 222, NULL),
(65, 5, 26, NULL, NULL),
(65, 5, 26, NULL, 143),
(65, 5, 26, 163, NULL),
(65, 5, 26, 222, NULL),
(66, 3, 27, NULL, NULL),
(66, 3, 27, NULL, 89),
(66, 3, 27, NULL, 144),
(66, 3, 27, 155, NULL),
(66, 3, 27, 155, NULL),
(66, 3, 27, 155, NULL),
(66, 3, 35, NULL, NULL),
(66, 3, 35, NULL, 114),
(66, 3, 35, 155, NULL),
(66, 3, 35, 155, NULL),
(66, 3, 35, 155, NULL),
(66, 3, 109, NULL, NULL),
(66, 3, 109, NULL, 60),
(66, 3, 109, 192, NULL),
(66, 3, 110, NULL, NULL),
(66, 3, 110, NULL, 61),
(66, 3, 125, NULL, NULL),
(66, 3, 125, NULL, 78),
(66, 3, 125, 59, NULL),
(66, 3, 125, 65, NULL),
(66, 3, 125, 67, NULL),
(66, 3, 125, 68, NULL),
(66, 3, 125, 148, NULL),
(66, 3, 125, 179, NULL),
(66, 3, 125, 183, NULL),
(66, 3, 125, 183, NULL),
(66, 3, 125, 220, NULL),
(66, 3, 126, NULL, NULL),
(66, 3, 126, NULL, 79),
(66, 3, 126, 15, NULL),
(66, 3, 126, 219, NULL),
(66, 3, 147, NULL, NULL),
(66, 3, 147, NULL, 105),
(66, 3, 154, NULL, NULL),
(66, 3, 154, NULL, 112),
(66, 3, 156, NULL, NULL),
(66, 3, 156, 21, NULL),
(66, 3, 156, 211, NULL),
(66, 3, 156, 211, NULL),
(66, 3, 160, NULL, NULL),
(66, 3, 160, NULL, 119),
(66, 3, 270, NULL, NULL),
(66, 3, 270, NULL, 227),
(67, 5, 27, NULL, NULL),
(67, 5, 27, NULL, 89),
(67, 5, 27, NULL, 144),
(67, 5, 27, 155, NULL),
(67, 5, 27, 155, NULL),
(67, 5, 27, 155, NULL),
(68, 5, 28, NULL, NULL),
(68, 5, 28, NULL, 145),
(68, 5, 28, NULL, 225),
(68, 5, 28, 53, NULL),
(68, 5, 28, 58, NULL),
(68, 5, 28, 64, NULL),
(69, 1, 29, NULL, NULL),
(69, 1, 29, NULL, 146),
(69, 1, 29, 155, NULL),
(69, 1, 29, 155, NULL),
(69, 1, 29, 155, NULL),
(69, 1, 124, NULL, NULL),
(69, 1, 124, NULL, 77),
(69, 1, 124, 15, NULL),
(69, 1, 125, NULL, NULL),
(69, 1, 125, NULL, 78),
(69, 1, 125, 59, NULL),
(69, 1, 125, 65, NULL),
(69, 1, 125, 67, NULL),
(69, 1, 125, 68, NULL),
(69, 1, 125, 148, NULL),
(69, 1, 125, 179, NULL),
(69, 1, 125, 183, NULL),
(69, 1, 125, 183, NULL),
(69, 1, 125, 220, NULL),
(69, 1, 126, NULL, NULL),
(69, 1, 126, NULL, 79),
(69, 1, 126, 15, NULL),
(69, 1, 126, 219, NULL),
(69, 1, 133, NULL, NULL),
(69, 1, 133, NULL, 88),
(69, 1, 133, 16, NULL),
(69, 1, 133, 70, NULL),
(69, 1, 154, NULL, NULL),
(69, 1, 154, NULL, 112),
(69, 1, 270, NULL, NULL),
(69, 1, 270, NULL, 227),
(69, 1, 271, NULL, NULL),
(69, 1, 271, NULL, 228),
(69, 1, 281, NULL, NULL),
(70, 3, 29, NULL, NULL),
(70, 3, 29, NULL, 146),
(70, 3, 29, 155, NULL),
(70, 3, 29, 155, NULL),
(70, 3, 29, 155, NULL),
(70, 3, 132, NULL, NULL),
(70, 3, 132, NULL, 87),
(70, 3, 132, NULL, 90),
(70, 3, 132, 64, NULL),
(70, 3, 132, 91, NULL),
(70, 3, 132, 91, NULL),
(70, 3, 132, 91, NULL),
(70, 3, 132, 208, NULL),
(70, 3, 132, 211, NULL),
(70, 3, 132, 211, NULL),
(70, 3, 134, NULL, NULL),
(70, 3, 134, NULL, 91),
(70, 3, 134, 96, NULL),
(71, 5, 29, NULL, NULL),
(71, 5, 29, NULL, 146),
(71, 5, 29, 155, NULL),
(71, 5, 29, 155, NULL),
(71, 5, 29, 155, NULL),
(72, 3, 30, NULL, NULL),
(72, 3, 30, NULL, 147),
(73, 5, 30, NULL, NULL),
(73, 5, 30, NULL, 147),
(74, 3, 31, NULL, NULL),
(74, 3, 31, NULL, 148),
(74, 3, 31, 93, NULL),
(75, 5, 31, NULL, NULL),
(75, 5, 31, NULL, 148),
(75, 5, 31, 93, NULL),
(76, 5, 32, NULL, NULL),
(76, 5, 32, NULL, 149),
(77, 1, 33, NULL, NULL),
(77, 1, 33, NULL, 86),
(77, 1, 33, 50, NULL),
(77, 1, 33, 187, NULL),
(77, 1, 323, NULL, NULL),
(77, 1, 323, NULL, 255),
(78, 3, 33, NULL, NULL),
(78, 3, 33, NULL, 86),
(78, 3, 33, 50, NULL),
(78, 3, 33, 187, NULL),
(79, 5, 33, NULL, NULL),
(79, 5, 33, NULL, 86),
(79, 5, 33, 50, NULL),
(79, 5, 33, 187, NULL);
INSERT INTO `ospos_attribute_links` (`attribute_id`, `definition_id`, `item_id`, `sale_id`, `receiving_id`) VALUES
(80, 3, 34, NULL, NULL),
(80, 3, 34, NULL, 150),
(80, 3, 34, 184, NULL),
(80, 3, 87, NULL, NULL),
(80, 3, 87, NULL, 81),
(80, 3, 87, 205, NULL),
(80, 3, 268, NULL, NULL),
(80, 3, 268, NULL, 224),
(81, 5, 34, NULL, NULL),
(81, 5, 34, NULL, 150),
(81, 5, 34, 184, NULL),
(82, 1, 35, NULL, NULL),
(82, 1, 35, NULL, 114),
(82, 1, 35, 155, NULL),
(82, 1, 35, 155, NULL),
(82, 1, 35, 155, NULL),
(83, 5, 35, NULL, NULL),
(83, 5, 35, NULL, 114),
(83, 5, 35, 155, NULL),
(83, 5, 35, 155, NULL),
(83, 5, 35, 155, NULL),
(84, 5, 36, NULL, NULL),
(84, 5, 36, NULL, 151),
(84, 5, 36, 85, NULL),
(85, 1, 37, NULL, NULL),
(85, 1, 37, NULL, 152),
(85, 1, 39, NULL, NULL),
(85, 1, 39, NULL, 154),
(85, 1, 39, 55, NULL),
(85, 1, 278, NULL, NULL),
(85, 1, 278, 80, NULL),
(85, 1, 370, NULL, NULL),
(86, 2, 37, NULL, NULL),
(86, 2, 37, NULL, 152),
(86, 2, 38, NULL, NULL),
(86, 2, 38, NULL, 153),
(86, 2, 39, NULL, NULL),
(86, 2, 39, NULL, 154),
(86, 2, 39, 55, NULL),
(86, 2, 40, NULL, NULL),
(86, 2, 40, NULL, 155),
(86, 2, 40, 63, NULL),
(86, 2, 40, 69, NULL),
(86, 2, 40, 87, NULL),
(86, 2, 41, NULL, NULL),
(86, 2, 41, NULL, 157),
(86, 2, 41, 191, NULL),
(86, 2, 42, NULL, NULL),
(86, 2, 42, NULL, 136),
(86, 2, 42, NULL, 137),
(86, 2, 42, 150, NULL),
(86, 2, 42, 194, NULL),
(86, 2, 43, NULL, NULL),
(86, 2, 43, NULL, 134),
(86, 2, 43, 16, NULL),
(86, 2, 43, 56, NULL),
(86, 2, 43, 141, NULL),
(86, 2, 43, 143, NULL),
(86, 2, 43, 143, NULL),
(86, 2, 43, 143, NULL),
(86, 2, 44, NULL, NULL),
(86, 2, 44, NULL, 135),
(86, 2, 45, NULL, NULL),
(86, 2, 45, NULL, 128),
(86, 2, 45, 24, NULL),
(86, 2, 45, 25, NULL),
(86, 2, 45, 70, NULL),
(86, 2, 45, 112, NULL),
(86, 2, 45, 194, NULL),
(86, 2, 46, NULL, NULL),
(86, 2, 46, NULL, 129),
(86, 2, 46, 221, NULL),
(86, 2, 47, NULL, NULL),
(86, 2, 47, NULL, 22),
(86, 2, 47, 69, NULL),
(86, 2, 48, NULL, NULL),
(86, 2, 48, NULL, 23),
(86, 2, 48, 40, NULL),
(86, 2, 48, 186, NULL),
(86, 2, 49, NULL, NULL),
(86, 2, 49, NULL, 24),
(86, 2, 49, NULL, 197),
(86, 2, 50, NULL, NULL),
(86, 2, 50, NULL, 25),
(86, 2, 50, 16, NULL),
(86, 2, 50, 36, NULL),
(86, 2, 50, 61, NULL),
(86, 2, 51, NULL, NULL),
(86, 2, 51, NULL, 26),
(86, 2, 51, NULL, 193),
(86, 2, 51, 43, NULL),
(86, 2, 51, 45, NULL),
(86, 2, 51, 115, NULL),
(86, 2, 51, 120, NULL),
(86, 2, 51, 177, NULL),
(86, 2, 51, 177, NULL),
(86, 2, 51, 178, NULL),
(86, 2, 52, NULL, NULL),
(86, 2, 52, NULL, 27),
(86, 2, 52, NULL, 195),
(86, 2, 52, 49, NULL),
(86, 2, 52, 141, NULL),
(86, 2, 52, 189, NULL),
(86, 2, 52, 189, NULL),
(86, 2, 52, 194, NULL),
(86, 2, 52, 215, NULL),
(86, 2, 53, NULL, NULL),
(86, 2, 53, NULL, 28),
(86, 2, 53, 46, NULL),
(86, 2, 53, 58, NULL),
(86, 2, 53, 117, NULL),
(86, 2, 54, NULL, NULL),
(86, 2, 54, NULL, 132),
(86, 2, 54, 14, NULL),
(86, 2, 54, 72, NULL),
(86, 2, 54, 82, NULL),
(86, 2, 54, 92, NULL),
(86, 2, 54, 92, NULL),
(86, 2, 54, 102, NULL),
(86, 2, 54, 119, NULL),
(86, 2, 54, 128, NULL),
(86, 2, 54, 131, NULL),
(86, 2, 54, 131, NULL),
(86, 2, 54, 131, NULL),
(86, 2, 54, 134, NULL),
(86, 2, 54, 181, NULL),
(86, 2, 54, 188, NULL),
(86, 2, 54, 193, NULL),
(86, 2, 54, 194, NULL),
(86, 2, 54, 220, NULL),
(86, 2, 55, NULL, NULL),
(86, 2, 55, NULL, 158),
(86, 2, 55, 23, NULL),
(86, 2, 55, 32, NULL),
(86, 2, 55, 70, NULL),
(86, 2, 55, 99, NULL),
(86, 2, 55, 132, NULL),
(86, 2, 55, 141, NULL),
(86, 2, 55, 166, NULL),
(86, 2, 55, 168, NULL),
(86, 2, 55, 182, NULL),
(86, 2, 55, 194, NULL),
(86, 2, 55, 200, NULL),
(86, 2, 69, NULL, NULL),
(86, 2, 69, NULL, 169),
(86, 2, 69, 129, NULL),
(86, 2, 90, NULL, NULL),
(86, 2, 90, NULL, 35),
(86, 2, 90, 64, NULL),
(86, 2, 90, 141, NULL),
(86, 2, 90, 162, NULL),
(86, 2, 161, NULL, NULL),
(86, 2, 161, NULL, 120),
(86, 2, 162, NULL, NULL),
(86, 2, 162, NULL, 121),
(86, 2, 162, 222, NULL),
(86, 2, 163, NULL, NULL),
(86, 2, 163, NULL, 122),
(86, 2, 163, 141, NULL),
(86, 2, 164, NULL, NULL),
(86, 2, 164, NULL, 123),
(86, 2, 164, 8, NULL),
(86, 2, 164, 9, NULL),
(86, 2, 164, 10, NULL),
(86, 2, 164, 11, NULL),
(86, 2, 164, 12, NULL),
(86, 2, 164, 13, NULL),
(86, 2, 164, 97, NULL),
(86, 2, 165, NULL, NULL),
(86, 2, 165, NULL, 125),
(86, 2, 168, NULL, NULL),
(86, 2, 168, NULL, 130),
(86, 2, 171, NULL, NULL),
(86, 2, 171, NULL, 138),
(86, 2, 171, 91, NULL),
(86, 2, 171, 91, NULL),
(86, 2, 171, 91, NULL),
(86, 2, 171, 91, NULL),
(86, 2, 171, 155, NULL),
(86, 2, 171, 155, NULL),
(86, 2, 171, 155, NULL),
(86, 2, 171, 157, NULL),
(86, 2, 173, NULL, NULL),
(86, 2, 173, NULL, 185),
(86, 2, 173, 39, NULL),
(86, 2, 175, NULL, NULL),
(86, 2, 175, NULL, 186),
(86, 2, 187, NULL, NULL),
(86, 2, 187, NULL, 190),
(86, 2, 187, 41, NULL),
(86, 2, 187, 47, NULL),
(86, 2, 189, NULL, NULL),
(86, 2, 189, NULL, 191),
(86, 2, 189, 38, NULL),
(86, 2, 189, 62, NULL),
(86, 2, 190, NULL, NULL),
(86, 2, 190, NULL, 192),
(86, 2, 191, NULL, NULL),
(86, 2, 191, NULL, 196),
(86, 2, 192, NULL, NULL),
(86, 2, 192, NULL, 198),
(86, 2, 192, 84, NULL),
(86, 2, 192, 132, NULL),
(86, 2, 192, 135, NULL),
(86, 2, 192, 193, NULL),
(86, 2, 192, 209, NULL),
(86, 2, 192, 210, NULL),
(86, 2, 219, NULL, NULL),
(86, 2, 219, NULL, 208),
(86, 2, 258, NULL, NULL),
(86, 2, 258, NULL, 217),
(86, 2, 258, 51, NULL),
(86, 2, 258, 58, NULL),
(86, 2, 258, 85, NULL),
(86, 2, 278, NULL, NULL),
(86, 2, 278, 80, NULL),
(86, 2, 289, NULL, NULL),
(86, 2, 298, NULL, NULL),
(86, 2, 298, 156, NULL),
(86, 2, 298, 158, NULL),
(86, 2, 298, 158, NULL),
(86, 2, 335, NULL, NULL),
(86, 2, 336, NULL, NULL),
(86, 2, 336, 137, NULL),
(86, 2, 339, NULL, NULL),
(86, 2, 340, NULL, NULL),
(86, 2, 340, 143, NULL),
(86, 2, 348, NULL, NULL),
(86, 2, 350, NULL, NULL),
(86, 2, 351, NULL, NULL),
(86, 2, 364, NULL, NULL),
(86, 2, 364, 195, NULL),
(86, 2, 370, NULL, NULL),
(87, 3, 37, NULL, NULL),
(87, 3, 37, NULL, 152),
(87, 3, 72, NULL, NULL),
(87, 3, 72, NULL, 156),
(87, 3, 73, NULL, NULL),
(87, 3, 73, NULL, 174),
(87, 3, 74, NULL, NULL),
(87, 3, 74, NULL, 175),
(87, 3, 83, NULL, NULL),
(87, 3, 83, NULL, 172),
(87, 3, 84, NULL, NULL),
(87, 3, 84, NULL, 182),
(87, 3, 84, 54, NULL),
(87, 3, 84, 174, NULL),
(87, 3, 170, NULL, NULL),
(87, 3, 170, NULL, 133),
(87, 3, 340, NULL, NULL),
(87, 3, 340, 143, NULL),
(88, 5, 37, NULL, NULL),
(88, 5, 37, NULL, 152),
(89, 1, 38, NULL, NULL),
(89, 1, 38, NULL, 153),
(89, 1, 340, NULL, NULL),
(89, 1, 340, 143, NULL),
(90, 3, 38, NULL, NULL),
(90, 3, 38, NULL, 153),
(90, 3, 39, NULL, NULL),
(90, 3, 39, NULL, 154),
(90, 3, 39, 55, NULL),
(90, 3, 45, NULL, NULL),
(90, 3, 45, NULL, 128),
(90, 3, 45, 24, NULL),
(90, 3, 45, 25, NULL),
(90, 3, 45, 70, NULL),
(90, 3, 45, 112, NULL),
(90, 3, 45, 194, NULL),
(90, 3, 46, NULL, NULL),
(90, 3, 46, NULL, 129),
(90, 3, 46, 221, NULL),
(90, 3, 48, NULL, NULL),
(90, 3, 48, NULL, 23),
(90, 3, 48, 40, NULL),
(90, 3, 48, 186, NULL),
(90, 3, 49, NULL, NULL),
(90, 3, 49, NULL, 24),
(90, 3, 49, NULL, 197),
(90, 3, 50, NULL, NULL),
(90, 3, 50, NULL, 25),
(90, 3, 50, 16, NULL),
(90, 3, 50, 36, NULL),
(90, 3, 50, 61, NULL),
(90, 3, 51, NULL, NULL),
(90, 3, 51, NULL, 26),
(90, 3, 51, NULL, 193),
(90, 3, 51, 43, NULL),
(90, 3, 51, 45, NULL),
(90, 3, 51, 115, NULL),
(90, 3, 51, 120, NULL),
(90, 3, 51, 177, NULL),
(90, 3, 51, 177, NULL),
(90, 3, 51, 178, NULL),
(90, 3, 52, NULL, NULL),
(90, 3, 52, NULL, 27),
(90, 3, 52, NULL, 195),
(90, 3, 52, 49, NULL),
(90, 3, 52, 141, NULL),
(90, 3, 52, 189, NULL),
(90, 3, 52, 189, NULL),
(90, 3, 52, 194, NULL),
(90, 3, 52, 215, NULL),
(90, 3, 53, NULL, NULL),
(90, 3, 53, NULL, 28),
(90, 3, 53, 46, NULL),
(90, 3, 53, 58, NULL),
(90, 3, 53, 117, NULL),
(90, 3, 165, NULL, NULL),
(90, 3, 165, NULL, 125),
(90, 3, 191, NULL, NULL),
(90, 3, 191, NULL, 196),
(90, 3, 298, NULL, NULL),
(90, 3, 298, 156, NULL),
(90, 3, 298, 158, NULL),
(90, 3, 298, 158, NULL),
(90, 3, 339, NULL, NULL),
(90, 3, 350, NULL, NULL),
(90, 3, 370, NULL, NULL),
(91, 5, 38, NULL, NULL),
(91, 5, 38, NULL, 153),
(92, 5, 39, NULL, NULL),
(92, 5, 39, NULL, 154),
(92, 5, 39, 55, NULL),
(93, 1, 40, NULL, NULL),
(93, 1, 40, NULL, 155),
(93, 1, 40, 63, NULL),
(93, 1, 40, 69, NULL),
(93, 1, 40, 87, NULL),
(93, 1, 72, NULL, NULL),
(93, 1, 72, NULL, 156),
(93, 1, 90, NULL, NULL),
(93, 1, 90, NULL, 35),
(93, 1, 90, 64, NULL),
(93, 1, 90, 141, NULL),
(93, 1, 90, 162, NULL),
(93, 1, 295, NULL, NULL),
(93, 1, 295, 73, NULL),
(93, 1, 295, 74, NULL),
(93, 1, 295, 75, NULL),
(93, 1, 295, 76, NULL),
(93, 1, 295, 77, NULL),
(93, 1, 295, 78, NULL),
(93, 1, 295, 79, NULL),
(93, 1, 295, 81, NULL),
(93, 1, 295, 87, NULL),
(93, 1, 295, 88, NULL),
(93, 1, 295, 89, NULL),
(93, 1, 295, 188, NULL),
(93, 1, 295, 204, NULL),
(93, 1, 295, 206, NULL),
(94, 3, 40, NULL, NULL),
(94, 3, 40, NULL, 155),
(94, 3, 40, 63, NULL),
(94, 3, 40, 69, NULL),
(94, 3, 40, 87, NULL),
(94, 3, 169, NULL, NULL),
(94, 3, 169, NULL, 131),
(94, 3, 348, NULL, NULL),
(95, 5, 40, NULL, NULL),
(95, 5, 40, NULL, 155),
(95, 5, 40, 63, NULL),
(95, 5, 40, 69, NULL),
(95, 5, 40, 87, NULL),
(96, 1, 41, NULL, NULL),
(96, 1, 41, NULL, 157),
(96, 1, 41, 191, NULL),
(96, 1, 42, NULL, NULL),
(96, 1, 42, NULL, 136),
(96, 1, 42, NULL, 137),
(96, 1, 42, 150, NULL),
(96, 1, 42, 194, NULL),
(96, 1, 43, NULL, NULL),
(96, 1, 43, NULL, 134),
(96, 1, 43, 16, NULL),
(96, 1, 43, 56, NULL),
(96, 1, 43, 141, NULL),
(96, 1, 43, 143, NULL),
(96, 1, 43, 143, NULL),
(96, 1, 43, 143, NULL),
(96, 1, 44, NULL, NULL),
(96, 1, 44, NULL, 135),
(96, 1, 62, NULL, NULL),
(96, 1, 62, NULL, 111),
(96, 1, 62, 39, NULL),
(96, 1, 62, 56, NULL),
(96, 1, 62, 211, NULL),
(96, 1, 62, 211, NULL),
(96, 1, 155, NULL, NULL),
(96, 1, 155, NULL, 113),
(96, 1, 162, NULL, NULL),
(96, 1, 162, NULL, 121),
(96, 1, 162, 222, NULL),
(96, 1, 165, NULL, NULL),
(96, 1, 165, NULL, 125),
(96, 1, 166, NULL, NULL),
(96, 1, 166, NULL, 126),
(96, 1, 167, NULL, NULL),
(96, 1, 167, NULL, 127),
(96, 1, 167, 94, NULL),
(96, 1, 167, 215, NULL),
(96, 1, 168, NULL, NULL),
(96, 1, 168, NULL, 130),
(96, 1, 169, NULL, NULL),
(96, 1, 169, NULL, 131),
(96, 1, 171, NULL, NULL),
(96, 1, 171, NULL, 138),
(96, 1, 171, 91, NULL),
(96, 1, 171, 91, NULL),
(96, 1, 171, 91, NULL),
(96, 1, 171, 91, NULL),
(96, 1, 171, 155, NULL),
(96, 1, 171, 155, NULL),
(96, 1, 171, 155, NULL),
(96, 1, 171, 157, NULL),
(96, 1, 173, NULL, NULL),
(96, 1, 173, NULL, 185),
(96, 1, 173, 39, NULL),
(96, 1, 175, NULL, NULL),
(96, 1, 175, NULL, 186),
(96, 1, 180, NULL, NULL),
(96, 1, 180, NULL, 187),
(96, 1, 180, 48, NULL),
(96, 1, 180, 95, NULL),
(96, 1, 180, 95, NULL),
(96, 1, 180, 95, NULL),
(96, 1, 350, NULL, NULL),
(97, 3, 41, NULL, NULL),
(97, 3, 41, NULL, 157),
(97, 3, 41, 191, NULL),
(97, 3, 47, NULL, NULL),
(97, 3, 47, NULL, 22),
(97, 3, 47, 69, NULL),
(97, 3, 161, NULL, NULL),
(97, 3, 161, NULL, 120),
(97, 3, 162, NULL, NULL),
(97, 3, 162, NULL, 121),
(97, 3, 162, 222, NULL),
(97, 3, 168, NULL, NULL),
(97, 3, 168, NULL, 130),
(98, 5, 41, NULL, NULL),
(98, 5, 41, NULL, 157),
(98, 5, 41, 191, NULL),
(99, 3, 42, NULL, NULL),
(99, 3, 42, NULL, 136),
(99, 3, 42, NULL, 137),
(99, 3, 42, 150, NULL),
(99, 3, 42, 194, NULL),
(99, 3, 43, NULL, NULL),
(99, 3, 43, NULL, 134),
(99, 3, 43, 16, NULL),
(99, 3, 43, 56, NULL),
(99, 3, 43, 141, NULL),
(99, 3, 43, 143, NULL),
(99, 3, 43, 143, NULL),
(99, 3, 43, 143, NULL),
(99, 3, 44, NULL, NULL),
(99, 3, 44, NULL, 135),
(99, 3, 166, NULL, NULL),
(99, 3, 166, NULL, 126),
(99, 3, 167, NULL, NULL),
(99, 3, 167, NULL, 127),
(99, 3, 167, 94, NULL),
(99, 3, 167, 215, NULL),
(100, 5, 42, NULL, NULL),
(100, 5, 42, NULL, 136),
(100, 5, 42, NULL, 137),
(100, 5, 42, 150, NULL),
(100, 5, 42, 194, NULL),
(101, 5, 43, NULL, NULL),
(101, 5, 43, NULL, 134),
(101, 5, 43, 16, NULL),
(101, 5, 43, 56, NULL),
(101, 5, 43, 141, NULL),
(101, 5, 43, 143, NULL),
(101, 5, 43, 143, NULL),
(101, 5, 43, 143, NULL),
(102, 5, 44, NULL, NULL),
(102, 5, 44, NULL, 135),
(103, 1, 45, NULL, NULL),
(103, 1, 45, NULL, 128),
(103, 1, 45, 24, NULL),
(103, 1, 45, 25, NULL),
(103, 1, 45, 70, NULL),
(103, 1, 45, 112, NULL),
(103, 1, 45, 194, NULL),
(103, 1, 46, NULL, NULL),
(103, 1, 46, NULL, 129),
(103, 1, 46, 221, NULL),
(103, 1, 57, NULL, NULL),
(103, 1, 57, NULL, 30),
(103, 1, 57, 126, NULL),
(103, 1, 57, 159, NULL),
(104, 5, 45, NULL, NULL),
(104, 5, 45, NULL, 128),
(104, 5, 45, 24, NULL),
(104, 5, 45, 25, NULL),
(104, 5, 45, 70, NULL),
(104, 5, 45, 112, NULL),
(104, 5, 45, 194, NULL),
(105, 5, 46, NULL, NULL),
(105, 5, 46, NULL, 129),
(105, 5, 46, 221, NULL),
(106, 1, 47, NULL, NULL),
(106, 1, 47, NULL, 22),
(106, 1, 47, 69, NULL),
(106, 1, 50, NULL, NULL),
(106, 1, 50, NULL, 25),
(106, 1, 50, 16, NULL),
(106, 1, 50, 36, NULL),
(106, 1, 50, 61, NULL),
(106, 1, 51, NULL, NULL),
(106, 1, 51, NULL, 26),
(106, 1, 51, NULL, 193),
(106, 1, 51, 43, NULL),
(106, 1, 51, 45, NULL),
(106, 1, 51, 115, NULL),
(106, 1, 51, 120, NULL),
(106, 1, 51, 177, NULL),
(106, 1, 51, 177, NULL),
(106, 1, 51, 178, NULL),
(106, 1, 52, NULL, NULL),
(106, 1, 52, NULL, 27),
(106, 1, 52, NULL, 195),
(106, 1, 52, 49, NULL),
(106, 1, 52, 141, NULL),
(106, 1, 52, 189, NULL),
(106, 1, 52, 189, NULL),
(106, 1, 52, 194, NULL),
(106, 1, 52, 215, NULL),
(106, 1, 54, NULL, NULL),
(106, 1, 54, NULL, 132),
(106, 1, 54, 14, NULL),
(106, 1, 54, 72, NULL),
(106, 1, 54, 82, NULL),
(106, 1, 54, 92, NULL),
(106, 1, 54, 92, NULL),
(106, 1, 54, 102, NULL),
(106, 1, 54, 119, NULL),
(106, 1, 54, 128, NULL),
(106, 1, 54, 131, NULL),
(106, 1, 54, 131, NULL),
(106, 1, 54, 131, NULL),
(106, 1, 54, 134, NULL),
(106, 1, 54, 181, NULL),
(106, 1, 54, 188, NULL),
(106, 1, 54, 193, NULL),
(106, 1, 54, 194, NULL),
(106, 1, 54, 220, NULL),
(106, 1, 60, NULL, NULL),
(106, 1, 60, NULL, 31),
(106, 1, 60, NULL, 32),
(106, 1, 60, NULL, 33),
(106, 1, 61, NULL, NULL),
(106, 1, 61, NULL, 160),
(106, 1, 89, NULL, NULL),
(106, 1, 89, NULL, 29),
(106, 1, 89, 105, NULL),
(106, 1, 89, 155, NULL),
(106, 1, 89, 155, NULL),
(106, 1, 89, 155, NULL),
(106, 1, 187, NULL, NULL),
(106, 1, 187, NULL, 190),
(106, 1, 187, 41, NULL),
(106, 1, 187, 47, NULL),
(106, 1, 191, NULL, NULL),
(106, 1, 191, NULL, 196),
(106, 1, 258, NULL, NULL),
(106, 1, 258, NULL, 217),
(106, 1, 258, 51, NULL),
(106, 1, 258, 58, NULL),
(106, 1, 258, 85, NULL),
(106, 1, 335, NULL, NULL),
(106, 1, 336, NULL, NULL),
(106, 1, 336, 137, NULL),
(107, 5, 47, NULL, NULL),
(107, 5, 47, NULL, 22),
(107, 5, 47, 69, NULL),
(108, 1, 48, NULL, NULL),
(108, 1, 48, NULL, 23),
(108, 1, 48, 40, NULL),
(108, 1, 48, 186, NULL),
(108, 1, 69, NULL, NULL),
(108, 1, 69, NULL, 169),
(108, 1, 69, 129, NULL),
(109, 5, 48, NULL, NULL),
(109, 5, 48, NULL, 23),
(109, 5, 48, 40, NULL),
(109, 5, 48, 186, NULL),
(110, 1, 49, NULL, NULL),
(110, 1, 49, NULL, 24),
(110, 1, 49, NULL, 197),
(110, 1, 55, NULL, NULL),
(110, 1, 55, NULL, 158),
(110, 1, 55, 23, NULL),
(110, 1, 55, 32, NULL),
(110, 1, 55, 70, NULL),
(110, 1, 55, 99, NULL),
(110, 1, 55, 132, NULL),
(110, 1, 55, 141, NULL),
(110, 1, 55, 166, NULL),
(110, 1, 55, 168, NULL),
(110, 1, 55, 182, NULL),
(110, 1, 55, 194, NULL),
(110, 1, 55, 200, NULL),
(111, 5, 49, NULL, NULL),
(111, 5, 49, NULL, 24),
(111, 5, 49, NULL, 197),
(112, 5, 50, NULL, NULL),
(112, 5, 50, NULL, 25),
(112, 5, 50, 16, NULL),
(112, 5, 50, 36, NULL),
(112, 5, 50, 61, NULL),
(113, 5, 51, NULL, NULL),
(113, 5, 51, NULL, 26),
(113, 5, 51, NULL, 193),
(113, 5, 51, 43, NULL),
(113, 5, 51, 45, NULL),
(113, 5, 51, 115, NULL),
(113, 5, 51, 120, NULL),
(113, 5, 51, 177, NULL),
(113, 5, 51, 177, NULL),
(113, 5, 51, 178, NULL),
(114, 5, 52, NULL, NULL),
(114, 5, 52, NULL, 27),
(114, 5, 52, NULL, 195),
(114, 5, 52, 49, NULL),
(114, 5, 52, 141, NULL),
(114, 5, 52, 189, NULL),
(114, 5, 52, 189, NULL),
(114, 5, 52, 194, NULL),
(114, 5, 52, 215, NULL),
(115, 5, 53, NULL, NULL),
(115, 5, 53, NULL, 28),
(115, 5, 53, 46, NULL),
(115, 5, 53, 58, NULL),
(115, 5, 53, 117, NULL),
(116, 3, 54, NULL, NULL),
(116, 3, 54, NULL, 132),
(116, 3, 54, 14, NULL),
(116, 3, 54, 72, NULL),
(116, 3, 54, 82, NULL),
(116, 3, 54, 92, NULL),
(116, 3, 54, 92, NULL),
(116, 3, 54, 102, NULL),
(116, 3, 54, 119, NULL),
(116, 3, 54, 128, NULL),
(116, 3, 54, 131, NULL),
(116, 3, 54, 131, NULL),
(116, 3, 54, 131, NULL),
(116, 3, 54, 134, NULL),
(116, 3, 54, 181, NULL),
(116, 3, 54, 188, NULL),
(116, 3, 54, 193, NULL),
(116, 3, 54, 194, NULL),
(116, 3, 54, 220, NULL),
(116, 3, 55, NULL, NULL),
(116, 3, 55, NULL, 158),
(116, 3, 55, 23, NULL),
(116, 3, 55, 32, NULL),
(116, 3, 55, 70, NULL),
(116, 3, 55, 99, NULL),
(116, 3, 55, 132, NULL),
(116, 3, 55, 141, NULL),
(116, 3, 55, 166, NULL),
(116, 3, 55, 168, NULL),
(116, 3, 55, 182, NULL),
(116, 3, 55, 194, NULL),
(116, 3, 55, 200, NULL),
(116, 3, 163, NULL, NULL),
(116, 3, 163, NULL, 122),
(116, 3, 163, 141, NULL),
(116, 3, 164, NULL, NULL),
(116, 3, 164, NULL, 123),
(116, 3, 164, 8, NULL),
(116, 3, 164, 9, NULL),
(116, 3, 164, 10, NULL),
(116, 3, 164, 11, NULL),
(116, 3, 164, 12, NULL),
(116, 3, 164, 13, NULL),
(116, 3, 164, 97, NULL),
(116, 3, 351, NULL, NULL),
(117, 5, 54, NULL, NULL),
(117, 5, 54, NULL, 132),
(117, 5, 54, 14, NULL),
(117, 5, 54, 72, NULL),
(117, 5, 54, 82, NULL),
(117, 5, 54, 92, NULL),
(117, 5, 54, 92, NULL),
(117, 5, 54, 102, NULL),
(117, 5, 54, 119, NULL),
(117, 5, 54, 128, NULL),
(117, 5, 54, 131, NULL),
(117, 5, 54, 131, NULL),
(117, 5, 54, 131, NULL),
(117, 5, 54, 134, NULL),
(117, 5, 54, 181, NULL),
(117, 5, 54, 188, NULL),
(117, 5, 54, 193, NULL),
(117, 5, 54, 194, NULL),
(117, 5, 54, 220, NULL),
(118, 5, 55, NULL, NULL),
(118, 5, 55, NULL, 158),
(118, 5, 55, 23, NULL),
(118, 5, 55, 32, NULL),
(118, 5, 55, 70, NULL),
(118, 5, 55, 99, NULL),
(118, 5, 55, 132, NULL),
(118, 5, 55, 141, NULL),
(118, 5, 55, 166, NULL),
(118, 5, 55, 168, NULL),
(118, 5, 55, 182, NULL),
(118, 5, 55, 194, NULL),
(118, 5, 55, 200, NULL),
(119, 2, 56, NULL, NULL),
(119, 2, 56, NULL, 34),
(119, 2, 56, 182, NULL),
(119, 2, 57, NULL, NULL),
(119, 2, 57, NULL, 30),
(119, 2, 57, 126, NULL),
(119, 2, 57, 159, NULL),
(119, 2, 73, NULL, NULL),
(119, 2, 73, NULL, 174),
(119, 2, 74, NULL, NULL),
(119, 2, 74, NULL, 175),
(119, 2, 75, NULL, NULL),
(119, 2, 75, NULL, 176),
(119, 2, 76, NULL, NULL),
(119, 2, 76, NULL, 180),
(119, 2, 77, NULL, NULL),
(119, 2, 77, NULL, 178),
(119, 2, 77, 144, NULL),
(119, 2, 77, 144, NULL),
(119, 2, 77, 197, NULL),
(119, 2, 77, 198, NULL),
(119, 2, 78, NULL, NULL),
(119, 2, 78, NULL, 179),
(119, 2, 78, 204, NULL),
(119, 2, 78, 206, NULL),
(119, 2, 79, NULL, NULL),
(119, 2, 79, NULL, 177),
(119, 2, 79, 104, NULL),
(119, 2, 79, 144, NULL),
(119, 2, 79, 144, NULL),
(119, 2, 79, 204, NULL),
(119, 2, 79, 206, NULL),
(119, 2, 80, NULL, NULL),
(119, 2, 80, NULL, 173),
(119, 2, 81, NULL, NULL),
(119, 2, 81, NULL, 171),
(119, 2, 89, NULL, NULL),
(119, 2, 89, NULL, 29),
(119, 2, 89, 105, NULL),
(119, 2, 89, 155, NULL),
(119, 2, 89, 155, NULL),
(119, 2, 89, 155, NULL),
(119, 2, 166, NULL, NULL),
(119, 2, 166, NULL, 126),
(119, 2, 167, NULL, NULL),
(119, 2, 167, NULL, 127),
(119, 2, 167, 94, NULL),
(119, 2, 167, 215, NULL),
(119, 2, 169, NULL, NULL),
(119, 2, 169, NULL, 131),
(119, 2, 196, NULL, NULL),
(119, 2, 196, NULL, 200),
(119, 2, 198, NULL, NULL),
(119, 2, 198, NULL, 201),
(119, 2, 200, NULL, NULL),
(119, 2, 200, NULL, 202),
(119, 2, 202, NULL, NULL),
(119, 2, 202, NULL, 203),
(119, 2, 203, NULL, NULL),
(119, 2, 203, NULL, 204),
(119, 2, 223, NULL, NULL),
(119, 2, 223, NULL, 209),
(119, 2, 223, NULL, 210),
(119, 2, 243, NULL, NULL),
(119, 2, 243, NULL, 213),
(119, 2, 248, NULL, NULL),
(119, 2, 248, NULL, 214),
(119, 2, 248, NULL, 215),
(119, 2, 248, NULL, 216),
(119, 2, 248, 94, NULL),
(119, 2, 292, NULL, NULL),
(119, 2, 293, NULL, NULL),
(119, 2, 294, NULL, NULL),
(119, 2, 295, NULL, NULL),
(119, 2, 295, 73, NULL),
(119, 2, 295, 74, NULL),
(119, 2, 295, 75, NULL),
(119, 2, 295, 76, NULL),
(119, 2, 295, 77, NULL),
(119, 2, 295, 78, NULL),
(119, 2, 295, 79, NULL),
(119, 2, 295, 81, NULL),
(119, 2, 295, 87, NULL),
(119, 2, 295, 88, NULL),
(119, 2, 295, 89, NULL),
(119, 2, 295, 188, NULL),
(119, 2, 295, 204, NULL),
(119, 2, 295, 206, NULL),
(120, 3, 56, NULL, NULL),
(120, 3, 56, NULL, 34),
(120, 3, 56, 182, NULL),
(120, 3, 70, NULL, NULL),
(120, 3, 70, NULL, 168),
(120, 3, 70, NULL, 194),
(121, 5, 56, NULL, NULL),
(121, 5, 56, NULL, 34),
(121, 5, 56, 182, NULL),
(122, 3, 57, NULL, NULL),
(122, 3, 57, NULL, 30),
(122, 3, 57, 126, NULL),
(122, 3, 57, 159, NULL),
(123, 5, 57, NULL, NULL),
(123, 5, 57, NULL, 30),
(123, 5, 57, 126, NULL),
(123, 5, 57, 159, NULL),
(124, 1, 58, NULL, NULL),
(124, 1, 58, NULL, 159),
(124, 1, 59, NULL, NULL),
(124, 1, 59, NULL, 161),
(124, 1, 63, NULL, NULL),
(124, 1, 63, NULL, 162),
(124, 1, 63, 7, NULL),
(124, 1, 63, 7, NULL),
(124, 1, 63, 57, NULL),
(124, 1, 63, 91, NULL),
(124, 1, 63, 91, NULL),
(124, 1, 63, 91, NULL),
(124, 1, 63, 91, NULL),
(124, 1, 65, NULL, NULL),
(124, 1, 65, NULL, 164),
(124, 1, 66, NULL, NULL),
(124, 1, 66, NULL, 165),
(124, 1, 66, 57, NULL),
(124, 1, 66, 91, NULL),
(124, 1, 66, 91, NULL),
(124, 1, 66, 91, NULL),
(124, 1, 66, 91, NULL),
(124, 1, 67, NULL, NULL),
(124, 1, 67, NULL, 166),
(124, 1, 67, 21, NULL),
(124, 1, 263, NULL, NULL),
(124, 1, 263, NULL, 219),
(124, 1, 264, NULL, NULL),
(124, 1, 264, NULL, 220),
(124, 1, 264, 211, NULL),
(124, 1, 291, NULL, NULL),
(124, 1, 291, NULL, 231),
(124, 1, 331, NULL, NULL),
(124, 1, 331, NULL, 262),
(125, 3, 58, NULL, NULL),
(125, 3, 58, NULL, 159),
(125, 3, 71, NULL, NULL),
(125, 3, 71, NULL, 170),
(125, 3, 71, 17, NULL),
(125, 3, 71, 43, NULL),
(125, 3, 71, 45, NULL),
(125, 3, 71, 141, NULL),
(125, 3, 71, 207, NULL),
(126, 5, 58, NULL, NULL),
(126, 5, 58, NULL, 159),
(127, 3, 59, NULL, NULL),
(127, 3, 59, NULL, 161),
(127, 3, 61, NULL, NULL),
(127, 3, 61, NULL, 160),
(127, 3, 171, NULL, NULL),
(127, 3, 171, NULL, 138),
(127, 3, 171, 91, NULL),
(127, 3, 171, 91, NULL),
(127, 3, 171, 91, NULL),
(127, 3, 171, 91, NULL),
(127, 3, 171, 155, NULL),
(127, 3, 171, 155, NULL),
(127, 3, 171, 155, NULL),
(127, 3, 171, 157, NULL),
(127, 3, 180, NULL, NULL),
(127, 3, 180, NULL, 187),
(127, 3, 180, 48, NULL),
(127, 3, 180, 95, NULL),
(127, 3, 180, 95, NULL),
(127, 3, 180, 95, NULL),
(127, 3, 192, NULL, NULL),
(127, 3, 192, NULL, 198),
(127, 3, 192, 84, NULL),
(127, 3, 192, 132, NULL),
(127, 3, 192, 135, NULL),
(127, 3, 192, 193, NULL),
(127, 3, 192, 209, NULL),
(127, 3, 192, 210, NULL),
(127, 3, 239, NULL, NULL),
(127, 3, 239, NULL, 212),
(127, 3, 254, NULL, NULL),
(127, 3, 254, 110, NULL),
(127, 3, 255, NULL, NULL),
(127, 3, 255, 100, NULL),
(127, 3, 255, 100, NULL),
(127, 3, 255, 130, NULL),
(127, 3, 255, 131, NULL),
(127, 3, 255, 131, NULL),
(127, 3, 255, 131, NULL),
(127, 3, 265, NULL, NULL),
(127, 3, 265, NULL, 221),
(127, 3, 308, NULL, NULL),
(127, 3, 329, NULL, NULL),
(127, 3, 329, NULL, 260),
(128, 5, 59, NULL, NULL),
(128, 5, 59, NULL, 161),
(129, 3, 60, NULL, NULL),
(129, 3, 60, NULL, 31),
(129, 3, 60, NULL, 32),
(129, 3, 60, NULL, 33),
(130, 5, 60, NULL, NULL),
(130, 5, 60, NULL, 31),
(130, 5, 60, NULL, 32),
(130, 5, 60, NULL, 33),
(131, 5, 61, NULL, NULL),
(131, 5, 61, NULL, 160),
(132, 3, 62, NULL, NULL),
(132, 3, 62, NULL, 111),
(132, 3, 62, 39, NULL),
(132, 3, 62, 56, NULL),
(132, 3, 62, 211, NULL),
(132, 3, 62, 211, NULL),
(133, 5, 62, NULL, NULL),
(133, 5, 62, NULL, 111),
(133, 5, 62, 39, NULL),
(133, 5, 62, 56, NULL),
(133, 5, 62, 211, NULL),
(133, 5, 62, 211, NULL),
(134, 2, 63, NULL, NULL),
(134, 2, 63, NULL, 162),
(134, 2, 63, 7, NULL),
(134, 2, 63, 7, NULL),
(134, 2, 63, 57, NULL),
(134, 2, 63, 91, NULL),
(134, 2, 63, 91, NULL),
(134, 2, 63, 91, NULL),
(134, 2, 63, 91, NULL),
(134, 2, 64, NULL, NULL),
(134, 2, 64, NULL, 163),
(134, 2, 65, NULL, NULL),
(134, 2, 65, NULL, 164),
(134, 2, 66, NULL, NULL),
(134, 2, 66, NULL, 165),
(134, 2, 66, 57, NULL),
(134, 2, 66, 91, NULL),
(134, 2, 66, 91, NULL),
(134, 2, 66, 91, NULL),
(134, 2, 66, 91, NULL),
(134, 2, 67, NULL, NULL),
(134, 2, 67, NULL, 166),
(134, 2, 67, 21, NULL),
(134, 2, 68, NULL, NULL),
(134, 2, 68, NULL, 167),
(134, 2, 68, 20, NULL),
(134, 2, 68, 155, NULL),
(134, 2, 68, 155, NULL),
(134, 2, 68, 155, NULL),
(134, 2, 333, NULL, NULL),
(134, 2, 333, 119, NULL),
(134, 3, 199, NULL, NULL),
(134, 3, 199, 131, NULL),
(134, 3, 199, 131, NULL),
(134, 3, 199, 131, NULL),
(134, 3, 199, 131, NULL),
(134, 3, 199, 131, NULL),
(134, 3, 201, NULL, NULL),
(134, 3, 204, NULL, NULL),
(134, 3, 205, NULL, NULL),
(134, 3, 206, NULL, NULL),
(134, 3, 207, NULL, NULL),
(134, 3, 209, NULL, NULL),
(135, 3, 63, NULL, NULL),
(135, 3, 63, NULL, 162),
(135, 3, 63, 7, NULL),
(135, 3, 63, 7, NULL),
(135, 3, 63, 57, NULL),
(135, 3, 63, 91, NULL),
(135, 3, 63, 91, NULL),
(135, 3, 63, 91, NULL),
(135, 3, 63, 91, NULL),
(136, 5, 63, NULL, NULL),
(136, 5, 63, NULL, 162),
(136, 5, 63, 7, NULL),
(136, 5, 63, 7, NULL),
(136, 5, 63, 57, NULL),
(136, 5, 63, 91, NULL),
(136, 5, 63, 91, NULL),
(136, 5, 63, 91, NULL),
(136, 5, 63, 91, NULL),
(137, 1, 64, NULL, NULL),
(137, 1, 64, NULL, 163),
(138, 3, 64, NULL, NULL),
(138, 3, 64, NULL, 163),
(138, 3, 303, NULL, NULL),
(138, 3, 303, NULL, 239),
(138, 3, 311, NULL, NULL),
(138, 3, 311, NULL, 243),
(138, 3, 362, NULL, NULL),
(138, 3, 362, NULL, 272),
(139, 5, 64, NULL, NULL),
(139, 5, 64, NULL, 163),
(140, 3, 65, NULL, NULL),
(140, 3, 65, NULL, 164),
(140, 3, 66, NULL, NULL),
(140, 3, 66, NULL, 165),
(140, 3, 66, 57, NULL),
(140, 3, 66, 91, NULL),
(140, 3, 66, 91, NULL),
(140, 3, 66, 91, NULL),
(140, 3, 66, 91, NULL),
(140, 3, 67, NULL, NULL),
(140, 3, 67, NULL, 166),
(140, 3, 67, 21, NULL),
(140, 3, 327, NULL, NULL),
(140, 3, 327, NULL, 258),
(141, 5, 65, NULL, NULL),
(141, 5, 65, NULL, 164),
(142, 5, 66, NULL, NULL),
(142, 5, 66, NULL, 165),
(142, 5, 66, 57, NULL),
(142, 5, 66, 91, NULL),
(142, 5, 66, 91, NULL),
(142, 5, 66, 91, NULL),
(142, 5, 66, 91, NULL),
(143, 5, 67, NULL, NULL),
(143, 5, 67, NULL, 166),
(143, 5, 67, 21, NULL),
(144, 1, 68, NULL, NULL),
(144, 1, 68, NULL, 167),
(144, 1, 68, 20, NULL),
(144, 1, 68, 155, NULL),
(144, 1, 68, 155, NULL),
(144, 1, 68, 155, NULL),
(144, 1, 265, NULL, NULL),
(144, 1, 265, NULL, 221),
(145, 3, 68, NULL, NULL),
(145, 3, 68, NULL, 167),
(145, 3, 68, 20, NULL),
(145, 3, 68, 155, NULL),
(145, 3, 68, 155, NULL),
(145, 3, 68, 155, NULL),
(146, 3, 69, NULL, NULL),
(146, 3, 69, NULL, 169),
(146, 3, 69, 129, NULL),
(146, 3, 335, NULL, NULL),
(146, 3, 336, NULL, NULL),
(146, 3, 336, 137, NULL),
(147, 5, 69, NULL, NULL),
(147, 5, 69, NULL, 169),
(147, 5, 69, 129, NULL),
(148, 5, 68, NULL, NULL),
(148, 5, 68, NULL, 167),
(148, 5, 68, 20, NULL),
(148, 5, 68, 155, NULL),
(148, 5, 68, 155, NULL),
(148, 5, 68, 155, NULL),
(149, 1, 70, NULL, NULL),
(149, 1, 70, NULL, 168),
(149, 1, 70, NULL, 194),
(150, 2, 70, NULL, NULL),
(150, 2, 70, NULL, 168),
(150, 2, 70, NULL, 194),
(150, 2, 71, NULL, NULL),
(150, 2, 71, NULL, 170),
(150, 2, 71, 17, NULL),
(150, 2, 71, 43, NULL),
(150, 2, 71, 45, NULL),
(150, 2, 71, 141, NULL),
(150, 2, 71, 207, NULL),
(150, 2, 72, NULL, NULL),
(150, 2, 72, NULL, 156),
(150, 2, 82, NULL, NULL),
(150, 2, 82, NULL, 181),
(150, 2, 83, NULL, NULL),
(150, 2, 83, NULL, 172),
(150, 2, 84, NULL, NULL),
(150, 2, 84, NULL, 182),
(150, 2, 84, 54, NULL),
(150, 2, 84, 174, NULL),
(150, 2, 85, NULL, NULL),
(150, 2, 85, NULL, 183),
(150, 2, 170, NULL, NULL),
(150, 2, 170, NULL, 133),
(150, 2, 291, NULL, NULL),
(150, 2, 291, NULL, 231),
(150, 2, 314, NULL, NULL),
(150, 2, 314, NULL, 245),
(150, 2, 316, NULL, NULL),
(150, 2, 316, NULL, 247),
(150, 2, 320, NULL, NULL),
(150, 2, 320, NULL, 252),
(150, 2, 358, NULL, NULL),
(150, 2, 358, NULL, 268),
(150, 2, 359, NULL, NULL),
(150, 2, 359, NULL, 269),
(151, 5, 70, NULL, NULL),
(151, 5, 70, NULL, 168),
(151, 5, 70, NULL, 194),
(152, 1, 71, NULL, NULL),
(152, 1, 71, NULL, 170),
(152, 1, 71, 17, NULL),
(152, 1, 71, 43, NULL),
(152, 1, 71, 45, NULL),
(152, 1, 71, 141, NULL),
(152, 1, 71, 207, NULL),
(153, 5, 71, NULL, NULL),
(153, 5, 71, NULL, 170),
(153, 5, 71, 17, NULL),
(153, 5, 71, 43, NULL),
(153, 5, 71, 45, NULL),
(153, 5, 71, 141, NULL),
(153, 5, 71, 207, NULL),
(154, 5, 72, NULL, 156),
(155, 1, 73, NULL, NULL),
(155, 1, 73, NULL, 174),
(157, 1, 74, NULL, NULL),
(157, 1, 74, NULL, 175),
(159, 1, 75, NULL, NULL),
(159, 1, 75, NULL, 176),
(160, 3, 75, NULL, NULL),
(160, 3, 75, NULL, 176),
(160, 3, 77, NULL, NULL),
(160, 3, 77, NULL, 178),
(160, 3, 77, 144, NULL),
(160, 3, 77, 144, NULL),
(160, 3, 77, 197, NULL),
(160, 3, 77, 198, NULL),
(160, 3, 78, NULL, NULL),
(160, 3, 78, NULL, 179),
(160, 3, 78, 204, NULL),
(160, 3, 78, 206, NULL),
(160, 3, 79, NULL, NULL),
(160, 3, 79, NULL, 177),
(160, 3, 79, 104, NULL),
(160, 3, 79, 144, NULL),
(160, 3, 79, 144, NULL),
(160, 3, 79, 204, NULL),
(160, 3, 79, 206, NULL),
(160, 3, 81, NULL, NULL),
(160, 3, 81, NULL, 171),
(160, 3, 82, NULL, NULL),
(160, 3, 82, NULL, 181),
(160, 3, 90, NULL, NULL),
(160, 3, 90, NULL, 35),
(160, 3, 90, 64, NULL),
(160, 3, 90, 141, NULL),
(160, 3, 90, 162, NULL),
(161, 5, 75, NULL, NULL),
(161, 5, 75, NULL, 176),
(162, 1, 76, NULL, NULL),
(162, 1, 76, NULL, 180),
(163, 3, 76, NULL, NULL),
(163, 3, 76, NULL, 180),
(165, 1, 77, NULL, NULL),
(165, 1, 77, NULL, 178),
(165, 1, 77, 144, NULL),
(165, 1, 77, 144, NULL),
(165, 1, 77, 197, NULL),
(165, 1, 77, 198, NULL),
(165, 1, 78, NULL, NULL),
(165, 1, 78, NULL, 179),
(165, 1, 78, 204, NULL),
(165, 1, 78, 206, NULL),
(165, 1, 79, NULL, NULL),
(165, 1, 79, NULL, 177),
(165, 1, 79, 104, NULL),
(165, 1, 79, 144, NULL),
(165, 1, 79, 144, NULL),
(165, 1, 79, 204, NULL),
(165, 1, 79, 206, NULL),
(165, 1, 84, NULL, NULL),
(165, 1, 84, NULL, 182),
(165, 1, 84, 54, NULL),
(165, 1, 84, 174, NULL),
(166, 1, 80, NULL, NULL),
(166, 1, 80, NULL, 173),
(167, 3, 80, NULL, NULL),
(167, 3, 80, NULL, 173),
(168, 1, 81, NULL, NULL),
(168, 1, 81, NULL, 171),
(168, 1, 83, NULL, NULL),
(168, 1, 83, NULL, 172),
(169, 1, 82, NULL, NULL),
(169, 1, 82, NULL, 181),
(170, 5, 82, NULL, NULL),
(170, 5, 82, NULL, 181),
(172, 5, 84, NULL, NULL),
(172, 5, 84, NULL, 182),
(172, 5, 84, 54, NULL),
(172, 5, 84, 174, NULL),
(173, 1, 85, NULL, NULL),
(173, 1, 85, NULL, 183),
(174, 1, 86, NULL, NULL),
(174, 1, 86, NULL, 184),
(174, 1, 86, 98, NULL),
(174, 1, 86, 203, NULL),
(174, 1, 143, NULL, NULL),
(174, 1, 143, NULL, 101),
(174, 1, 266, NULL, NULL),
(174, 1, 266, NULL, 222),
(174, 1, 266, 213, NULL),
(175, 3, 86, NULL, NULL),
(175, 3, 86, NULL, 184),
(175, 3, 86, 98, NULL),
(175, 3, 86, 203, NULL),
(176, 5, 86, NULL, NULL),
(176, 5, 86, NULL, 184),
(176, 5, 86, 98, NULL),
(176, 5, 86, 203, NULL),
(177, 3, 85, NULL, NULL),
(177, 3, 85, NULL, 183),
(178, 5, 85, NULL, NULL),
(178, 5, 85, NULL, 183),
(179, 5, 87, NULL, NULL),
(179, 5, 87, NULL, 81),
(179, 5, 87, 205, NULL),
(180, 1, 88, NULL, NULL),
(180, 1, 88, NULL, 92),
(180, 1, 287, NULL, NULL),
(180, 1, 287, 155, NULL),
(180, 1, 287, 155, NULL),
(180, 1, 287, 155, NULL),
(181, 2, 86, NULL, NULL),
(181, 2, 86, NULL, 184),
(181, 2, 86, 98, NULL),
(181, 2, 86, 203, NULL),
(181, 2, 88, NULL, NULL),
(181, 2, 88, NULL, 92),
(181, 2, 101, NULL, NULL),
(181, 2, 101, NULL, 51),
(181, 2, 124, NULL, NULL),
(181, 2, 124, NULL, 77),
(181, 2, 124, 15, NULL),
(181, 2, 125, NULL, NULL),
(181, 2, 125, NULL, 78),
(181, 2, 125, 59, NULL),
(181, 2, 125, 65, NULL),
(181, 2, 125, 67, NULL),
(181, 2, 125, 68, NULL),
(181, 2, 125, 148, NULL),
(181, 2, 125, 179, NULL),
(181, 2, 125, 183, NULL),
(181, 2, 125, 183, NULL),
(181, 2, 125, 220, NULL),
(181, 2, 126, NULL, NULL),
(181, 2, 126, NULL, 79),
(181, 2, 126, 15, NULL),
(181, 2, 126, 219, NULL),
(181, 2, 127, NULL, NULL),
(181, 2, 127, NULL, 80),
(181, 2, 133, NULL, NULL),
(181, 2, 133, NULL, 88),
(181, 2, 133, 16, NULL),
(181, 2, 133, 70, NULL),
(181, 2, 141, NULL, NULL),
(181, 2, 141, NULL, 99),
(181, 2, 142, NULL, NULL),
(181, 2, 142, NULL, 100),
(181, 2, 142, 193, NULL),
(182, 3, 88, NULL, NULL),
(182, 3, 88, NULL, 92),
(182, 3, 287, NULL, NULL),
(182, 3, 287, 155, NULL),
(182, 3, 287, 155, NULL),
(182, 3, 287, 155, NULL),
(183, 5, 88, NULL, NULL),
(183, 5, 88, NULL, 92),
(184, 3, 89, NULL, NULL),
(184, 3, 89, NULL, 29),
(184, 3, 89, 105, NULL),
(184, 3, 89, 155, NULL),
(184, 3, 89, 155, NULL),
(184, 3, 89, 155, NULL),
(185, 5, 89, NULL, NULL),
(185, 5, 89, NULL, 29),
(185, 5, 89, 105, NULL),
(185, 5, 89, 155, NULL),
(185, 5, 89, 155, NULL),
(185, 5, 89, 155, NULL),
(186, 5, 90, NULL, NULL),
(186, 5, 90, NULL, 35),
(186, 5, 90, 64, NULL),
(186, 5, 90, 141, NULL),
(186, 5, 90, 162, NULL),
(187, 1, 91, NULL, NULL),
(187, 1, 91, NULL, 41),
(187, 1, 91, 107, NULL),
(187, 1, 96, NULL, NULL),
(187, 1, 96, NULL, 46),
(187, 1, 97, NULL, NULL),
(187, 1, 97, NULL, 47),
(187, 1, 97, 6, NULL),
(187, 1, 98, NULL, NULL),
(187, 1, 98, NULL, 48),
(187, 1, 98, 7, NULL),
(187, 1, 98, 7, NULL),
(187, 1, 98, 7, NULL),
(187, 1, 99, NULL, NULL),
(187, 1, 99, NULL, 49),
(187, 1, 100, NULL, NULL),
(187, 1, 100, NULL, 50),
(187, 1, 100, NULL, 52),
(187, 1, 101, NULL, NULL),
(187, 1, 101, NULL, 51),
(188, 5, 91, NULL, NULL),
(188, 5, 91, NULL, 41),
(188, 5, 91, 107, NULL),
(189, 1, 92, NULL, NULL),
(189, 1, 92, NULL, 43),
(189, 1, 92, 56, NULL),
(189, 1, 92, 155, NULL),
(189, 1, 92, 155, NULL),
(189, 1, 92, 155, NULL),
(189, 1, 93, NULL, NULL),
(189, 1, 93, NULL, 42),
(189, 1, 94, NULL, NULL),
(189, 1, 94, NULL, 44),
(189, 1, 95, NULL, NULL),
(189, 1, 95, NULL, 45),
(189, 1, 102, NULL, NULL),
(189, 1, 102, NULL, 53),
(189, 1, 102, 135, NULL),
(189, 1, 102, 158, NULL),
(189, 1, 102, 158, NULL),
(189, 1, 103, NULL, NULL),
(189, 1, 103, NULL, 54),
(189, 1, 104, NULL, NULL),
(189, 1, 104, NULL, 55),
(189, 1, 104, 106, NULL),
(189, 1, 105, NULL, NULL),
(189, 1, 105, NULL, 56),
(189, 1, 105, 60, NULL),
(189, 1, 106, NULL, NULL),
(189, 1, 106, NULL, 57),
(189, 1, 106, 39, NULL),
(189, 1, 106, 187, NULL),
(189, 1, 107, NULL, NULL),
(189, 1, 107, NULL, 58),
(189, 1, 108, NULL, NULL),
(189, 1, 108, NULL, 59),
(189, 1, 109, NULL, NULL),
(189, 1, 109, NULL, 60),
(189, 1, 109, 192, NULL),
(189, 1, 110, NULL, NULL),
(189, 1, 110, NULL, 61),
(189, 1, 111, NULL, NULL),
(189, 1, 111, NULL, 62),
(189, 1, 111, 70, NULL),
(189, 1, 111, 95, NULL),
(189, 1, 111, 95, NULL),
(189, 1, 111, 95, NULL),
(189, 1, 112, NULL, NULL),
(189, 1, 112, NULL, 63),
(189, 1, 112, 95, NULL),
(189, 1, 112, 95, NULL),
(189, 1, 112, 95, NULL),
(189, 1, 112, 96, NULL),
(189, 1, 112, 185, NULL),
(189, 1, 112, 219, NULL),
(189, 1, 113, NULL, NULL),
(189, 1, 113, NULL, 64),
(189, 1, 114, NULL, NULL),
(189, 1, 114, NULL, 65),
(189, 1, 115, NULL, NULL),
(189, 1, 115, NULL, 66),
(189, 1, 115, 172, NULL),
(189, 1, 115, 172, NULL),
(189, 1, 115, 172, NULL),
(189, 1, 115, 216, NULL),
(189, 1, 116, NULL, NULL),
(189, 1, 116, NULL, 67),
(189, 1, 117, NULL, NULL),
(189, 1, 117, NULL, 68),
(189, 1, 117, 55, NULL),
(189, 1, 117, 109, NULL),
(189, 1, 118, NULL, NULL),
(189, 1, 118, NULL, 69),
(189, 1, 118, 16, NULL),
(189, 1, 118, 55, NULL),
(189, 1, 118, 215, NULL),
(189, 1, 122, NULL, NULL),
(189, 1, 122, NULL, 75),
(199, 5, 94, NULL, NULL),
(199, 5, 94, NULL, 44),
(200, 5, 95, NULL, NULL),
(200, 5, 95, NULL, 45),
(201, 3, 96, NULL, NULL),
(201, 3, 96, NULL, 46),
(201, 3, 97, NULL, NULL),
(201, 3, 97, NULL, 47),
(201, 3, 97, 6, NULL),
(201, 3, 290, NULL, NULL),
(201, 3, 290, NULL, 230),
(202, 5, 96, NULL, NULL),
(202, 5, 96, NULL, 46),
(203, 5, 97, NULL, 47),
(204, 5, 98, NULL, 48),
(205, 5, 99, NULL, NULL),
(205, 5, 99, NULL, 49),
(206, 3, 100, NULL, NULL),
(206, 3, 100, NULL, 50),
(206, 3, 100, NULL, 52),
(206, 3, 101, NULL, NULL),
(206, 3, 101, NULL, 51),
(206, 3, 144, NULL, NULL),
(206, 3, 144, NULL, 102),
(206, 3, 151, NULL, NULL),
(206, 3, 151, NULL, 109),
(206, 3, 152, NULL, NULL),
(206, 3, 152, NULL, 110),
(206, 3, 152, 216, NULL),
(209, 5, 101, NULL, 51),
(210, 3, 102, NULL, NULL),
(210, 3, 102, NULL, 53),
(210, 3, 102, 135, NULL),
(210, 3, 102, 158, NULL),
(210, 3, 102, 158, NULL),
(210, 3, 103, NULL, NULL),
(210, 3, 103, NULL, 54),
(210, 3, 282, NULL, NULL),
(210, 3, 282, 200, NULL),
(213, 3, 108, NULL, NULL),
(213, 3, 108, NULL, 59),
(214, 3, 111, NULL, NULL),
(214, 3, 111, NULL, 62),
(214, 3, 111, 70, NULL),
(214, 3, 111, 95, NULL),
(214, 3, 111, 95, NULL),
(214, 3, 111, 95, NULL),
(214, 3, 112, NULL, NULL),
(214, 3, 112, NULL, 63),
(214, 3, 112, 95, NULL),
(214, 3, 112, 95, NULL),
(214, 3, 112, 95, NULL),
(214, 3, 112, 96, NULL),
(214, 3, 112, 185, NULL),
(214, 3, 112, 219, NULL),
(215, 3, 119, NULL, NULL),
(215, 3, 119, NULL, 71),
(215, 3, 119, 170, NULL),
(215, 3, 159, NULL, NULL),
(215, 3, 159, NULL, 117),
(216, 3, 124, NULL, NULL),
(216, 3, 124, NULL, 77),
(216, 3, 124, 15, NULL),
(216, 3, 153, NULL, NULL),
(216, 3, 288, NULL, NULL),
(216, 3, 288, 66, NULL),
(216, 3, 312, NULL, NULL),
(216, 3, 312, 105, NULL),
(217, 1, 127, NULL, NULL),
(217, 1, 127, NULL, 80),
(217, 1, 128, NULL, NULL),
(217, 1, 128, NULL, 82),
(217, 1, 128, NULL, 124),
(217, 1, 128, NULL, 234),
(217, 1, 144, NULL, NULL),
(217, 1, 144, NULL, 102),
(217, 1, 145, NULL, NULL),
(217, 1, 145, NULL, 103),
(217, 1, 145, 23, NULL),
(217, 1, 160, NULL, NULL),
(217, 1, 160, NULL, 119),
(217, 1, 280, NULL, NULL),
(218, 2, 128, NULL, NULL),
(218, 2, 128, NULL, 82),
(218, 2, 128, NULL, 124),
(218, 2, 128, NULL, 234),
(219, 3, 128, NULL, NULL),
(219, 3, 128, NULL, 82),
(219, 3, 128, NULL, 124),
(219, 3, 128, NULL, 234),
(219, 3, 184, NULL, NULL),
(219, 3, 184, NULL, 188),
(219, 3, 184, 83, NULL),
(219, 3, 184, 155, NULL),
(219, 3, 184, 155, NULL),
(219, 3, 184, 155, NULL),
(220, 3, 129, NULL, NULL),
(220, 3, 129, NULL, 83),
(220, 3, 131, NULL, NULL),
(220, 3, 131, NULL, 85),
(221, 3, 130, NULL, NULL),
(221, 3, 130, NULL, 84),
(221, 3, 130, NULL, 244),
(222, 1, 135, NULL, NULL),
(222, 1, 135, NULL, 93),
(222, 1, 135, 98, NULL),
(222, 1, 135, 127, NULL),
(222, 1, 135, 146, NULL),
(222, 1, 135, 193, NULL),
(223, 2, 135, NULL, NULL),
(223, 2, 135, NULL, 93),
(223, 2, 135, 98, NULL),
(223, 2, 135, 127, NULL),
(223, 2, 135, 146, NULL),
(223, 2, 135, 193, NULL),
(223, 2, 136, NULL, NULL),
(223, 2, 136, NULL, 94),
(223, 2, 136, 44, NULL),
(223, 2, 136, 112, NULL),
(223, 2, 136, 144, NULL),
(223, 2, 136, 144, NULL),
(223, 2, 137, NULL, NULL),
(223, 2, 137, NULL, 95),
(223, 2, 137, 42, NULL),
(223, 2, 137, 73, NULL),
(223, 2, 137, 125, NULL),
(223, 2, 137, 132, NULL),
(223, 2, 137, 140, NULL),
(223, 2, 137, 142, NULL),
(223, 2, 137, 193, NULL),
(223, 2, 137, 194, NULL),
(223, 2, 140, NULL, NULL),
(223, 2, 140, NULL, 98),
(223, 2, 140, 61, NULL),
(223, 2, 140, 142, NULL),
(223, 2, 144, NULL, NULL),
(223, 2, 144, NULL, 102),
(223, 2, 146, NULL, NULL),
(223, 2, 146, NULL, 104),
(223, 2, 146, 145, NULL),
(223, 2, 147, NULL, NULL),
(223, 2, 147, NULL, 105),
(223, 2, 148, NULL, NULL),
(223, 2, 148, NULL, 106),
(223, 2, 148, 20, NULL),
(223, 2, 148, 105, NULL),
(223, 2, 148, 173, NULL),
(223, 2, 148, 175, NULL),
(223, 2, 148, 184, NULL),
(223, 2, 149, NULL, NULL),
(223, 2, 149, NULL, 107),
(223, 2, 150, NULL, NULL),
(223, 2, 150, NULL, 108),
(223, 2, 151, NULL, NULL),
(223, 2, 151, NULL, 109),
(223, 2, 152, NULL, NULL),
(223, 2, 152, NULL, 110),
(223, 2, 152, 216, NULL),
(223, 2, 270, NULL, NULL),
(223, 2, 270, NULL, 227),
(223, 2, 281, NULL, NULL),
(223, 2, 287, NULL, NULL),
(223, 2, 287, 155, NULL),
(223, 2, 287, 155, NULL),
(223, 2, 287, 155, NULL),
(224, 3, 135, NULL, NULL),
(224, 3, 135, NULL, 93),
(224, 3, 135, 98, NULL),
(224, 3, 135, 127, NULL),
(224, 3, 135, 146, NULL),
(224, 3, 135, 193, NULL),
(224, 3, 274, NULL, NULL),
(224, 3, 274, NULL, 233),
(224, 3, 276, NULL, NULL),
(224, 3, 284, NULL, NULL),
(225, 1, 136, NULL, NULL),
(225, 1, 136, NULL, 94),
(225, 1, 136, 44, NULL),
(225, 1, 136, 112, NULL),
(225, 1, 136, 144, NULL),
(225, 1, 136, 144, NULL),
(225, 1, 137, NULL, NULL),
(225, 1, 137, NULL, 95),
(225, 1, 137, 42, NULL),
(225, 1, 137, 73, NULL),
(225, 1, 137, 125, NULL),
(225, 1, 137, 132, NULL),
(225, 1, 137, 140, NULL),
(225, 1, 137, 142, NULL),
(225, 1, 137, 193, NULL),
(225, 1, 137, 194, NULL),
(225, 1, 138, NULL, NULL),
(225, 1, 138, NULL, 96),
(225, 1, 138, 142, NULL),
(225, 1, 138, 192, NULL),
(225, 1, 138, 207, NULL),
(225, 1, 139, NULL, NULL),
(225, 1, 139, NULL, 97),
(225, 1, 139, 33, NULL),
(225, 1, 139, 125, NULL),
(225, 1, 139, 214, NULL),
(225, 1, 140, NULL, NULL),
(225, 1, 140, NULL, 98),
(225, 1, 140, 61, NULL),
(225, 1, 140, 142, NULL),
(225, 1, 141, NULL, NULL),
(225, 1, 141, NULL, 99),
(225, 1, 142, NULL, NULL),
(225, 1, 142, NULL, 100),
(225, 1, 142, 193, NULL),
(226, 3, 136, NULL, NULL),
(226, 3, 136, NULL, 94),
(226, 3, 136, 44, NULL),
(226, 3, 136, 112, NULL),
(226, 3, 136, 144, NULL),
(226, 3, 136, 144, NULL),
(226, 3, 137, NULL, NULL),
(226, 3, 137, NULL, 95),
(226, 3, 137, 42, NULL),
(226, 3, 137, 73, NULL),
(226, 3, 137, 125, NULL),
(226, 3, 137, 132, NULL),
(226, 3, 137, 140, NULL),
(226, 3, 137, 142, NULL),
(226, 3, 137, 193, NULL),
(226, 3, 137, 194, NULL),
(226, 3, 346, NULL, NULL),
(226, 3, 346, NULL, 265),
(226, 3, 346, 207, NULL),
(227, 3, 138, NULL, NULL),
(227, 3, 138, NULL, 96),
(227, 3, 138, 142, NULL),
(227, 3, 138, 192, NULL),
(227, 3, 138, 207, NULL),
(227, 3, 139, NULL, NULL),
(227, 3, 139, NULL, 97),
(227, 3, 139, 33, NULL),
(227, 3, 139, 125, NULL),
(227, 3, 139, 214, NULL),
(227, 3, 140, NULL, NULL),
(227, 3, 140, NULL, 98),
(227, 3, 140, 61, NULL),
(227, 3, 140, 142, NULL),
(228, 3, 141, NULL, NULL),
(228, 3, 141, NULL, 99),
(228, 3, 142, NULL, NULL),
(228, 3, 142, NULL, 100),
(228, 3, 142, 193, NULL),
(229, 3, 143, NULL, NULL),
(229, 3, 143, NULL, 101),
(230, 3, 145, NULL, NULL),
(230, 3, 145, NULL, 103),
(230, 3, 145, 23, NULL),
(230, 3, 285, NULL, NULL),
(230, 3, 285, 80, NULL),
(231, 3, 146, NULL, NULL),
(231, 3, 146, NULL, 104),
(231, 3, 146, 145, NULL),
(232, 1, 153, NULL, NULL),
(232, 1, 288, NULL, NULL),
(232, 1, 288, 66, NULL),
(232, 1, 312, NULL, NULL),
(232, 1, 312, 105, NULL),
(232, 1, 332, NULL, NULL),
(232, 1, 332, NULL, 263),
(233, 3, 155, NULL, NULL),
(233, 3, 155, NULL, 113),
(233, 3, 262, NULL, NULL),
(233, 3, 262, NULL, 218),
(233, 3, 262, 185, NULL),
(233, 3, 262, 185, NULL),
(234, 1, 156, NULL, NULL),
(234, 1, 156, NULL, 115),
(234, 1, 156, 21, NULL),
(234, 1, 156, 211, NULL),
(234, 1, 156, 211, NULL),
(235, 2, 160, NULL, NULL),
(235, 2, 160, NULL, 119),
(236, 1, 161, NULL, NULL),
(236, 1, 161, NULL, 120),
(236, 1, 163, NULL, NULL),
(236, 1, 163, NULL, 122),
(236, 1, 163, 141, NULL),
(236, 1, 164, NULL, NULL),
(236, 1, 164, NULL, 123),
(236, 1, 164, 8, NULL),
(236, 1, 164, 9, NULL),
(236, 1, 164, 10, NULL),
(236, 1, 164, 11, NULL),
(236, 1, 164, 12, NULL),
(236, 1, 164, 13, NULL),
(236, 1, 164, 97, NULL),
(236, 1, 170, NULL, NULL),
(236, 1, 170, NULL, 133),
(236, 1, 351, NULL, NULL),
(238, 5, 92, NULL, NULL),
(238, 5, 92, 56, NULL),
(238, 5, 92, 155, NULL),
(238, 5, 92, 155, NULL),
(238, 5, 92, 155, NULL),
(241, 2, 307, NULL, NULL),
(241, 2, 307, 100, NULL),
(241, 2, 307, 104, NULL),
(241, 2, 309, NULL, NULL),
(241, 2, 309, 101, NULL),
(241, 2, 309, 131, NULL),
(241, 2, 309, 131, NULL),
(241, 2, 309, 134, NULL),
(241, 2, 309, 134, NULL),
(241, 2, 309, 134, NULL),
(241, 2, 326, NULL, NULL),
(241, 2, 326, 111, NULL),
(241, 2, 326, 152, NULL),
(241, 2, 326, 197, NULL),
(241, 2, 326, 209, NULL),
(241, 2, 326, 209, NULL),
(241, 2, 326, 209, NULL),
(241, 2, 326, 210, NULL),
(241, 2, 326, 210, NULL),
(241, 2, 326, 210, NULL),
(241, 2, 355, NULL, NULL),
(241, 2, 355, 196, NULL),
(241, 3, 172, NULL, NULL),
(241, 3, 172, 18, NULL),
(241, 3, 172, 18, NULL),
(241, 3, 172, 19, NULL),
(241, 3, 172, 22, NULL),
(241, 3, 183, NULL, NULL),
(241, 3, 183, 73, NULL),
(241, 3, 183, 78, NULL),
(241, 3, 183, 79, NULL),
(241, 3, 183, 87, NULL),
(241, 3, 183, 134, NULL),
(241, 3, 183, 204, NULL),
(241, 3, 183, 206, NULL),
(241, 3, 183, 206, NULL),
(241, 3, 186, NULL, NULL),
(241, 3, 186, 26, NULL),
(241, 3, 186, 26, NULL),
(241, 3, 186, 27, NULL),
(241, 3, 186, 27, NULL),
(241, 3, 186, 28, NULL),
(241, 3, 186, 29, NULL),
(241, 3, 186, 30, NULL),
(241, 3, 186, 31, NULL),
(241, 3, 186, 34, NULL),
(241, 3, 186, 35, NULL),
(241, 3, 186, 47, NULL),
(241, 3, 186, 113, NULL),
(241, 3, 186, 114, NULL),
(241, 3, 186, 116, NULL),
(241, 3, 186, 119, NULL),
(241, 3, 186, 120, NULL),
(241, 3, 186, 121, NULL),
(241, 3, 186, 122, NULL),
(241, 3, 186, 123, NULL),
(241, 3, 186, 130, NULL),
(241, 3, 186, 154, NULL),
(241, 3, 186, 164, NULL),
(241, 3, 186, 165, NULL),
(241, 3, 186, 167, NULL),
(241, 3, 186, 167, NULL),
(241, 3, 186, 169, NULL),
(241, 3, 186, 171, NULL),
(241, 3, 186, 171, NULL),
(241, 3, 186, 176, NULL),
(241, 3, 186, 180, NULL),
(241, 3, 186, 218, NULL),
(241, 3, 188, NULL, NULL),
(241, 3, 188, 35, NULL),
(241, 3, 188, 130, NULL),
(241, 3, 188, 171, NULL),
(241, 3, 188, 171, NULL),
(241, 3, 210, NULL, NULL),
(241, 3, 210, 77, NULL),
(241, 3, 210, 85, NULL),
(241, 3, 211, NULL, NULL),
(241, 3, 213, NULL, NULL),
(241, 3, 214, NULL, NULL),
(241, 3, 216, NULL, NULL),
(241, 3, 217, NULL, NULL),
(241, 3, 218, NULL, NULL),
(241, 3, 220, NULL, NULL),
(241, 3, 221, NULL, NULL),
(241, 3, 222, NULL, NULL),
(241, 3, 224, NULL, NULL),
(241, 3, 225, NULL, NULL),
(241, 3, 226, NULL, NULL),
(241, 3, 227, NULL, NULL),
(241, 3, 228, NULL, NULL),
(241, 3, 229, NULL, NULL),
(241, 3, 229, 104, NULL),
(241, 3, 230, NULL, NULL),
(241, 3, 231, NULL, NULL),
(241, 3, 231, 77, NULL),
(241, 3, 231, 87, NULL),
(241, 3, 231, 102, NULL),
(241, 3, 231, 103, NULL),
(241, 3, 231, 103, NULL),
(241, 3, 233, NULL, NULL),
(241, 3, 234, NULL, NULL),
(241, 3, 234, 134, NULL),
(241, 3, 235, NULL, NULL),
(241, 3, 236, NULL, NULL),
(241, 3, 237, NULL, NULL),
(241, 3, 245, NULL, NULL),
(241, 3, 246, NULL, NULL),
(241, 3, 247, NULL, NULL),
(241, 3, 249, NULL, NULL),
(241, 3, 249, 78, NULL),
(241, 3, 250, NULL, NULL),
(241, 3, 250, 100, NULL),
(241, 3, 250, 100, NULL),
(241, 3, 251, NULL, NULL),
(241, 3, 252, NULL, NULL),
(241, 3, 252, 49, NULL),
(241, 3, 252, 87, NULL),
(241, 3, 252, 100, NULL),
(241, 3, 252, 100, NULL),
(241, 3, 252, 131, NULL),
(241, 3, 252, 131, NULL),
(241, 3, 252, 131, NULL),
(241, 3, 252, 189, NULL),
(241, 3, 252, 189, NULL),
(241, 3, 253, NULL, NULL),
(241, 3, 256, NULL, NULL),
(241, 3, 256, 48, NULL),
(241, 3, 257, NULL, NULL),
(241, 3, 257, 51, NULL),
(241, 3, 257, 110, NULL),
(241, 3, 257, 177, NULL),
(241, 3, 257, 177, NULL),
(241, 3, 257, 177, NULL),
(241, 3, 259, NULL, NULL),
(241, 3, 259, 52, NULL),
(241, 3, 260, NULL, NULL),
(241, 3, 260, 52, NULL),
(241, 3, 260, 53, NULL),
(241, 3, 260, 90, NULL),
(241, 3, 260, 147, NULL),
(241, 3, 260, 147, NULL),
(241, 3, 260, 152, NULL),
(241, 3, 260, 196, NULL),
(241, 3, 260, 197, NULL),
(241, 3, 260, 199, NULL),
(241, 3, 261, NULL, NULL),
(241, 3, 261, 54, NULL),
(241, 3, 261, 199, NULL),
(241, 3, 275, NULL, NULL),
(241, 3, 277, NULL, NULL),
(241, 3, 277, 71, NULL),
(241, 3, 277, 73, NULL),
(241, 3, 296, NULL, NULL),
(241, 3, 296, 87, NULL),
(241, 3, 297, NULL, NULL),
(241, 3, 297, 90, NULL),
(241, 3, 297, 186, NULL),
(241, 3, 297, 199, NULL),
(241, 3, 334, NULL, NULL),
(241, 3, 334, 134, NULL),
(241, 3, 337, NULL, NULL),
(241, 3, 337, 138, NULL),
(241, 3, 338, NULL, NULL),
(241, 3, 338, 139, NULL),
(241, 3, 338, 209, NULL),
(241, 3, 338, 209, NULL),
(241, 3, 338, 210, NULL),
(241, 3, 338, 210, NULL),
(241, 3, 338, 210, NULL),
(241, 3, 341, NULL, NULL),
(241, 3, 341, 147, NULL),
(241, 3, 341, 147, NULL),
(241, 3, 342, NULL, NULL),
(241, 3, 342, 147, NULL),
(241, 3, 342, 147, NULL),
(241, 3, 353, NULL, NULL),
(241, 3, 353, 171, NULL),
(241, 3, 354, NULL, NULL),
(241, 3, 354, 177, NULL),
(241, 3, 354, 190, NULL),
(241, 3, 365, NULL, NULL),
(241, 3, 365, 204, NULL),
(241, 3, 365, 206, NULL),
(241, 3, 365, 206, NULL),
(241, 3, 365, 206, NULL),
(241, 3, 366, NULL, NULL),
(241, 3, 366, 204, NULL),
(241, 3, 366, 206, NULL),
(241, 3, 367, NULL, NULL),
(241, 3, 367, 209, NULL),
(241, 3, 367, 209, NULL),
(241, 3, 367, 209, NULL),
(241, 3, 367, 210, NULL),
(241, 3, 367, 210, NULL),
(241, 3, 367, 210, NULL),
(242, 3, 173, NULL, NULL),
(242, 3, 173, NULL, 185),
(242, 3, 173, 39, NULL),
(242, 3, 190, NULL, NULL),
(242, 3, 190, NULL, 192),
(242, 3, 364, NULL, NULL),
(242, 3, 364, 195, NULL),
(243, 3, 174, NULL, NULL),
(243, 3, 176, NULL, NULL),
(243, 3, 177, NULL, NULL),
(243, 3, 178, NULL, NULL),
(243, 3, 178, 103, NULL),
(243, 3, 178, 103, NULL),
(243, 3, 179, NULL, NULL),
(243, 3, 179, 160, NULL),
(243, 3, 179, 167, NULL),
(243, 3, 179, 167, NULL),
(243, 3, 179, 190, NULL),
(243, 3, 179, 209, NULL),
(243, 3, 179, 209, NULL),
(243, 3, 179, 210, NULL),
(243, 3, 179, 210, NULL),
(243, 3, 179, 210, NULL),
(243, 3, 179, 212, NULL),
(243, 3, 181, NULL, NULL),
(243, 3, 182, NULL, NULL),
(243, 3, 193, NULL, NULL),
(243, 3, 193, 204, NULL),
(243, 3, 193, 206, NULL),
(243, 3, 193, 206, NULL),
(243, 3, 193, 206, NULL),
(243, 3, 194, NULL, NULL),
(243, 3, 197, NULL, NULL),
(243, 3, 197, 131, NULL),
(243, 3, 197, 131, NULL),
(243, 3, 197, 131, NULL),
(243, 3, 238, NULL, NULL),
(243, 3, 238, 73, NULL),
(243, 3, 240, NULL, NULL),
(243, 3, 241, NULL, NULL),
(243, 3, 241, 204, NULL),
(243, 3, 241, 206, NULL),
(243, 3, 244, NULL, NULL),
(243, 3, 343, NULL, NULL),
(243, 3, 343, 147, NULL),
(244, 3, 175, NULL, NULL),
(244, 3, 175, NULL, 186),
(245, 1, 184, NULL, NULL),
(245, 1, 184, NULL, 188),
(245, 1, 184, 83, NULL),
(245, 1, 184, 155, NULL),
(245, 1, 184, 155, NULL),
(245, 1, 184, 155, NULL),
(246, 1, 185, NULL, NULL),
(246, 1, 185, NULL, 189),
(246, 1, 262, NULL, NULL),
(246, 1, 262, NULL, 218),
(246, 1, 262, 185, NULL),
(246, 1, 262, 185, NULL),
(247, 3, 185, NULL, NULL),
(247, 3, 185, NULL, 189),
(248, 3, 187, NULL, NULL),
(248, 3, 187, NULL, 190),
(248, 3, 187, 41, NULL),
(248, 3, 187, 47, NULL),
(249, 1, 189, NULL, NULL),
(249, 1, 189, NULL, 191),
(249, 1, 189, 38, NULL),
(249, 1, 189, 62, NULL),
(250, 3, 189, NULL, NULL),
(250, 3, 189, NULL, 191),
(250, 3, 189, 38, NULL),
(250, 3, 189, 62, NULL),
(250, 3, 278, NULL, NULL),
(250, 3, 278, 80, NULL),
(250, 3, 289, NULL, NULL),
(251, 1, 190, NULL, NULL),
(251, 1, 190, NULL, 192),
(251, 1, 192, NULL, NULL),
(251, 1, 192, NULL, 198),
(251, 1, 192, 84, NULL),
(251, 1, 192, 132, NULL),
(251, 1, 192, 135, NULL),
(251, 1, 192, 193, NULL),
(251, 1, 192, 209, NULL),
(251, 1, 192, 210, NULL),
(252, 1, 195, NULL, NULL),
(252, 1, 195, NULL, 199),
(253, 2, 195, NULL, NULL),
(253, 2, 195, NULL, 199),
(254, 3, 195, NULL, NULL),
(254, 3, 195, NULL, 199),
(254, 3, 196, NULL, NULL),
(254, 3, 196, NULL, 200),
(254, 3, 198, NULL, NULL),
(254, 3, 198, NULL, 201),
(254, 3, 200, NULL, NULL),
(254, 3, 200, NULL, 202),
(254, 3, 202, NULL, NULL),
(254, 3, 202, NULL, 203),
(254, 3, 203, NULL, NULL),
(254, 3, 203, NULL, 204),
(254, 3, 208, NULL, NULL),
(254, 3, 208, NULL, 205),
(254, 3, 212, NULL, NULL),
(254, 3, 212, NULL, 206),
(254, 3, 215, NULL, NULL),
(254, 3, 215, NULL, 207),
(254, 3, 219, NULL, NULL),
(254, 3, 219, NULL, 208),
(254, 3, 223, NULL, NULL),
(254, 3, 223, NULL, 209),
(254, 3, 223, NULL, 210),
(254, 3, 232, NULL, NULL),
(254, 3, 232, NULL, 211),
(254, 3, 243, NULL, NULL),
(254, 3, 243, NULL, 213),
(254, 3, 248, NULL, NULL),
(254, 3, 248, NULL, 214),
(254, 3, 248, NULL, 215),
(254, 3, 248, NULL, 216),
(254, 3, 248, 94, NULL),
(254, 3, 292, NULL, NULL),
(254, 3, 293, NULL, NULL),
(254, 3, 294, NULL, NULL),
(255, 1, 196, NULL, NULL),
(255, 1, 196, NULL, 200),
(256, 1, 198, NULL, NULL),
(256, 1, 198, NULL, 201),
(257, 1, 200, NULL, NULL),
(257, 1, 200, NULL, 202),
(257, 1, 202, NULL, NULL),
(257, 1, 202, NULL, 203),
(258, 1, 203, NULL, NULL),
(258, 1, 203, NULL, 204),
(259, 1, 208, NULL, NULL),
(259, 1, 208, NULL, 205),
(260, 2, 208, NULL, NULL),
(260, 2, 208, NULL, 205),
(260, 2, 212, NULL, NULL),
(260, 2, 212, NULL, 206),
(260, 2, 215, NULL, NULL),
(260, 2, 215, NULL, 207),
(260, 2, 232, NULL, NULL),
(260, 2, 232, NULL, 211),
(260, 2, 239, NULL, NULL),
(260, 2, 239, NULL, 212),
(261, 1, 212, NULL, NULL),
(261, 1, 212, NULL, 206),
(262, 1, 215, NULL, NULL),
(262, 1, 215, NULL, 207),
(263, 1, 219, NULL, NULL),
(263, 1, 219, NULL, 208),
(263, 1, 223, NULL, NULL),
(263, 1, 223, NULL, 209),
(263, 1, 223, NULL, 210),
(264, 1, 232, NULL, NULL),
(264, 1, 232, NULL, 211),
(264, 1, 239, NULL, NULL),
(264, 1, 239, NULL, 212),
(265, 3, 242, NULL, NULL),
(265, 3, 242, 204, NULL),
(265, 3, 242, 206, NULL),
(265, 3, 242, 206, NULL),
(265, 3, 242, 206, NULL),
(266, 1, 243, NULL, NULL),
(266, 1, 243, NULL, 213),
(266, 1, 248, NULL, NULL),
(266, 1, 248, NULL, 214),
(266, 1, 248, NULL, 215),
(266, 1, 248, NULL, 216),
(266, 1, 248, 94, NULL),
(267, 3, 263, NULL, NULL),
(267, 3, 263, NULL, 219),
(267, 3, 264, NULL, NULL),
(267, 3, 264, NULL, 220),
(267, 3, 264, 211, NULL),
(268, 3, 267, NULL, NULL),
(268, 3, 267, NULL, 223),
(268, 3, 267, 136, NULL),
(269, 1, 269, NULL, NULL),
(269, 1, 269, NULL, 226),
(270, 2, 269, NULL, NULL),
(270, 2, 269, NULL, 226),
(271, 3, 269, NULL, NULL),
(271, 3, 269, NULL, 226),
(272, 2, 363, NULL, NULL),
(273, 3, 271, NULL, NULL),
(273, 3, 271, NULL, 228),
(274, 1, 272, NULL, NULL),
(274, 1, 272, NULL, 229),
(275, 3, 272, NULL, NULL),
(275, 3, 272, NULL, 229),
(276, 1, 273, NULL, NULL),
(276, 1, 273, NULL, 232),
(276, 1, 345, NULL, NULL),
(277, 1, 274, NULL, NULL),
(277, 1, 274, NULL, 233),
(277, 1, 276, NULL, NULL),
(277, 1, 286, NULL, NULL),
(277, 1, 286, 136, NULL),
(277, 1, 286, 145, NULL),
(277, 1, 286, 205, NULL),
(277, 1, 302, NULL, NULL),
(277, 1, 302, NULL, 238),
(277, 1, 303, NULL, NULL),
(277, 1, 303, NULL, 239),
(277, 1, 304, NULL, NULL),
(277, 1, 304, NULL, 240),
(278, 3, 279, NULL, NULL),
(278, 3, 279, 192, NULL),
(278, 3, 302, NULL, NULL),
(278, 3, 302, NULL, 238),
(279, 3, 280, NULL, NULL),
(280, 3, 281, NULL, NULL),
(281, 1, 283, NULL, NULL),
(281, 1, 360, NULL, NULL),
(281, 1, 360, NULL, 270),
(282, 3, 283, NULL, NULL),
(283, 1, 284, NULL, NULL),
(284, 2, 284, NULL, NULL),
(285, 1, 285, NULL, NULL),
(285, 1, 285, 80, NULL),
(286, 3, 286, NULL, NULL),
(286, 3, 286, 136, NULL),
(286, 3, 286, 145, NULL),
(286, 3, 286, 205, NULL),
(286, 3, 345, NULL, NULL),
(287, 1, 289, NULL, NULL),
(287, 1, 364, NULL, NULL),
(287, 1, 364, 195, NULL),
(288, 1, 290, NULL, NULL),
(288, 1, 290, NULL, 230),
(289, 3, 291, NULL, NULL),
(289, 3, 291, NULL, 231),
(290, 1, 292, NULL, NULL),
(290, 1, 293, NULL, NULL),
(290, 1, 294, NULL, NULL),
(291, 3, 295, NULL, NULL),
(291, 3, 295, 73, NULL),
(291, 3, 295, 74, NULL),
(291, 3, 295, 75, NULL),
(291, 3, 295, 76, NULL),
(291, 3, 295, 77, NULL),
(291, 3, 295, 78, NULL),
(291, 3, 295, 79, NULL),
(291, 3, 295, 81, NULL),
(291, 3, 295, 87, NULL),
(291, 3, 295, 88, NULL),
(291, 3, 295, 89, NULL),
(291, 3, 295, 188, NULL),
(291, 3, 295, 204, NULL),
(291, 3, 295, 206, NULL),
(292, 1, 298, NULL, NULL);
INSERT INTO `ospos_attribute_links` (`attribute_id`, `definition_id`, `item_id`, `sale_id`, `receiving_id`) VALUES
(292, 1, 298, 156, NULL),
(292, 1, 298, 158, NULL),
(292, 1, 298, 158, NULL),
(293, 1, 299, NULL, NULL),
(293, 1, 299, NULL, 235),
(294, 2, 299, NULL, NULL),
(294, 2, 299, NULL, 235),
(294, 2, 300, NULL, NULL),
(294, 2, 300, NULL, 236),
(294, 2, 352, NULL, NULL),
(295, 3, 299, NULL, NULL),
(295, 3, 299, NULL, 235),
(296, 1, 300, NULL, NULL),
(296, 1, 300, NULL, 236),
(297, 3, 300, NULL, NULL),
(297, 3, 300, NULL, 236),
(298, 3, 301, NULL, NULL),
(298, 3, 301, NULL, 237),
(299, 2, 303, NULL, NULL),
(299, 2, 303, NULL, 239),
(299, 2, 304, NULL, NULL),
(299, 2, 304, NULL, 240),
(300, 3, 304, NULL, NULL),
(300, 3, 304, NULL, 240),
(301, 1, 305, NULL, NULL),
(301, 1, 305, NULL, 241),
(302, 2, 305, NULL, NULL),
(302, 2, 305, NULL, 241),
(303, 3, 305, NULL, NULL),
(303, 3, 305, NULL, 241),
(304, 1, 306, NULL, NULL),
(304, 1, 306, NULL, 242),
(304, 1, 317, NULL, NULL),
(304, 1, 317, NULL, 248),
(304, 1, 317, NULL, 249),
(304, 1, 318, NULL, NULL),
(304, 1, 318, NULL, 250),
(304, 1, 319, NULL, NULL),
(304, 1, 319, NULL, 251),
(304, 1, 325, NULL, NULL),
(304, 1, 325, NULL, 257),
(305, 3, 306, NULL, NULL),
(305, 3, 306, NULL, 242),
(306, 2, 308, NULL, NULL),
(306, 2, 313, NULL, NULL),
(306, 2, 313, 103, NULL),
(306, 2, 313, 111, NULL),
(307, 1, 311, NULL, NULL),
(307, 1, 311, NULL, 243),
(308, 1, 313, NULL, NULL),
(308, 1, 313, 103, NULL),
(308, 1, 313, 111, NULL),
(309, 1, 314, NULL, NULL),
(309, 1, 314, NULL, 245),
(310, 3, 314, NULL, NULL),
(310, 3, 314, NULL, 245),
(310, 3, 320, NULL, NULL),
(310, 3, 320, NULL, 252),
(311, 3, 315, NULL, NULL),
(311, 3, 315, NULL, 246),
(312, 1, 316, NULL, NULL),
(312, 1, 316, NULL, 247),
(313, 3, 316, NULL, NULL),
(313, 3, 316, NULL, 247),
(314, 3, 319, NULL, NULL),
(314, 3, 319, NULL, 251),
(315, 1, 320, NULL, NULL),
(315, 1, 320, NULL, 252),
(316, 1, 321, NULL, NULL),
(316, 1, 321, NULL, 253),
(317, 3, 321, NULL, NULL),
(317, 3, 321, NULL, 253),
(318, 1, 322, NULL, NULL),
(318, 1, 322, NULL, 254),
(318, 1, 368, NULL, NULL),
(319, 3, 322, NULL, NULL),
(319, 3, 322, NULL, 254),
(319, 3, 323, NULL, NULL),
(319, 3, 323, NULL, 255),
(319, 3, 331, NULL, NULL),
(319, 3, 331, NULL, 262),
(319, 3, 332, NULL, NULL),
(319, 3, 332, NULL, 263),
(319, 3, 369, NULL, NULL),
(320, 3, 324, NULL, NULL),
(320, 3, 324, NULL, 256),
(320, 3, 324, 107, NULL),
(320, 3, 324, 136, NULL),
(320, 3, 324, 155, NULL),
(320, 3, 324, 170, NULL),
(321, 1, 327, NULL, NULL),
(321, 1, 327, NULL, 258),
(322, 1, 328, NULL, NULL),
(322, 1, 328, NULL, 259),
(322, 1, 328, 151, NULL),
(323, 3, 328, NULL, NULL),
(323, 3, 328, NULL, 259),
(323, 3, 328, 151, NULL),
(324, 1, 329, NULL, NULL),
(324, 1, 329, NULL, 260),
(325, 1, 344, NULL, NULL),
(325, 1, 344, NULL, 264),
(326, 2, 344, NULL, NULL),
(326, 2, 344, NULL, 264),
(327, 3, 344, NULL, NULL),
(327, 3, 344, NULL, 264),
(328, 1, 346, NULL, NULL),
(328, 1, 346, NULL, 265),
(328, 1, 346, 207, NULL),
(329, 1, 347, NULL, NULL),
(329, 1, 347, 153, NULL),
(329, 1, 347, 191, NULL),
(330, 1, 348, NULL, NULL),
(331, 1, 349, NULL, NULL),
(331, 1, 349, 158, NULL),
(332, 3, 349, NULL, NULL),
(332, 3, 349, 158, NULL),
(333, 1, 352, NULL, NULL),
(333, 1, 359, NULL, NULL),
(333, 1, 359, NULL, 269),
(334, 3, 352, NULL, NULL),
(336, 1, 358, NULL, NULL),
(336, 1, 358, NULL, 268),
(337, 3, 358, NULL, NULL),
(337, 3, 358, NULL, 268),
(337, 3, 359, NULL, NULL),
(337, 3, 359, NULL, 269),
(338, 3, 360, NULL, NULL),
(338, 3, 360, NULL, 270),
(338, 3, 361, NULL, NULL),
(338, 3, 361, NULL, 271),
(338, 3, 361, 193, NULL),
(338, 3, 361, 201, NULL),
(339, 1, 361, NULL, NULL),
(339, 1, 361, NULL, 271),
(339, 1, 361, 193, NULL),
(339, 1, 361, 201, NULL),
(340, 1, 362, NULL, NULL),
(340, 1, 362, NULL, 272),
(341, 1, 363, NULL, NULL),
(342, 3, 368, NULL, NULL),
(343, 1, 369, NULL, NULL);

-- --------------------------------------------------------

--
-- Estructura de tabla para la tabla `ospos_attribute_values`
--

DROP TABLE IF EXISTS `ospos_attribute_values`;
CREATE TABLE `ospos_attribute_values` (
  `attribute_id` int(11) NOT NULL,
  `attribute_value` varchar(255) DEFAULT NULL,
  `attribute_date` date DEFAULT NULL,
  `attribute_decimal` decimal(7,3) DEFAULT NULL
) ENGINE=InnoDB DEFAULT CHARSET=utf8;

--
-- Volcado de datos para la tabla `ospos_attribute_values`
--

INSERT INTO `ospos_attribute_values` (`attribute_id`, `attribute_value`, `attribute_date`, `attribute_decimal`) VALUES
(1, 'Caja', NULL, NULL),
(2, 'Litro', NULL, NULL),
(3, 'Mililitro', NULL, NULL),
(4, 'Gramos', NULL, NULL),
(5, 'Bolsa', NULL, NULL),
(6, 'Saco', NULL, NULL),
(7, 'Metro', NULL, NULL),
(8, 'Centimetro', NULL, NULL),
(9, 'Unidad', NULL, NULL),
(10, 'FRITO LAY', NULL, NULL),
(11, '60 gr', NULL, NULL),
(12, '22/12/2019', '2019-12-22', NULL),
(13, '49 gr', NULL, NULL),
(14, '01/05/2020', '2020-05-01', NULL),
(15, '41 gr', NULL, NULL),
(16, NULL, '1969-12-31', NULL),
(17, '34 gr', NULL, NULL),
(18, '31/12/1969', '1969-12-31', NULL),
(19, NULL, '1969-12-31', NULL),
(20, 'KARINTO', NULL, NULL),
(21, '38 gr', NULL, NULL),
(22, '02/02/2020', '2020-02-02', NULL),
(23, '13 gr', NULL, NULL),
(24, NULL, '2020-05-01', NULL),
(25, NULL, '1969-12-31', NULL),
(26, '45 gr', NULL, NULL),
(27, NULL, '1969-12-31', NULL),
(28, '32 gr', NULL, NULL),
(29, '01/12/2020', '2020-12-01', NULL),
(30, '42 gr', NULL, NULL),
(31, NULL, '2020-05-01', NULL),
(32, '43 gr', NULL, NULL),
(33, NULL, '1969-12-31', NULL),
(34, NULL, '2020-05-01', NULL),
(35, 'COSTA', NULL, NULL),
(36, '47 gr', NULL, NULL),
(37, NULL, '1969-12-31', NULL),
(38, 'QUAKER', NULL, NULL),
(39, '28 gr', NULL, NULL),
(40, NULL, '1969-12-31', NULL),
(41, 'PEPSICO', NULL, NULL),
(42, '40 gr', NULL, NULL),
(43, '04/12/2020', '2020-12-04', NULL),
(44, NULL, '1969-12-31', NULL),
(45, '160 gr', NULL, NULL),
(46, '12/08/2019', '2019-08-12', NULL),
(47, NULL, '2020-05-01', NULL),
(48, 'COMPAÑIA NACIONAL DE CHOCOLATS DEL PERU', NULL, NULL),
(49, NULL, '1969-12-31', NULL),
(50, 'NABISCO', NULL, NULL),
(51, '36 gr', NULL, NULL),
(52, NULL, '1969-12-31', NULL),
(53, NULL, '1969-12-31', NULL),
(54, 'COMPAÑIA NACIONAL DE CHOCOLATES DEL PERU', NULL, NULL),
(55, 'FIELD', NULL, NULL),
(56, '37 gr', NULL, NULL),
(57, NULL, '1969-12-31', NULL),
(58, '22,4 gr', NULL, NULL),
(59, '05/02/2020', '2020-02-05', NULL),
(60, '18 gr', NULL, NULL),
(61, NULL, '1969-12-31', NULL),
(62, '23 gr', NULL, NULL),
(63, '03/07/2020', '2020-07-03', NULL),
(64, '29 gr', NULL, NULL),
(65, NULL, '1969-12-31', NULL),
(66, '30 gr', NULL, NULL),
(67, '03/12/2020', '2020-12-03', NULL),
(68, '03/09/2020', '2020-09-03', NULL),
(69, 'NESTLE', NULL, NULL),
(70, '26 gr', NULL, NULL),
(71, NULL, '1969-12-31', NULL),
(72, '50 gr', NULL, NULL),
(73, '10/12/2020', '2020-12-10', NULL),
(74, '77 gr', NULL, NULL),
(75, NULL, '1969-12-31', NULL),
(76, NULL, '1969-12-31', NULL),
(77, 'SAYON', NULL, NULL),
(78, '46.5 gr', NULL, NULL),
(79, NULL, '1969-12-31', NULL),
(80, '21 gr', NULL, NULL),
(81, '07/10/2020', '2020-10-07', NULL),
(82, 'INDUSTRIAS ALIMENTARIAS CUSCO', NULL, NULL),
(83, '05/05/2020', '2020-05-05', NULL),
(84, NULL, '1969-12-31', NULL),
(85, 'PEPSICOLA', NULL, NULL),
(86, 'BOTELLA', NULL, NULL),
(87, '355 ml', NULL, NULL),
(88, '12/10/2019', '2019-10-12', NULL),
(89, 'CONCORDIA', NULL, NULL),
(90, '500 ml', NULL, NULL),
(91, NULL, '1969-12-31', NULL),
(92, NULL, '1969-12-31', NULL),
(93, 'BACKUS', NULL, NULL),
(94, '450 ml', NULL, NULL),
(95, NULL, '1969-12-31', NULL),
(96, 'AJE', NULL, NULL),
(97, '400 ml', NULL, NULL),
(98, NULL, '1969-12-31', NULL),
(99, '300 ml', NULL, NULL),
(100, NULL, '1969-12-31', NULL),
(101, NULL, '1969-12-31', NULL),
(102, NULL, '1969-12-31', NULL),
(103, 'SPORADE', NULL, NULL),
(104, NULL, '1969-12-31', NULL),
(105, NULL, '1969-12-31', NULL),
(106, 'COCA-COLA PERU', NULL, NULL),
(107, NULL, '2019-10-12', NULL),
(108, 'TRUPAL S.A.', NULL, NULL),
(109, NULL, '1969-12-31', NULL),
(110, 'CBC PERUANA S.A.C.', NULL, NULL),
(111, NULL, '1969-12-31', NULL),
(112, NULL, '1969-12-31', NULL),
(113, NULL, '1969-12-31', NULL),
(114, '12/12/2019', '2019-12-12', NULL),
(115, NULL, '1969-12-31', NULL),
(116, '625 ml', NULL, NULL),
(117, '04/08/2020', '2020-08-04', NULL),
(118, '06/07/2020', '2020-07-06', NULL),
(119, 'BOTELLA VIDRIO', NULL, NULL),
(120, '473 ml', NULL, NULL),
(121, '11/06/2019', '2019-06-11', NULL),
(122, '475 ml', NULL, NULL),
(123, NULL, '1969-12-31', NULL),
(124, 'GLORIA', NULL, NULL),
(125, '250 ml', NULL, NULL),
(126, '04/01/2020', '2020-01-04', NULL),
(127, '1 lt.', NULL, NULL),
(128, NULL, '1969-12-31', NULL),
(129, '235 ml', NULL, NULL),
(130, '11/10/2019', '2019-10-11', NULL),
(131, NULL, '1969-12-31', NULL),
(132, '315 ml', NULL, NULL),
(133, NULL, '1969-12-31', NULL),
(134, 'VASO', NULL, NULL),
(135, '125 gr', NULL, NULL),
(136, '12/09/2019', '2019-09-12', NULL),
(137, 'TIGO', NULL, NULL),
(138, '100 gr', NULL, NULL),
(139, '12/03/2019', '2019-03-12', NULL),
(140, '120 gr', NULL, NULL),
(141, NULL, '1969-12-31', NULL),
(142, '12/11/2019', '2019-11-12', NULL),
(143, '12/07/2019', '2019-07-12', NULL),
(144, 'LAIVE', NULL, NULL),
(145, '140 gr', NULL, NULL),
(146, '600 ml', NULL, NULL),
(147, '03/05/2020', '2020-05-03', NULL),
(148, NULL, '2019-08-12', NULL),
(149, 'MONSTER', NULL, NULL),
(150, 'LATA', NULL, NULL),
(151, NULL, '1969-12-31', NULL),
(152, 'RED BULL', NULL, NULL),
(153, '04/08/2021', '2021-08-04', NULL),
(154, NULL, '1969-12-31', NULL),
(155, 'CORONA', NULL, NULL),
(156, NULL, '1969-12-31', NULL),
(157, 'MICHELOB ULTRA', NULL, NULL),
(158, NULL, '1969-12-31', NULL),
(159, 'STELLA ARTOIS', NULL, NULL),
(160, '330 ml', NULL, NULL),
(161, '05/11/2020', '2020-11-05', NULL),
(162, 'BUDWEISER', NULL, NULL),
(163, '343 ml', NULL, NULL),
(164, NULL, '1969-12-31', NULL),
(165, 'CUSQUEÑA', NULL, NULL),
(166, 'PILSEN', NULL, NULL),
(167, '310 ml', NULL, NULL),
(168, 'CRISTAL', NULL, NULL),
(169, 'HEINEKEN', NULL, NULL),
(170, '05/01/2020', '2020-01-05', NULL),
(171, NULL, '1969-12-31', NULL),
(172, '02/03/2020', '2020-03-02', NULL),
(173, 'AJEPERS', NULL, NULL),
(174, 'AMBROSOLI', NULL, NULL),
(175, '16.5 gr', NULL, NULL),
(176, '06/09/2020', '2020-09-06', NULL),
(177, '473 ml.', NULL, NULL),
(178, '08/08/2020', '2020-08-08', NULL),
(179, '09/02/2020', '2020-02-09', NULL),
(180, 'PERFETTI', NULL, NULL),
(181, 'BARRA', NULL, NULL),
(182, '29.5 gr', NULL, NULL),
(183, '06/06/2021', '2021-06-06', NULL),
(184, '286 ml', NULL, NULL),
(185, '03/10/2020', '2020-10-03', NULL),
(186, '11/12/2019', '2019-12-11', NULL),
(187, 'ANGEL', NULL, NULL),
(188, '07/12/2020', '2020-12-07', NULL),
(189, 'VICTORIA', NULL, NULL),
(190, NULL, '1969-12-31', NULL),
(191, NULL, '1969-12-31', NULL),
(192, NULL, '1969-12-31', NULL),
(193, NULL, '1969-12-31', NULL),
(194, NULL, '1969-12-31', NULL),
(195, NULL, '1969-12-31', NULL),
(196, NULL, '1969-12-31', NULL),
(197, NULL, '1969-12-31', NULL),
(198, NULL, '1969-12-31', NULL),
(199, '10/07/2020', '2020-07-10', NULL),
(200, '09/09/2020', '2020-09-09', NULL),
(201, '20 gr', NULL, NULL),
(202, NULL, '2020-07-08', NULL),
(203, NULL, '1969-12-31', NULL),
(204, NULL, '1969-12-31', NULL),
(205, NULL, '2020-10-07', NULL),
(206, '22 gr', NULL, NULL),
(207, NULL, '1969-12-31', NULL),
(208, NULL, '1969-12-31', NULL),
(209, NULL, '1969-12-31', NULL),
(210, '19 gr', NULL, NULL),
(211, NULL, '1969-12-31', NULL),
(212, NULL, '1969-12-31', NULL),
(213, '43.5 gr', NULL, NULL),
(214, '75 gr', NULL, NULL),
(215, '44 gr', NULL, NULL),
(216, '55 gr', NULL, NULL),
(217, 'ARCOR PERU', NULL, NULL),
(218, 'ENVASE', NULL, NULL),
(219, '105 gr', NULL, NULL),
(220, '72 gr', NULL, NULL),
(221, '131 gr', NULL, NULL),
(222, 'SUPER', NULL, NULL),
(223, 'BARRA BOLSA', NULL, NULL),
(224, '14 gr', NULL, NULL),
(225, 'ADAMS', NULL, NULL),
(226, '10.2 gr', NULL, NULL),
(227, '16.8 gr', NULL, NULL),
(228, '25.2 gr ', NULL, NULL),
(229, '22.5 gr', NULL, NULL),
(230, '15 gr', NULL, NULL),
(231, '27 gr', NULL, NULL),
(232, 'BIMBO', NULL, NULL),
(233, '145 gr', NULL, NULL),
(234, 'INCA SUR', NULL, NULL),
(235, 'HUEVO', NULL, NULL),
(236, 'AJEPER', NULL, NULL),
(237, NULL, '1969-12-31', NULL),
(238, NULL, '1969-12-31', NULL),
(239, NULL, '2020-04-02', NULL),
(240, NULL, '2020-10-03', NULL),
(241, 'PERSONAL', NULL, NULL),
(242, '1.5 lt', NULL, NULL),
(243, 'PORCIÓN', NULL, NULL),
(244, '3.300 lt', NULL, NULL),
(245, 'PYC', NULL, NULL),
(246, 'COLOMBINA', NULL, NULL),
(247, '24 gr', NULL, NULL),
(248, '2.5 lt', NULL, NULL),
(249, 'SAN CARLOS', NULL, NULL),
(250, '3 lt', NULL, NULL),
(251, 'COCA COLA', NULL, NULL),
(252, 'BALLANTINES ', NULL, NULL),
(253, 'CAJA Y BOTELLA VIDRIO', NULL, NULL),
(254, '750 ml', NULL, NULL),
(255, 'APPLETON', NULL, NULL),
(256, 'FACUNDO BACARDI', NULL, NULL),
(257, 'JOSE CUERVO', NULL, NULL),
(258, 'TACAMA', NULL, NULL),
(259, 'BLACK LABEL', NULL, NULL),
(260, 'CAJA CON BOTELLA DE VIDRIO', NULL, NULL),
(261, 'JOHNNIE WALKER', NULL, NULL),
(262, 'SOMETHING SPECIAL', NULL, NULL),
(263, 'FLOR DE CAÑA', NULL, NULL),
(264, 'CHIVAS REGAL', NULL, NULL),
(265, 'PORCION 3', NULL, NULL),
(266, 'TABERNERO', NULL, NULL),
(267, '180 ml ', NULL, NULL),
(268, '45.5 gr', NULL, NULL),
(269, 'P&G', NULL, NULL),
(270, 'INDIVIDUAL', NULL, NULL),
(271, '1', NULL, NULL),
(272, '', NULL, NULL),
(273, '360 gr', NULL, NULL),
(274, 'LADYSOFT', NULL, NULL),
(275, 'PAQUETE DE 10 UDS', NULL, NULL),
(276, 'CONFITECA', NULL, NULL),
(277, '2 CERRITOS', NULL, NULL),
(278, '150 gr', NULL, NULL),
(279, '25 gr', NULL, NULL),
(280, '41.5 gr', NULL, NULL),
(281, 'CLORETS', NULL, NULL),
(282, '9 gr', NULL, NULL),
(283, 'DOCILE', NULL, NULL),
(284, 'ESTUCHE PLASTICO', NULL, NULL),
(285, 'CHIN CHIN', NULL, NULL),
(286, '12 gr', NULL, NULL),
(287, 'SEVEN UP', NULL, NULL),
(288, 'MENTOS', NULL, NULL),
(289, '393 gr', NULL, NULL),
(290, 'OCUCAJE', NULL, NULL),
(291, '650 ml', NULL, NULL),
(292, 'AQUAFINA', NULL, NULL),
(293, 'PEKE', NULL, NULL),
(294, 'ENVASE DE LATA', NULL, NULL),
(295, '135 gr', NULL, NULL),
(296, 'PRINGLES ', NULL, NULL),
(297, '124 gr', NULL, NULL),
(298, '222 gr', NULL, NULL),
(299, 'CAJA CARTERA CON LAZOS', NULL, NULL),
(300, '100 ', NULL, NULL),
(301, 'GINNOU ', NULL, NULL),
(302, 'ENVASE DE CORAZON', NULL, NULL),
(303, '33 gr', NULL, NULL),
(304, 'D´BRENCE', NULL, NULL),
(305, '110 gr', NULL, NULL),
(306, 'JARRA', NULL, NULL),
(307, 'LA IBERICA ', NULL, NULL),
(308, '1/2 lt', NULL, NULL),
(309, 'FANNY', NULL, NULL),
(310, '820 gr', NULL, NULL),
(311, '256 gr', NULL, NULL),
(312, 'ACONCAGUA', NULL, NULL),
(313, '822 gr', NULL, NULL),
(314, '130 gr', NULL, NULL),
(315, 'DOS CABALLOS', NULL, NULL),
(316, 'BRAVI DI PERUGIA', NULL, NULL),
(317, '84 gr', NULL, NULL),
(318, 'DONOFRIO', NULL, NULL),
(319, '900 gr', NULL, NULL),
(320, '53 gr', NULL, NULL),
(321, 'PALMOLIVE', NULL, NULL),
(322, 'COLGATE', NULL, NULL),
(323, '75 ml ', NULL, NULL),
(324, 'COCACOLA', NULL, NULL),
(325, 'SAN LUIS', NULL, NULL),
(326, 'BIDON BOTELLA PLASTICA', NULL, NULL),
(327, '7 lts', NULL, NULL),
(328, 'TRIDENT', NULL, NULL),
(329, 'SUAVE', NULL, NULL),
(330, '220V', NULL, NULL),
(331, 'UNION', NULL, NULL),
(332, '65 gr', NULL, NULL),
(333, 'FLORIDA', NULL, NULL),
(334, '170 gr', NULL, NULL),
(335, '3', NULL, NULL),
(336, 'COMPASS', NULL, NULL),
(337, '170gr', NULL, NULL),
(338, '2.8 gr', NULL, NULL),
(339, 'CHICLETS', NULL, NULL),
(340, 'FERRERO ROCHER', NULL, NULL),
(341, 'PEPSI', NULL, NULL),
(342, '800 gr', NULL, NULL),
(343, 'BLANCA FLOR', NULL, NULL);

-- --------------------------------------------------------

--
-- Estructura de tabla para la tabla `ospos_bankaccounts`
--

DROP TABLE IF EXISTS `ospos_bankaccounts`;
CREATE TABLE `ospos_bankaccounts` (
  `bankaccount_id` int(10) NOT NULL,
  `bank_id` int(10) NOT NULL,
  `currency` char(3) NOT NULL DEFAULT 'PEN',
  `account_number` varchar(20) NOT NULL,
  `deleted` int(1) NOT NULL DEFAULT '0'
) ENGINE=InnoDB DEFAULT CHARSET=utf8;

-- --------------------------------------------------------

--
-- Estructura de tabla para la tabla `ospos_banks`
--

DROP TABLE IF EXISTS `ospos_banks`;
CREATE TABLE `ospos_banks` (
  `bank_id` int(10) NOT NULL,
  `ruc` varchar(50) NOT NULL,
  `name` varchar(255) NOT NULL,
  `deleted` int(1) NOT NULL DEFAULT '0'
) ENGINE=InnoDB DEFAULT CHARSET=utf8;

-- --------------------------------------------------------

--
-- Estructura de tabla para la tabla `ospos_cashup_currencys`
--

DROP TABLE IF EXISTS `ospos_cashup_currencys`;
CREATE TABLE `ospos_cashup_currencys` (
  `cashup_currency_id` int(10) NOT NULL,
  `cashup_id` int(10) NOT NULL,
  `currency` char(3) CHARACTER SET utf8 COLLATE utf8_spanish2_ci NOT NULL DEFAULT 'PEN',
  `denomination` varchar(100) NOT NULL,
  `quantity` int(10) NOT NULL DEFAULT '0',
  `amount` decimal(10,2) NOT NULL DEFAULT '0.00',
  `deleted` int(1) NOT NULL DEFAULT '0'
) ENGINE=InnoDB DEFAULT CHARSET=utf8;

--
-- Volcado de datos para la tabla `ospos_cashup_currencys`
--

INSERT INTO `ospos_cashup_currencys` (`cashup_currency_id`, `cashup_id`, `currency`, `denomination`, `quantity`, `amount`, `deleted`) VALUES
(1, 1, 'PEN', '100 - Billete', 3, '300.00', 0),
(2, 1, 'PEN', '1 - Moneda', 3, '3.00', 0),
(3, 1, 'PEN', '0.10 - Moneda', 2, '0.20', 0),
(4, 2, 'PEN', '100 - Billete', 3, '300.00', 0),
(5, 2, 'PEN', '1 - Moneda', 3, '3.00', 0),
(6, 2, 'PEN', '0.20 - Moneda', 1, '0.20', 0),
(7, 3, 'PEN', '50 - Billete', 2, '400.00', 0),
(8, 3, 'PEN', '50 - Billete', 1, '50.00', 0),
(9, 3, 'PEN', '20 - Billete', 2, '40.00', 0),
(10, 3, 'PEN', '1 - Moneda', 1, '1.00', 0),
(11, 3, 'PEN', '0.50 - Moneda', 1, '0.50', 0),
(12, 3, 'PEN', '0.20 - Moneda', 1, '0.20', 0),
(13, 3, 'PEN', '0.10 - Moneda', 1, '0.10', 0),
(14, 4, 'PEN', '100 - Billete', 4, '400.00', 0),
(15, 4, 'PEN', '50 - Billete', 1, '50.00', 0),
(16, 4, 'PEN', '20 - Billete', 2, '40.00', 0),
(17, 4, 'PEN', '1 - Moneda', 1, '1.00', 0),
(18, 4, 'PEN', '0.20 - Moneda', 4, '0.80', 0),
(19, 5, 'PEN', '200 - Billete', 2, '400.00', 0),
(20, 5, 'PEN', '50 - Billete', 1, '50.00', 0),
(21, 5, 'PEN', '20 - Billete', 2, '40.00', 0),
(22, 5, 'PEN', '1 - Moneda', 1, '1.00', 0),
(23, 5, 'PEN', '0.50 - Moneda', 1, '0.50', 0),
(24, 5, 'PEN', '0.20 - Moneda', 1, '0.20', 0),
(25, 5, 'PEN', '0.10 - Moneda', 1, '0.10', 0),
(26, 6, 'PEN', '200 - Billete', 2, '400.00', 0),
(27, 6, 'PEN', '100 - Billete', 1, '100.00', 0),
(28, 6, 'PEN', '20 - Billete', 1, '20.00', 0),
(29, 6, 'PEN', '1 - Moneda', 1, '1.00', 0),
(30, 6, 'PEN', '0.20 - Moneda', 1, '0.20', 0),
(31, 7, 'PEN', '200 - Billete', 3, '600.00', 0),
(32, 7, 'PEN', '20 - Billete', 2, '40.00', 0),
(33, 7, 'PEN', '2 - Moneda', 2, '4.00', 0),
(34, 7, 'PEN', '1 - Moneda', 2, '2.00', 0),
(35, 7, 'PEN', '0.50 - Moneda', 1, '0.50', 0);

-- --------------------------------------------------------

--
-- Estructura de tabla para la tabla `ospos_cash_books`
--

DROP TABLE IF EXISTS `ospos_cash_books`;
CREATE TABLE `ospos_cash_books` (
  `cash_book_id` int(10) NOT NULL,
  `code` varchar(40) NOT NULL,
  `stock_location_id` int(10) NOT NULL,
  `employee_id` int(10) NOT NULL,
  `address` varchar(255) DEFAULT NULL,
  `is_cash_general` tinyint(1) NOT NULL DEFAULT '0',
  `deleted` int(1) NOT NULL DEFAULT '0'
) ENGINE=InnoDB DEFAULT CHARSET=utf8;

--
-- Volcado de datos para la tabla `ospos_cash_books`
--

INSERT INTO `ospos_cash_books` (`cash_book_id`, `code`, `stock_location_id`, `employee_id`, `address`, `is_cash_general`, `deleted`) VALUES
(1, '01-P-JPSR', 1, 6, '', 1, 0),
(2, '01-P-JIBN', 1, 5, '', 0, 0),
(3, '01-P-RCLMO', 1, 12, '', 0, 0);

-- --------------------------------------------------------

--
-- Estructura de tabla para la tabla `ospos_cash_concepts`
--

DROP TABLE IF EXISTS `ospos_cash_concepts`;
CREATE TABLE `ospos_cash_concepts` (
  `cash_concept_id` int(10) NOT NULL,
  `code` varchar(40) NOT NULL,
  `name` varchar(100) NOT NULL,
  `concept_type` char(1) NOT NULL DEFAULT '1',
  `document_sequence` varchar(20) DEFAULT NULL,
  `description` varchar(255) DEFAULT NULL,
  `is_summary` tinyint(1) NOT NULL DEFAULT '0',
  `is_cash_general_used` tinyint(1) NOT NULL DEFAULT '0',
  `cash_concept_parent_id` int(10) DEFAULT NULL,
  `is_internal` tinyint(1) NOT NULL DEFAULT '0',
  `deleted` int(1) NOT NULL DEFAULT '0'
) ENGINE=InnoDB DEFAULT CHARSET=utf8;

--
-- Volcado de datos para la tabla `ospos_cash_concepts`
--

INSERT INTO `ospos_cash_concepts` (`cash_concept_id`, `code`, `name`, `concept_type`, `document_sequence`, `description`, `is_summary`, `is_cash_general_used`, `cash_concept_parent_id`, `is_internal`, `deleted`) VALUES
(1, '01-00', 'SALDO APERTURA CAJA GENERAL', '1', NULL, NULL, 0, 1, NULL, 1, 0),
(2, '00-01-00', 'SALDO APERTURA CAJA PAGADORA', '1', NULL, NULL, 0, 0, NULL, 1, 0),
(3, '00-01-01', 'VENTAS', '1', NULL, NULL, 0, 0, NULL, 1, 0),
(4, '02-00', 'COMPRAS', '2', NULL, NULL, 0, 1, NULL, 1, 0),
(5, '01-', 'SALDO DE INICIO', '1', NULL, 'Monto en efectivo con el que se iniciaron los movimientos del minimarket.', 1, 1, NULL, 0, 0),
(6, '01-', 'INGRESO EFECTIVO JHON POOL', '1', NULL, 'CONCEPTO PARA  AGRUPAR  EL DINERO QUE JHON ESTA INVIRTIENDO', 1, 1, NULL, 0, 0),
(7, '02-', 'UTENSILIOS COCINA', '2', NULL, 'COMPRA DE  ARTICULOS  DE COCINA ', 1, 1, NULL, 0, 0),
(8, '02-', 'GAS ', '2', NULL, 'PARA  VER EL TOTAL DE GAS QUE SE UTILIZA', 1, 1, NULL, 0, 0),
(9, '01-', 'ASIGNACION DE EFECTIVO - CAJA CHICA', '1', NULL, '', 1, 0, NULL, 0, 0),
(10, '02-', 'EFECTIVO PARA CAJA CHICA - CAJA GENERAL', '2', NULL, '', 1, 1, NULL, 0, 0),
(11, '02-', 'EFECTIVO CAJA JONATAN', '2', '1', '', 1, 1, 10, 0, 0),
(12, '01-', 'ASIGNADO POR CAJA GENERAL', '2', '', '', 1, 0, 9, 0, 0),
(13, '02-01', 'REDONDEOS - CAJA CHICA', '2', NULL, '', 1, 0, NULL, 0, 0),
(14, '02-01-01', 'REDONDEOS CENTIMOS', '2', '', '', 1, 1, 13, 0, 0),
(15, '02-', 'REDONDEO - CAJA GENERAL', '2', NULL, '', 1, 1, NULL, 0, 0),
(16, '02-', 'REDONDEO CAJA GENERAL', '2', '01', '', 1, 1, 15, 0, 0),
(17, '02-', 'REDONDEO CAJA', '2', NULL, '', 1, 1, 15, 0, 0),
(18, '02-01', 'REDONDEO CAJA CHICA', '2', '', '', 1, 0, 13, 0, 0),
(19, '02-', 'AJUSTE CAJA CHICA - INICIO DE OPERACIÓN', '2', NULL, '', 1, 0, NULL, 0, 0),
(20, '02-', 'RESETEO DE EFECTIVO CAJA CHICA', '2', '1', 'Se limpia la caja para iniciar con el movimiento diario real. Fecha de gestión 08-11-2019', 1, 0, 19, 0, 0),
(22, '02-', 'AJUSTE CAJA GENERAL - INICIO DE OPERACIÓN', '2', NULL, '', 1, 1, NULL, 0, 0),
(23, '02-', 'RESETEO EFECTIVO CAJA GRANDE', '2', '1', 'CONCEPTO PARA AJUSTAR CAJA GRANDE Y COMENZAR LA OPERACIÓN CON MOVIMIENTOS REALES', 1, 1, 22, 0, 0),
(24, '01-', 'EFECTIVO PARA VUELTOS', '2', '02', '', 1, 0, 9, 0, 0),
(25, '02-', 'RETORNOS - CAJA CHICA', '2', NULL, 'Concepto para devolver dineros prestados desde caja general que no se incluye intereses y otros valores como por ejemplo los sencillos para vueltos.', 1, 0, NULL, 0, 0),
(26, '02-', 'RETORNO DE SENCILLO PARA VUELTOS', '2', '01', '', 1, 0, 25, 0, 0),
(27, '01-', 'SOBRANTES POR AJUSTES DE CÉNTIMOS', '2', '01', '', 1, 0, 9, 0, 0),
(28, '03-', 'ADELANTO DE SUELDO', '3', NULL, '', 1, 0, NULL, 0, 0),
(29, '03-', 'JORGE LUIS RODRIGUEZ LARA', '2', '01', 'BARTENDER', 1, 0, 28, 0, 0),
(30, '03-', 'SERVICIOS MÚLTIPLES', '3', NULL, '', 1, 0, NULL, 0, 0),
(31, '02-', 'VENTAS DIARIAS - EFECTIVO ', '2', NULL, 'Dinero en efectivo que se entrega de cajas chicas a caja general.', 1, 0, NULL, 0, 0),
(32, '02-', 'VENTAS CAJA JBERECHE', '2', '01', '', 1, 0, 31, 0, 0),
(33, '02-', 'VENTAS CAJA CLLONTOP', '2', '01', '', 1, 0, 31, 0, 0);

-- --------------------------------------------------------

--
-- Estructura de tabla para la tabla `ospos_cash_daily`
--

DROP TABLE IF EXISTS `ospos_cash_daily`;
CREATE TABLE `ospos_cash_daily` (
  `cash_daily_id` int(10) NOT NULL,
  `cashup_id` int(10) NOT NULL,
  `cash_concept_id` int(10) NOT NULL,
  `cash_book_id` int(10) NOT NULL,
  `operation_type` int(1) NOT NULL DEFAULT '1',
  `movementdate` timestamp NOT NULL DEFAULT CURRENT_TIMESTAMP ON UPDATE CURRENT_TIMESTAMP,
  `description` varchar(255) DEFAULT NULL,
  `isbankmovement` int(1) NOT NULL DEFAULT '0',
  `currency` char(3) CHARACTER SET utf8 COLLATE utf8_spanish2_ci NOT NULL DEFAULT 'PEN',
  `amount` decimal(10,2) NOT NULL DEFAULT '0.00',
  `table_reference` varchar(255) DEFAULT NULL,
  `reference_id` int(10) DEFAULT NULL,
  `deleted` int(1) NOT NULL DEFAULT '0'
) ENGINE=InnoDB DEFAULT CHARSET=utf8;

--
-- Volcado de datos para la tabla `ospos_cash_daily`
--

INSERT INTO `ospos_cash_daily` (`cash_daily_id`, `cashup_id`, `cash_concept_id`, `cash_book_id`, `operation_type`, `movementdate`, `description`, `isbankmovement`, `currency`, `amount`, `table_reference`, `reference_id`, `deleted`) VALUES
(1, 1, 3, 2, 1, '2019-11-02 23:11:05', 'POS 3', 0, 'PEN', '1.60', 'sales', 3, 0),
(2, 1, 2, 2, 1, '2019-11-02 22:37:34', 'Apertura de Caja', 0, 'PEN', '0.00', 'cash_up', 1, 0),
(3, 1, 3, 2, 1, '2019-11-02 22:43:09', 'POS 4', 0, 'PEN', '1.60', 'sales', 4, 0),
(4, 0, 3, 0, 1, '2019-11-02 23:10:32', 'POS 5', 0, 'PEN', '1.60', 'sales', 5, 0),
(5, 1, 12, 2, 1, '2019-11-02 23:37:51', '', 0, 'PEN', '300.00', 'incomes', 1, 0),
(6, 2, 2, 2, 1, '2019-11-03 15:26:38', 'Apertura de Caja', 0, 'PEN', '0.00', 'cash_up', 2, 0),
(7, 3, 2, 2, 1, '2019-11-04 14:07:28', 'Apertura de Caja', 0, 'PEN', '0.00', 'cash_up', 3, 0),
(8, 3, 12, 2, 1, '2019-11-05 00:45:48', '', 0, 'PEN', '188.60', 'incomes', 2, 0),
(9, 4, 2, 2, 1, '2019-11-05 14:11:31', 'Apertura de Caja', 0, 'PEN', '0.00', 'cash_up', 4, 0),
(10, 5, 2, 2, 1, '2019-11-06 14:57:35', 'Apertura de Caja', 0, 'PEN', '0.00', 'cash_up', 5, 0),
(11, 5, 3, 2, 1, '2019-11-07 01:04:00', 'POS 8', 0, 'PEN', '1.50', 'sales', 8, 0),
(12, 5, 3, 2, 1, '2019-11-07 01:06:06', 'POS 9', 0, 'PEN', '-1.50', 'sales', 9, 0),
(13, 5, 3, 2, 1, '2019-11-07 01:08:10', 'POS 10', 0, 'PEN', '1.50', 'sales', 10, 0),
(14, 5, 3, 2, 1, '2019-11-07 01:13:18', 'POS 11', 0, 'PEN', '-1.50', 'sales', 11, 0),
(15, 6, 2, 2, 1, '2019-11-07 14:30:50', 'Apertura de Caja', 0, 'PEN', '0.00', 'cash_up', 6, 0),
(16, 6, 3, 2, 1, '2019-11-07 22:06:45', 'POS 14', 0, 'PEN', '1.99', 'sales', 14, 0),
(17, 6, 3, 2, 1, '2019-11-07 22:52:02', 'POS 15', 0, 'PEN', '9.09', 'sales', 15, 0),
(18, 6, 3, 2, 1, '2019-11-08 00:01:05', 'POS 16', 0, 'PEN', '10.51', 'sales', 16, 0),
(19, 6, 3, 2, 1, '2019-11-08 01:32:16', 'POS 17', 0, 'PEN', '7.89', 'sales', 17, 0),
(20, 6, 18, 2, 2, '2019-11-08 02:19:24', '', 0, 'PEN', '0.08', 'costs', 6, 0),
(21, 7, 2, 2, 1, '2019-11-08 15:00:23', 'Apertura de Caja', 0, 'PEN', '0.00', 'cash_up', 7, 0),
(22, 7, 20, 2, 2, '2019-11-08 15:01:13', 'MOVIMIENTO PARA AJUSTAR CAJA CHICA A CERO AL 08/11/2019', 0, 'PEN', '521.20', 'costs', 9, 0),
(23, 7, 24, 2, 1, '2019-11-08 15:17:35', '', 0, 'PEN', '188.60', 'incomes', 3, 0),
(24, 7, 24, 2, 1, '2019-11-08 15:19:16', '', 0, 'PEN', '250.00', 'incomes', 4, 0),
(25, 7, 26, 2, 2, '2019-11-08 15:22:59', '', 0, 'PEN', '188.60', 'costs', 10, 0),
(26, 7, 3, 2, 1, '2019-11-08 16:16:28', 'POS 18', 0, 'PEN', '9.99', 'sales', 18, 0),
(27, 7, 3, 2, 1, '2019-11-08 16:18:25', 'POS 19', 0, 'PEN', '29.98', 'sales', 19, 0),
(28, 7, 3, 2, 1, '2019-11-08 16:36:06', 'POS 20', 0, 'PEN', '7.30', 'sales', 20, 0),
(29, 7, 3, 2, 1, '2019-11-08 16:38:01', 'POS 21', 0, 'PEN', '3.50', 'sales', 21, 0),
(30, 7, 3, 2, 1, '2019-11-08 17:16:48', 'POS 23', 0, 'PEN', '2.30', 'sales', 23, 0),
(31, 7, 3, 2, 1, '2019-11-08 18:21:13', 'POS 24', 0, 'PEN', '2.50', 'sales', 24, 0),
(32, 7, 3, 2, 1, '2019-11-08 18:58:47', 'POS 25', 0, 'PEN', '2.50', 'sales', 25, 0),
(33, 7, 3, 2, 1, '2019-11-08 19:16:45', 'POS 26', 0, 'PEN', '39.94', 'sales', 26, 0),
(34, 7, 3, 2, 1, '2019-11-08 19:24:30', 'POS 27', 0, 'PEN', '103.85', 'sales', 27, 0),
(35, 7, 3, 2, 1, '2019-11-08 19:26:39', 'POS 28', 0, 'PEN', '-103.85', 'sales', 28, 0),
(36, 7, 3, 2, 1, '2019-11-08 19:31:57', 'POS 30', 0, 'PEN', '7.99', 'sales', 30, 0),
(37, 7, 3, 2, 1, '2019-11-08 19:37:33', 'POS 31', 0, 'PEN', '7.99', 'sales', 31, 0),
(38, 7, 3, 2, 1, '2019-11-08 21:20:18', 'POS 32', 0, 'PEN', '1.50', 'sales', 32, 0),
(39, 7, 3, 2, 1, '2019-11-08 21:26:42', 'POS 33', 0, 'PEN', '1.50', 'sales', 33, 0),
(40, 7, 3, 2, 1, '2019-11-08 21:44:49', 'POS 34', 0, 'PEN', '7.99', 'sales', 34, 0),
(41, 7, 3, 2, 1, '2019-11-08 21:54:48', 'POS 35', 0, 'PEN', '61.95', 'sales', 35, 0),
(42, 7, 3, 2, 1, '2019-11-08 22:12:02', 'POS 36', 0, 'PEN', '2.50', 'sales', 36, 0),
(43, 7, 3, 2, 1, '2019-11-08 22:28:24', 'POS 37', 0, 'PEN', '1.70', 'sales', 37, 0),
(44, 7, 3, 2, 1, '2019-11-08 22:33:26', 'POS 38', 0, 'PEN', '4.99', 'sales', 38, 0),
(45, 7, 3, 2, 1, '2019-11-08 23:29:28', 'POS 39', 0, 'PEN', '6.80', 'sales', 39, 0),
(46, 7, 3, 2, 1, '2019-11-09 00:47:33', 'POS 40', 0, 'PEN', '2.50', 'sales', 40, 0),
(47, 7, 3, 2, 1, '2019-11-09 01:41:18', 'POS 41', 0, 'PEN', '4.86', 'sales', 41, 0),
(48, 7, 3, 2, 1, '2019-11-09 01:56:18', 'POS 42', 0, 'PEN', '1.50', 'sales', 42, 0),
(49, 7, 3, 2, 1, '2019-11-09 01:59:19', 'POS 44', 0, 'PEN', '1.50', 'sales', 44, 0),
(50, 7, 3, 2, 1, '2019-11-09 02:03:27', 'POS 45', 0, 'PEN', '10.89', 'sales', 45, 0),
(51, 7, 3, 2, 1, '2019-11-09 02:35:55', 'POS 46', 0, 'PEN', '2.50', 'sales', 46, 0),
(52, 7, 3, 2, 1, '2019-11-09 03:00:26', 'POS 47', 0, 'PEN', '36.81', 'sales', 47, 0),
(53, 7, 3, 2, 1, '2019-11-09 03:09:53', 'POS 48', 0, 'PEN', '24.49', 'sales', 48, 0),
(54, 7, 3, 2, 1, '2019-11-09 03:12:47', 'POS 49', 0, 'PEN', '28.46', 'sales', 49, 0),
(55, 7, 3, 2, 1, '2019-11-09 03:23:28', 'POS 50', 0, 'PEN', '2.01', 'sales', 50, 0),
(56, 7, 3, 2, 1, '2019-11-09 03:29:30', 'POS 51', 0, 'PEN', '28.00', 'sales', 51, 0),
(57, 7, 3, 2, 1, '2019-11-09 03:38:21', 'POS 52', 0, 'PEN', '21.98', 'sales', 52, 0),
(58, 7, 3, 2, 1, '2019-11-09 03:40:32', 'POS 53', 0, 'PEN', '3.59', 'sales', 53, 0),
(59, 7, 3, 2, 1, '2019-11-09 03:43:41', 'POS 54', 0, 'PEN', '24.50', 'sales', 54, 0),
(60, 7, 18, 2, 2, '2019-11-09 04:21:53', '', 0, 'PEN', '0.01', 'costs', 11, 0),
(61, 8, 2, 2, 1, '2019-11-09 16:09:08', 'Apertura de Caja', 0, 'PEN', '0.00', 'cash_up', 8, 0),
(62, 8, 3, 2, 1, '2019-11-09 16:26:40', 'POS 55', 0, 'PEN', '7.00', 'sales', 55, 0),
(63, 8, 3, 2, 1, '2019-11-09 16:53:53', 'POS 56', 0, 'PEN', '13.20', 'sales', 56, 0),
(64, 8, 3, 2, 1, '2019-11-09 17:08:15', 'POS 57', 0, 'PEN', '8.50', 'sales', 57, 0),
(65, 8, 3, 2, 1, '2019-11-09 18:01:27', 'POS 58', 0, 'PEN', '9.60', 'sales', 58, 0),
(66, 8, 3, 2, 1, '2019-11-09 18:17:11', 'POS 59', 0, 'PEN', '1.50', 'sales', 59, 0),
(67, 8, 3, 2, 1, '2019-11-09 18:29:48', 'POS 60', 0, 'PEN', '0.80', 'sales', 60, 0),
(68, 8, 3, 2, 1, '2019-11-09 18:41:38', 'POS 61', 0, 'PEN', '5.20', 'sales', 61, 0),
(69, 8, 3, 2, 1, '2019-11-09 18:51:46', 'POS 62', 0, 'PEN', '4.99', 'sales', 62, 0),
(70, 8, 3, 2, 1, '2019-11-09 19:04:18', 'POS 63', 0, 'PEN', '3.00', 'sales', 63, 0),
(71, 8, 3, 2, 1, '2019-11-09 19:21:43', 'POS 64', 0, 'PEN', '3.30', 'sales', 64, 0),
(72, 8, 3, 2, 1, '2019-11-09 20:14:03', 'POS 65', 0, 'PEN', '1.50', 'sales', 65, 0),
(73, 8, 3, 2, 1, '2019-11-09 20:42:55', 'POS 66', 0, 'PEN', '1.99', 'sales', 66, 0),
(74, 8, 3, 2, 1, '2019-11-09 21:14:43', 'POS 67', 0, 'PEN', '3.00', 'sales', 67, 0),
(75, 8, 3, 2, 1, '2019-11-09 21:20:13', 'POS 68', 0, 'PEN', '3.00', 'sales', 68, 0),
(76, 8, 3, 2, 1, '2019-11-09 22:14:31', 'POS 69', 0, 'PEN', '6.00', 'sales', 69, 0),
(77, 8, 3, 2, 1, '2019-11-09 22:21:50', 'POS 70', 0, 'PEN', '7.50', 'sales', 70, 0),
(78, 8, 3, 2, 1, '2019-11-09 23:36:02', 'POS 72', 0, 'PEN', '3.99', 'sales', 72, 0),
(79, 8, 3, 2, 1, '2019-11-09 23:50:57', 'POS 73', 0, 'PEN', '100.45', 'sales', 73, 0),
(80, 8, 3, 2, 1, '2019-11-09 23:53:45', 'POS 74', 0, 'PEN', '7.00', 'sales', 74, 0),
(81, 8, 3, 2, 1, '2019-11-09 23:54:31', 'POS 75', 0, 'PEN', '7.00', 'sales', 75, 0),
(82, 8, 3, 2, 1, '2019-11-09 23:54:59', 'POS 76', 0, 'PEN', '7.00', 'sales', 76, 0),
(83, 8, 3, 2, 1, '2019-11-09 23:56:37', 'POS 77', 0, 'PEN', '95.86', 'sales', 77, 0),
(84, 8, 3, 2, 1, '2019-11-10 00:15:49', 'POS 78', 0, 'PEN', '162.89', 'sales', 78, 0),
(85, 8, 3, 2, 1, '2019-11-10 00:18:00', 'POS 79', 0, 'PEN', '99.97', 'sales', 79, 0),
(86, 8, 3, 2, 1, '2019-11-10 00:22:31', 'POS 80', 0, 'PEN', '16.48', 'sales', 80, 0),
(87, 8, 3, 2, 1, '2019-11-10 00:33:38', 'POS 81', 0, 'PEN', '13.99', 'sales', 81, 0),
(88, 8, 3, 2, 1, '2019-11-10 00:36:09', 'POS 82', 0, 'PEN', '1.99', 'sales', 82, 0),
(89, 8, 3, 2, 1, '2019-11-10 00:39:34', 'POS 83', 0, 'PEN', '2.50', 'sales', 83, 0),
(90, 8, 3, 2, 1, '2019-11-10 01:18:17', 'POS 84', 0, 'PEN', '3.50', 'sales', 84, 0),
(91, 8, 3, 2, 1, '2019-11-10 01:37:55', 'POS 85', 0, 'PEN', '29.97', 'sales', 85, 0),
(92, 8, 27, 2, 1, '2019-11-10 01:44:34', '', 0, 'PEN', '0.93', 'incomes', 5, 0),
(93, 8, 28, 2, 3, '2019-11-10 01:35:20', '', 0, 'PEN', '10.00', 'expenses', 1, 1),
(94, 8, 3, 2, 1, '2019-11-10 02:06:54', 'POS 86', 0, 'PEN', '1.70', 'sales', 86, 0),
(95, 8, 3, 2, 1, '2019-11-10 02:20:34', 'POS 87', 0, 'PEN', '355.76', 'sales', 87, 0),
(96, 8, 3, 2, 1, '2019-11-10 02:23:50', 'POS 88', 0, 'PEN', '48.98', 'sales', 88, 0),
(97, 8, 3, 2, 1, '2019-11-10 02:25:00', 'POS 89', 0, 'PEN', '41.98', 'sales', 89, 0),
(98, 8, 3, 2, 1, '2019-11-10 02:27:36', 'POS 90', 0, 'PEN', '19.99', 'sales', 90, 0),
(99, 8, 30, 2, 3, '2019-11-10 02:32:55', 'PAGO DE AZAFATA PARA APERTURA DEL LOCAL 09/11/2019.', 0, 'PEN', '50.00', 'expenses', 2, 0),
(100, 8, 32, 2, 2, '2019-11-10 03:24:25', 'SE ENTREGA 399.00 DE EFECTIVO', 0, 'PEN', '399.00', 'costs', 13, 0),
(101, 8, 20, 2, 2, '2019-11-10 03:33:29', '', 0, 'PEN', '1299.51', 'costs', 14, 0),
(102, 9, 2, 3, 1, '2019-11-10 15:47:49', 'Apertura de Caja', 0, 'PEN', '0.00', 'cash_up', 9, 0),
(103, 9, 3, 3, 1, '2019-11-10 16:14:12', 'POS 92', 0, 'PEN', '5.98', 'sales', 92, 0),
(104, 9, 3, 3, 1, '2019-11-10 16:15:06', 'POS 93', 0, 'PEN', '1.50', 'sales', 93, 0),
(105, 9, 3, 3, 1, '2019-11-10 16:17:46', 'POS 91', 0, 'PEN', '20.31', 'sales', 91, 0),
(106, 9, 3, 3, 1, '2019-11-10 16:56:52', 'POS 96', 0, 'PEN', '2.00', 'sales', 96, 0),
(107, 9, 3, 3, 1, '2019-11-10 17:28:39', 'POS 97', 0, 'PEN', '1.50', 'sales', 97, 0),
(108, 9, 3, 3, 1, '2019-11-10 18:20:50', 'POS 98', 0, 'PEN', '1.70', 'sales', 98, 0),
(109, 9, 3, 3, 1, '2019-11-10 18:50:30', 'POS 99', 0, 'PEN', '1.50', 'sales', 99, 0),
(110, 9, 3, 3, 1, '2019-11-10 19:17:01', 'POS 100', 0, 'PEN', '98.96', 'sales', 100, 0),
(111, 9, 3, 3, 1, '2019-11-10 20:15:32', 'POS 101', 0, 'PEN', '29.98', 'sales', 101, 0),
(112, 9, 3, 3, 1, '2019-11-10 20:54:30', 'POS 102', 0, 'PEN', '26.95', 'sales', 102, 0),
(113, 9, 3, 3, 1, '2019-11-10 21:22:39', 'POS 103', 0, 'PEN', '38.97', 'sales', 103, 0),
(114, 9, 3, 3, 1, '2019-11-10 22:11:19', 'POS 104', 0, 'PEN', '91.89', 'sales', 104, 0),
(115, 9, 28, 3, 3, '2019-11-10 23:35:48', 'ADELANTO DE SUELDO 50.00 SOLES POR CONCEPTO DE LABORES EN EL MES DE NOVIEMBRE', 0, 'PEN', '50.00', 'expenses', 3, 0),
(116, 9, 3, 3, 1, '2019-11-11 00:14:45', 'POS 105', 0, 'PEN', '11.19', 'sales', 105, 0),
(117, 9, 3, 3, 1, '2019-11-11 00:17:12', 'POS 106', 0, 'PEN', '0.80', 'sales', 106, 0),
(118, 9, 3, 3, 1, '2019-11-11 00:47:17', 'POS 107', 0, 'PEN', '1.79', 'sales', 107, 0),
(119, 9, 3, 3, 1, '2019-11-11 00:50:53', 'POS 108', 0, 'PEN', '1.70', 'sales', 108, 0),
(120, 9, 28, 3, 3, '2019-11-11 00:55:38', 'adelanto de sueldo por labores en el area de cocina el mes de noviembre', 0, 'PEN', '50.00', 'expenses', 4, 0),
(121, 9, 28, 3, 3, '2019-11-11 01:13:01', '', 0, 'PEN', '100.00', 'expenses', 5, 0),
(122, 9, 33, 3, 2, '2019-11-11 01:27:22', 'CIERRE DE CAJA ', 0, 'PEN', '136.72', 'costs', 16, 0),
(123, 10, 2, 3, 1, '2019-11-11 14:16:18', 'Apertura de Caja', 0, 'PEN', '0.00', 'cash_up', 10, 0),
(124, 10, 3, 3, 1, '2019-11-11 16:33:47', 'POS 109', 0, 'PEN', '1.00', 'sales', 109, 0),
(125, 10, 3, 3, 1, '2019-11-11 16:44:57', 'POS 110', 0, 'PEN', '149.04', 'sales', 110, 0),
(126, 10, 3, 3, 1, '2019-11-11 17:40:03', 'POS 111', 0, 'PEN', '56.00', 'sales', 111, 0),
(127, 10, 3, 3, 1, '2019-11-11 19:12:13', 'POS 112', 0, 'PEN', '9.00', 'sales', 112, 0),
(128, 10, 3, 3, 1, '2019-11-11 19:16:08', 'POS 113', 0, 'PEN', '7.99', 'sales', 113, 0),
(129, 10, 3, 3, 1, '2019-11-11 19:44:00', 'POS 114', 0, 'PEN', '23.97', 'sales', 114, 0),
(130, 10, 3, 3, 1, '2019-11-11 19:45:08', 'POS 115', 0, 'PEN', '3.00', 'sales', 115, 0),
(131, 10, 3, 3, 1, '2019-11-11 20:52:51', 'POS 116', 0, 'PEN', '7.99', 'sales', 116, 0),
(132, 10, 3, 3, 1, '2019-11-11 20:53:38', 'POS 117', 0, 'PEN', '2.50', 'sales', 117, 0),
(133, 10, 3, 3, 1, '2019-11-11 22:02:48', 'POS 118', 0, 'PEN', '1.00', 'sales', 118, 0),
(134, 10, 3, 3, 1, '2019-11-11 22:21:46', 'POS 119', 0, 'PEN', '32.97', 'sales', 119, 0),
(135, 10, 3, 3, 1, '2019-11-11 22:23:25', 'POS 120', 0, 'PEN', '10.99', 'sales', 120, 0),
(136, 10, 3, 3, 1, '2019-11-11 22:23:51', 'POS 121', 0, 'PEN', '7.99', 'sales', 121, 0),
(137, 10, 3, 3, 1, '2019-11-11 22:25:06', 'POS 122', 0, 'PEN', '7.99', 'sales', 122, 0),
(138, 10, 3, 3, 1, '2019-11-11 22:25:54', 'POS 123', 0, 'PEN', '7.99', 'sales', 123, 0),
(139, 10, 3, 3, 1, '2019-11-11 22:27:39', 'POS 124', 0, 'PEN', '3.20', 'sales', 124, 0),
(140, 10, 3, 3, 1, '2019-11-11 22:28:47', 'POS 125', 0, 'PEN', '6.20', 'sales', 125, 0),
(141, 10, 3, 3, 1, '2019-11-11 22:40:20', 'POS 126', 0, 'PEN', '10.01', 'sales', 126, 0),
(142, 10, 3, 3, 1, '2019-11-11 22:41:54', 'POS 127', 0, 'PEN', '0.70', 'sales', 127, 0),
(143, 10, 3, 3, 1, '2019-11-11 22:43:03', 'POS 128', 0, 'PEN', '1.99', 'sales', 128, 0),
(144, 10, 33, 3, 2, '2019-11-11 22:53:11', 'CAMBIO DE TURNO', 0, 'PEN', '351.52', 'costs', 18, 0),
(145, 11, 2, 2, 1, '2019-11-11 23:30:10', 'Apertura de Caja', 0, 'PEN', '0.00', 'cash_up', 11, 0),
(146, 11, 24, 2, 1, '2019-11-11 23:30:20', '', 0, 'PEN', '200.00', 'incomes', 6, 0),
(147, 11, 3, 2, 1, '2019-11-11 23:33:46', 'POS 129', 0, 'PEN', '3.50', 'sales', 129, 0),
(148, 11, 3, 2, 1, '2019-11-11 23:37:52', 'POS 130', 0, 'PEN', '83.97', 'sales', 130, 0),
(149, 11, 3, 2, 1, '2019-11-11 23:57:09', 'POS 132', 0, 'PEN', '6.50', 'sales', 132, 0),
(150, 11, 3, 2, 1, '2019-11-12 00:01:19', 'POS 131', 0, 'PEN', '92.05', 'sales', 131, 0),
(151, 11, 3, 2, 1, '2019-11-12 00:14:08', 'POS 133', 0, 'PEN', '1.00', 'sales', 133, 0),
(152, 11, 3, 2, 1, '2019-11-12 00:22:57', 'POS 135', 0, 'PEN', '5.10', 'sales', 135, 0),
(153, 11, 3, 2, 1, '2019-11-12 00:31:22', 'POS 134', 0, 'PEN', '54.00', 'sales', 134, 0),
(154, 11, 3, 2, 1, '2019-11-12 00:54:36', 'POS 136', 0, 'PEN', '2.79', 'sales', 136, 0),
(155, 11, 3, 2, 1, '2019-11-12 01:26:27', 'POS 137', 0, 'PEN', '2.50', 'sales', 137, 0),
(156, 11, 3, 2, 1, '2019-11-12 01:43:17', 'POS 138', 0, 'PEN', '15.00', 'sales', 138, 0),
(157, 11, 3, 2, 1, '2019-11-12 02:33:32', 'POS 139', 0, 'PEN', '5.00', 'sales', 139, 0),
(158, 11, 3, 2, 1, '2019-11-12 02:48:08', 'POS 140', 0, 'PEN', '3.20', 'sales', 140, 0),
(159, 11, 3, 2, 1, '2019-11-12 04:24:11', 'POS 141', 0, 'PEN', '17.89', 'sales', 141, 0),
(160, 11, 3, 2, 1, '2019-11-12 04:25:27', 'POS 142', 0, 'PEN', '4.00', 'sales', 142, 0),
(161, 11, 3, 2, 1, '2019-11-12 05:09:15', 'POS 145', 0, 'PEN', '2.00', 'sales', 145, 0),
(162, 11, 3, 2, 1, '2019-11-12 05:10:39', 'POS 144', 0, 'PEN', '31.52', 'sales', 144, 0),
(163, 11, 3, 2, 1, '2019-11-12 05:22:22', 'POS 143', 0, 'PEN', '4.49', 'sales', 143, 0),
(164, 11, 3, 2, 1, '2019-11-12 05:42:20', 'POS 146', 0, 'PEN', '0.70', 'sales', 146, 0),
(165, 11, 3, 2, 1, '2019-11-12 05:54:57', 'POS 147', 0, 'PEN', '36.97', 'sales', 147, 0),
(166, 12, 2, 3, 1, '2019-11-12 06:29:18', 'Apertura de Caja', 0, 'PEN', '0.00', 'cash_up', 12, 0),
(167, 12, 3, 3, 1, '2019-11-12 08:06:55', 'POS 148', 0, 'PEN', '3.20', 'sales', 148, 0),
(168, 12, 3, 3, 1, '2019-11-12 09:34:56', 'POS 149', 0, 'PEN', '1.70', 'sales', 149, 0),
(169, 12, 3, 3, 1, '2019-11-12 11:30:13', 'POS 150', 0, 'PEN', '2.50', 'sales', 150, 0),
(170, 12, 3, 3, 1, '2019-11-12 12:24:49', 'POS 151', 0, 'PEN', '5.99', 'sales', 151, 0),
(171, 12, 3, 3, 1, '2019-11-12 13:34:27', 'POS 152', 0, 'PEN', '26.99', 'sales', 152, 0),
(172, 12, 3, 3, 1, '2019-11-12 13:37:45', 'POS 153', 0, 'PEN', '1.50', 'sales', 153, 0),
(173, 12, 33, 3, 2, '2019-11-12 14:01:50', 'CAMBIO DE TURNO', 0, 'PEN', '41.80', 'costs', 19, 0),
(174, 12, 33, 3, 2, '2019-11-12 14:02:35', '', 0, 'PEN', '0.08', 'costs', 20, 0),
(175, 13, 2, 2, 1, '2019-11-12 14:16:37', 'Apertura de Caja', 0, 'PEN', '0.00', 'cash_up', 13, 0),
(176, 13, 3, 2, 1, '2019-11-12 14:44:52', 'POS 154', 0, 'PEN', '7.99', 'sales', 154, 0),
(177, 13, 3, 2, 1, '2019-11-12 15:55:22', 'POS 155', 0, 'PEN', '20.48', 'sales', 155, 0),
(178, 13, 3, 2, 1, '2019-11-12 16:05:12', 'POS 156', 0, 'PEN', '3.99', 'sales', 156, 0),
(179, 13, 3, 2, 1, '2019-11-12 16:50:10', 'POS 157', 0, 'PEN', '5.50', 'sales', 157, 0),
(180, 13, 3, 2, 1, '2019-11-12 17:03:56', 'POS 158', 0, 'PEN', '4.78', 'sales', 158, 0),
(181, 13, 3, 2, 1, '2019-11-12 17:10:02', 'POS 159', 0, 'PEN', '3.50', 'sales', 159, 0),
(182, 13, 3, 2, 1, '2019-11-12 17:17:34', 'POS 160', 0, 'PEN', '5.00', 'sales', 160, 0),
(183, 13, 3, 2, 1, '2019-11-12 17:55:46', 'POS 161', 0, 'PEN', '1.00', 'sales', 161, 0),
(184, 13, 3, 2, 1, '2019-11-12 18:02:45', 'POS 162', 0, 'PEN', '1.50', 'sales', 162, 0),
(185, 13, 3, 2, 1, '2019-11-12 18:38:20', 'POS 163', 0, 'PEN', '2.01', 'sales', 163, 0),
(186, 13, 3, 2, 1, '2019-11-12 18:53:44', 'POS 164', 0, 'PEN', '7.99', 'sales', 164, 0),
(187, 13, 3, 2, 1, '2019-11-12 18:58:49', 'POS 165', 0, 'PEN', '7.99', 'sales', 165, 0),
(188, 13, 3, 2, 1, '2019-11-12 19:59:11', 'POS 166', 0, 'PEN', '3.00', 'sales', 166, 0),
(189, 13, 3, 2, 1, '2019-11-12 20:24:31', 'POS 168', 0, 'PEN', '1.50', 'sales', 168, 0),
(190, 13, 3, 2, 1, '2019-11-12 20:25:30', 'POS 167', 0, 'PEN', '25.99', 'sales', 167, 0),
(191, 13, 3, 2, 1, '2019-11-12 20:40:17', 'POS 169', 0, 'PEN', '15.98', 'sales', 169, 0),
(192, 13, 3, 2, 1, '2019-11-12 20:45:55', 'POS 170', 0, 'PEN', '2.19', 'sales', 170, 0),
(193, 13, 3, 2, 1, '2019-11-12 20:54:43', 'POS 171', 0, 'PEN', '44.99', 'sales', 171, 0),
(194, 13, 3, 2, 1, '2019-11-12 21:17:55', 'POS 174', 0, 'PEN', '4.50', 'sales', 174, 0),
(195, 13, 3, 2, 1, '2019-11-12 21:18:40', 'POS 172', 0, 'PEN', '0.80', 'sales', 172, 0),
(196, 13, 3, 2, 1, '2019-11-12 21:20:17', 'POS 175', 0, 'PEN', '2.60', 'sales', 175, 0),
(197, 13, 3, 2, 1, '2019-11-12 21:21:05', 'POS 176', 0, 'PEN', '15.98', 'sales', 176, 0),
(198, 13, 3, 2, 1, '2019-11-12 21:31:01', 'POS 177', 0, 'PEN', '58.00', 'sales', 177, 0),
(199, 13, 3, 2, 1, '2019-11-12 22:18:10', 'POS 179', 0, 'PEN', '1.50', 'sales', 179, 0),
(200, 13, 3, 2, 1, '2019-11-12 22:32:35', 'POS 180', 0, 'PEN', '7.99', 'sales', 180, 0),
(201, 13, 3, 2, 1, '2019-11-12 23:08:40', 'POS 181', 0, 'PEN', '3.99', 'sales', 181, 0),
(202, 13, 3, 2, 1, '2019-11-12 23:12:32', 'POS 182', 0, 'PEN', '4.50', 'sales', 182, 0),
(203, 13, 3, 2, 1, '2019-11-13 00:39:12', 'POS 184', 0, 'PEN', '4.81', 'sales', 184, 0),
(204, 13, 3, 2, 1, '2019-11-13 01:42:33', 'POS 183', 0, 'PEN', '1.50', 'sales', 183, 0),
(205, 13, 3, 2, 1, '2019-11-13 01:45:56', 'POS 185', 0, 'PEN', '4.00', 'sales', 185, 0),
(206, 13, 3, 2, 1, '2019-11-13 01:49:09', 'POS 186', 0, 'PEN', '20.50', 'sales', 186, 0),
(207, 13, 3, 2, 1, '2019-11-13 01:50:55', 'POS 187', 0, 'PEN', '3.61', 'sales', 187, 0),
(208, 13, 3, 2, 1, '2019-11-13 01:52:49', 'POS 188', 0, 'PEN', '29.98', 'sales', 188, 0),
(209, 13, 3, 2, 1, '2019-11-13 01:58:37', 'POS 189', 0, 'PEN', '28.00', 'sales', 189, 0),
(210, 13, 3, 2, 1, '2019-11-13 02:04:20', 'POS 190', 0, 'PEN', '35.01', 'sales', 190, 0),
(211, 13, 18, 2, 2, '2019-11-13 02:04:58', '', 0, 'PEN', '0.03', 'costs', 23, 0),
(212, 13, 32, 2, 2, '2019-11-13 02:10:34', 'CAMBIO DE TURNO ', 0, 'PEN', '964.80', 'costs', 24, 0),
(213, 14, 2, 3, 1, '2019-11-13 02:19:24', 'Apertura de Caja', 0, 'PEN', '0.00', 'cash_up', 14, 0),
(214, 15, 2, 3, 1, '2019-11-13 02:25:31', 'Apertura de Caja', 0, 'PEN', '0.00', 'cash_up', 15, 0),
(215, 16, 2, 3, 1, '2019-11-13 02:30:48', 'Apertura de Caja', 0, 'PEN', '0.00', 'cash_up', 16, 0),
(216, 17, 2, 3, 1, '2019-11-13 02:36:01', 'Apertura de Caja', 0, 'PEN', '0.00', 'cash_up', 17, 0),
(217, 18, 2, 3, 1, '2019-11-13 02:41:37', 'Apertura de Caja', 0, 'PEN', '0.00', 'cash_up', 18, 0),
(218, 19, 2, 3, 1, '2019-11-13 06:27:23', 'Apertura de Caja', 0, 'PEN', '0.00', 'cash_up', 19, 0),
(219, 19, 3, 3, 1, '2019-11-13 07:38:28', 'POS 191', 0, 'PEN', '4.49', 'sales', 191, 0),
(220, 19, 3, 3, 1, '2019-11-13 07:43:52', 'POS 192', 0, 'PEN', '10.91', 'sales', 192, 0),
(221, 19, 3, 3, 1, '2019-11-13 07:52:45', 'POS 193', 0, 'PEN', '19.46', 'sales', 193, 0),
(222, 19, 3, 3, 1, '2019-11-13 08:00:25', 'POS 194', 0, 'PEN', '16.99', 'sales', 194, 0),
(223, 19, 3, 3, 1, '2019-11-13 08:26:11', 'POS 195', 0, 'PEN', '4.99', 'sales', 195, 0),
(224, 19, 3, 3, 1, '2019-11-13 08:29:00', 'POS 196', 0, 'PEN', '21.99', 'sales', 196, 0),
(225, 19, 3, 3, 1, '2019-11-13 08:30:27', 'POS 197', 0, 'PEN', '64.01', 'sales', 197, 0),
(226, 19, 3, 3, 1, '2019-11-13 08:30:54', 'POS 198', 0, 'PEN', '5.00', 'sales', 198, 0),
(227, 19, 3, 3, 1, '2019-11-13 08:31:55', 'POS 199', 0, 'PEN', '41.99', 'sales', 199, 0),
(228, 19, 3, 3, 1, '2019-11-13 08:33:03', 'POS 200', 0, 'PEN', '5.50', 'sales', 200, 0),
(229, 19, 3, 3, 1, '2019-11-13 12:07:54', 'POS 201', 0, 'PEN', '0.30', 'sales', 201, 0),
(230, 19, 3, 3, 1, '2019-11-13 13:07:30', 'POS 202', 0, 'PEN', '0.80', 'sales', 202, 0),
(231, 19, 3, 3, 1, '2019-11-13 13:57:30', 'POS 203', 0, 'PEN', '1.00', 'sales', 203, 0),
(232, 19, 33, 3, 2, '2019-11-13 14:01:40', '', 0, 'PEN', '197.43', 'costs', 29, 0),
(233, 20, 2, 2, 1, '2019-11-13 14:25:54', 'Apertura de Caja', 0, 'PEN', '0.00', 'cash_up', 20, 0),
(234, 20, 3, 2, 1, '2019-11-13 15:10:29', 'POS 205', 0, 'PEN', '1.80', 'sales', 205, 0),
(235, 20, 3, 2, 1, '2019-11-13 15:17:41', 'POS 207', 0, 'PEN', '10.89', 'sales', 207, 0),
(236, 20, 3, 2, 1, '2019-11-13 15:20:58', 'POS 206', 0, 'PEN', '277.98', 'sales', 206, 0),
(237, 20, 3, 2, 1, '2019-11-13 16:23:56', 'POS 208', 0, 'PEN', '1.00', 'sales', 208, 0),
(238, 20, 3, 2, 1, '2019-11-13 16:40:04', 'POS 210', 0, 'PEN', '69.00', 'sales', 210, 0),
(239, 20, 3, 2, 1, '2019-11-13 16:56:53', 'POS 211', 0, 'PEN', '5.49', 'sales', 211, 0),
(240, 20, 3, 2, 1, '2019-11-13 17:22:28', 'POS 212', 0, 'PEN', '5.00', 'sales', 212, 0),
(241, 20, 3, 2, 1, '2019-11-13 17:24:15', 'POS 213', 0, 'PEN', '1.19', 'sales', 213, 0),
(242, 20, 3, 2, 1, '2019-11-13 17:28:30', 'POS 214', 0, 'PEN', '1.50', 'sales', 214, 0),
(243, 20, 3, 2, 1, '2019-11-13 17:47:42', 'POS 215', 0, 'PEN', '7.00', 'sales', 215, 0),
(244, 20, 3, 2, 1, '2019-11-13 18:08:00', 'POS 216', 0, 'PEN', '1.80', 'sales', 216, 0),
(245, 20, 3, 2, 1, '2019-11-13 18:37:26', 'POS 217', 0, 'PEN', '1.00', 'sales', 217, 0),
(246, 20, 3, 2, 1, '2019-11-13 18:41:36', 'POS 218', 0, 'PEN', '7.99', 'sales', 218, 0),
(247, 21, 2, 3, 1, '2019-11-13 19:30:04', 'Apertura de Caja', 0, 'PEN', '0.00', 'cash_up', 21, 0),
(248, 20, 3, 2, 1, '2019-11-13 19:46:41', 'POS 219', 0, 'PEN', '2.99', 'sales', 219, 0),
(249, 20, 3, 2, 1, '2019-11-13 19:48:07', 'POS 220', 0, 'PEN', '3.49', 'sales', 220, 0),
(250, 20, 3, 2, 1, '2019-11-13 20:09:30', 'POS 221', 0, 'PEN', '2.50', 'sales', 221, 0),
(251, 20, 3, 2, 1, '2019-11-13 20:38:38', 'POS 222', 0, 'PEN', '2.50', 'sales', 222, 0);

-- --------------------------------------------------------

--
-- Estructura de tabla para la tabla `ospos_cash_flow`
--

DROP TABLE IF EXISTS `ospos_cash_flow`;
CREATE TABLE `ospos_cash_flow` (
  `cash_flow_id` int(10) NOT NULL,
  `overall_cash_id` int(10) NOT NULL,
  `cash_concept_id` int(10) NOT NULL,
  `cash_book_id` int(10) NOT NULL,
  `operation_type` int(1) NOT NULL DEFAULT '1',
  `movementdate` timestamp NOT NULL DEFAULT CURRENT_TIMESTAMP ON UPDATE CURRENT_TIMESTAMP,
  `description` varchar(255) DEFAULT NULL,
  `currency` char(3) CHARACTER SET utf8 COLLATE utf8_spanish2_ci NOT NULL DEFAULT 'PEN',
  `amount` decimal(10,2) NOT NULL DEFAULT '0.00',
  `table_reference` varchar(255) DEFAULT NULL,
  `reference_id` int(10) DEFAULT NULL,
  `deleted` int(1) NOT NULL DEFAULT '0'
) ENGINE=InnoDB DEFAULT CHARSET=utf8;

--
-- Volcado de datos para la tabla `ospos_cash_flow`
--

INSERT INTO `ospos_cash_flow` (`cash_flow_id`, `overall_cash_id`, `cash_concept_id`, `cash_book_id`, `operation_type`, `movementdate`, `description`, `currency`, `amount`, `table_reference`, `reference_id`, `deleted`) VALUES
(1, 1, 1, 1, 1, '2019-11-01 18:40:28', 'Apertura de Caja (SOLES)', 'PEN', '7000.00', 'overall_cashs', 1, 0),
(2, 1, 4, 1, 2, '2019-11-06 03:18:32', 'RECV 1', 'PEN', '6.05', 'receivings', 1, 0),
(3, 2, 1, 1, 1, '2019-11-02 19:10:47', 'Apertura de Caja (SOLES)', 'PEN', '6993.95', 'overall_cashs', 2, 0),
(4, 2, 4, 1, 2, '2019-11-06 03:18:32', 'RECV 2', 'PEN', '5.04', 'receivings', 2, 0),
(5, 2, 4, 1, 2, '2019-11-06 03:18:32', 'RECV 3', 'PEN', '6.06', 'receivings', 3, 0),
(6, 2, 4, 1, 2, '2019-11-06 03:18:32', 'RECV 4', 'PEN', '10.10', 'receivings', 4, 0),
(7, 2, 4, 1, 2, '2019-11-06 03:18:32', 'RECV 5', 'PEN', '5.04', 'receivings', 5, 0),
(8, 2, 4, 1, 2, '2019-11-06 03:18:32', 'RECV 6', 'PEN', '10.20', 'receivings', 6, 0),
(9, 2, 4, 1, 2, '2019-11-06 03:18:32', 'RECV 7', 'PEN', '10.08', 'receivings', 7, 0),
(10, 2, 4, 1, 2, '2019-11-06 03:18:32', 'RECV 8', 'PEN', '10.10', 'receivings', 8, 0),
(11, 2, 4, 1, 2, '2019-11-06 03:18:32', 'RECV 9', 'PEN', '20.20', 'receivings', 9, 0),
(12, 2, 4, 1, 2, '2019-11-06 03:18:32', 'RECV 10', 'PEN', '5.05', 'receivings', 10, 0),
(13, 2, 4, 1, 2, '2019-11-06 03:18:32', 'RECV 11', 'PEN', '6.05', 'receivings', 11, 0),
(14, 2, 4, 1, 2, '2019-11-06 03:18:32', 'RECV 12', 'PEN', '16.16', 'receivings', 12, 0),
(15, 2, 4, 1, 2, '2019-11-06 03:18:32', 'RECV 13', 'PEN', '10.10', 'receivings', 13, 0),
(16, 2, 4, 1, 2, '2019-11-06 03:18:32', 'RECV 14', 'PEN', '12.10', 'receivings', 14, 0),
(17, 2, 4, 1, 2, '2019-11-06 03:18:32', 'RECV 15', 'PEN', '12.10', 'receivings', 15, 0),
(18, 2, 4, 1, 2, '2019-11-06 03:18:32', 'RECV 16', 'PEN', '12.10', 'receivings', 16, 0),
(19, 2, 4, 1, 2, '2019-11-06 03:18:32', 'RECV 17', 'PEN', '12.10', 'receivings', 17, 0),
(20, 2, 4, 1, 2, '2019-11-06 03:18:32', 'RECV 18', 'PEN', '-2.02', 'receivings', 18, 0),
(21, 2, 4, 1, 2, '2019-11-06 03:18:32', 'RECV 19', 'PEN', '-10.10', 'receivings', 19, 0),
(22, 2, 4, 1, 2, '2019-11-06 03:18:32', 'RECV 20', 'PEN', '-40.32', 'receivings', 20, 0),
(23, 2, 11, 1, 0, '2019-11-02 23:32:25', 'PARA VUELTOS', 'PEN', '300.00', 'costs', 1, 0),
(24, 2, 14, 1, 0, '2019-11-03 01:04:54', '', 'PEN', '0.01', 'costs', 2, 0),
(25, 3, 1, 1, 1, '2019-11-03 20:25:37', 'Apertura de Caja (SOLES)', 'PEN', '6583.80', 'overall_cashs', 3, 0),
(26, 4, 1, 1, 1, '2019-11-04 14:06:50', 'Apertura de Caja (SOLES)', 'PEN', '6583.80', 'overall_cashs', 4, 0),
(27, 4, 4, 1, 2, '2019-11-06 03:18:32', 'RECV 21', 'PEN', '4.60', 'receivings', 21, 0),
(28, 4, 4, 1, 2, '2019-11-06 03:18:32', 'RECV 22', 'PEN', '16.00', 'receivings', 22, 0),
(29, 4, 4, 1, 2, '2019-11-06 03:18:32', 'RECV 23', 'PEN', '17.79', 'receivings', 23, 0),
(30, 4, 4, 1, 2, '2019-11-06 03:18:32', 'RECV 24', 'PEN', '24.08', 'receivings', 24, 0),
(31, 4, 4, 1, 2, '2019-11-06 03:18:32', 'RECV 25', 'PEN', '10.99', 'receivings', 25, 0),
(32, 4, 4, 1, 2, '2019-11-06 03:18:32', 'RECV 26', 'PEN', '21.00', 'receivings', 26, 0),
(33, 4, 4, 1, 2, '2019-11-06 03:18:32', 'RECV 27', 'PEN', '21.00', 'receivings', 27, 0),
(34, 4, 4, 1, 2, '2019-11-06 03:18:32', 'RECV 28', 'PEN', '16.48', 'receivings', 28, 0),
(35, 4, 4, 1, 2, '2019-11-06 03:18:32', 'RECV 29', 'PEN', '33.00', 'receivings', 29, 0),
(36, 4, 4, 1, 2, '2019-11-06 03:18:32', 'RECV 30', 'PEN', '18.49', 'receivings', 30, 0),
(37, 4, 4, 1, 2, '2019-11-06 03:18:32', 'RECV 31', 'PEN', '13.78', 'receivings', 31, 0),
(38, 4, 4, 1, 2, '2019-11-06 03:18:32', 'RECV 32', 'PEN', '-6.90', 'receivings', 32, 0),
(39, 4, 4, 1, 2, '2019-11-06 03:18:32', 'RECV 33', 'PEN', '6.90', 'receivings', 33, 0),
(40, 4, 4, 1, 2, '2019-11-06 03:18:32', 'RECV 34', 'PEN', '18.49', 'receivings', 34, 0),
(41, 4, 4, 1, 2, '2019-11-06 03:18:32', 'RECV 35', 'PEN', '7.00', 'receivings', 35, 0),
(42, 4, 4, 1, 2, '2019-11-06 03:18:32', 'RECV 36', 'PEN', '5.10', 'receivings', 36, 0),
(43, 4, 4, 1, 2, '2019-11-06 03:18:32', 'RECV 37', 'PEN', '5.10', 'receivings', 37, 0),
(44, 4, 4, 1, 2, '2019-11-06 03:18:32', 'RECV 38', 'PEN', '2.89', 'receivings', 38, 0),
(45, 4, 4, 1, 2, '2019-11-06 03:18:32', 'RECV 39', 'PEN', '5.10', 'receivings', 39, 0),
(46, 4, 4, 1, 2, '2019-11-06 03:18:32', 'RECV 40', 'PEN', '5.05', 'receivings', 40, 0),
(47, 4, 4, 1, 2, '2019-11-06 03:18:32', 'RECV 41', 'PEN', '4.12', 'receivings', 41, 0),
(48, 4, 4, 1, 2, '2019-11-06 03:18:32', 'RECV 42', 'PEN', '9.20', 'receivings', 42, 0),
(49, 4, 4, 1, 2, '2019-11-06 03:18:32', 'RECV 43', 'PEN', '9.20', 'receivings', 43, 0),
(50, 4, 4, 1, 2, '2019-11-06 03:18:32', 'RECV 44', 'PEN', '9.20', 'receivings', 44, 0),
(51, 4, 4, 1, 2, '2019-11-06 03:18:32', 'RECV 45', 'PEN', '9.20', 'receivings', 45, 0),
(52, 4, 4, 1, 2, '2019-11-06 03:18:32', 'RECV 46', 'PEN', '4.12', 'receivings', 46, 0),
(53, 4, 4, 1, 2, '2019-11-06 03:18:32', 'RECV 47', 'PEN', '4.12', 'receivings', 47, 0),
(54, 4, 4, 1, 2, '2019-11-06 03:18:32', 'RECV 48', 'PEN', '4.12', 'receivings', 48, 0),
(55, 4, 4, 1, 2, '2019-11-06 03:18:32', 'RECV 49', 'PEN', '8.24', 'receivings', 49, 0),
(56, 4, 4, 1, 2, '2019-11-06 03:18:32', 'RECV 50', 'PEN', '5.76', 'receivings', 50, 0),
(57, 4, 4, 1, 2, '2019-11-06 03:18:32', 'RECV 51', 'PEN', '9.60', 'receivings', 51, 0),
(58, 4, 4, 1, 2, '2019-11-06 03:18:32', 'RECV 52', 'PEN', '3.84', 'receivings', 52, 0),
(59, 4, 16, 1, 0, '2019-11-05 01:15:25', '', 'PEN', '0.04', 'costs', 3, 0),
(60, 0, 4, 1, 2, '2019-11-06 03:18:32', 'RECV 53', 'PEN', '16.65', 'receivings', 53, 0),
(61, 0, 4, 1, 2, '2019-11-06 03:18:32', 'RECV 54', 'PEN', '16.65', 'receivings', 54, 0),
(62, 0, 4, 1, 2, '2019-11-06 03:18:32', 'RECV 55', 'PEN', '8.20', 'receivings', 55, 0),
(63, 0, 4, 1, 2, '2019-11-06 03:18:32', 'RECV 56', 'PEN', '8.20', 'receivings', 56, 0),
(64, 0, 4, 1, 2, '2019-11-06 03:18:32', 'RECV 57', 'PEN', '9.32', 'receivings', 57, 0),
(65, 0, 4, 1, 2, '2019-11-06 03:18:32', 'RECV 58', 'PEN', '9.32', 'receivings', 58, 0),
(66, 0, 4, 1, 2, '2019-11-06 03:18:32', 'RECV 59', 'PEN', '9.20', 'receivings', 59, 0),
(67, 0, 4, 1, 2, '2019-11-06 03:18:32', 'RECV 60', 'PEN', '12.48', 'receivings', 60, 0),
(68, 0, 4, 1, 2, '2019-11-06 03:18:32', 'RECV 61', 'PEN', '12.48', 'receivings', 61, 0),
(69, 0, 4, 1, 2, '2019-11-06 03:18:32', 'RECV 62', 'PEN', '21.28', 'receivings', 62, 0),
(70, 0, 4, 1, 2, '2019-11-06 03:18:32', 'RECV 63', 'PEN', '18.27', 'receivings', 63, 0),
(71, 0, 4, 1, 2, '2019-11-06 03:18:32', 'RECV 64', 'PEN', '7.65', 'receivings', 64, 0),
(72, 0, 4, 1, 2, '2019-11-06 03:18:32', 'RECV 65', 'PEN', '9.32', 'receivings', 65, 0),
(73, 0, 4, 1, 2, '2019-11-06 03:18:32', 'RECV 66', 'PEN', '9.32', 'receivings', 66, 0),
(74, 0, 4, 1, 2, '2019-11-06 03:18:32', 'RECV 67', 'PEN', '8.85', 'receivings', 67, 0),
(75, 0, 4, 1, 2, '2019-11-06 03:18:32', 'RECV 68', 'PEN', '12.50', 'receivings', 68, 0),
(76, 0, 4, 1, 2, '2019-11-06 03:18:32', 'RECV 69', 'PEN', '5.04', 'receivings', 69, 0),
(77, 0, 4, 1, 2, '2019-11-06 03:18:32', 'RECV 70', 'PEN', '2.89', 'receivings', 70, 0),
(78, 0, 4, 1, 2, '2019-11-06 03:18:32', 'RECV 71', 'PEN', '5.92', 'receivings', 71, 0),
(79, 0, 4, 1, 2, '2019-11-06 03:18:32', 'RECV 72', 'PEN', '7.78', 'receivings', 72, 0),
(80, 0, 4, 1, 2, '2019-11-06 03:18:32', 'RECV 73', 'PEN', '7.78', 'receivings', 73, 0),
(81, 0, 4, 1, 2, '2019-11-06 03:18:32', 'RECV 74', 'PEN', '7.78', 'receivings', 74, 0),
(82, 0, 4, 1, 2, '2019-11-06 03:18:32', 'RECV 75', 'PEN', '6.00', 'receivings', 75, 0),
(83, 0, 4, 1, 2, '2019-11-06 03:18:32', 'RECV 76', 'PEN', '15.60', 'receivings', 76, 0),
(84, 0, 4, 1, 2, '2019-11-06 03:18:32', 'RECV 77', 'PEN', '24.49', 'receivings', 77, 0),
(85, 0, 4, 1, 2, '2019-11-06 03:18:32', 'RECV 78', 'PEN', '24.99', 'receivings', 78, 0),
(86, 0, 4, 1, 2, '2019-11-06 03:18:32', 'RECV 79', 'PEN', '27.49', 'receivings', 79, 0),
(87, 0, 4, 1, 2, '2019-11-06 03:18:32', 'RECV 80', 'PEN', '13.60', 'receivings', 80, 0),
(88, 0, 4, 1, 2, '2019-11-06 03:18:32', 'RECV 81', 'PEN', '15.80', 'receivings', 81, 0),
(89, 0, 4, 1, 2, '2019-11-06 03:18:32', 'RECV 82', 'PEN', '7.89', 'receivings', 82, 0),
(90, 0, 4, 1, 2, '2019-11-06 03:18:32', 'RECV 83', 'PEN', '3.39', 'receivings', 83, 0),
(91, 0, 4, 1, 2, '2019-11-06 03:18:32', 'RECV 84', 'PEN', '33.45', 'receivings', 84, 0),
(92, 0, 4, 1, 2, '2019-11-06 03:18:32', 'RECV 85', 'PEN', '9.87', 'receivings', 85, 0),
(93, 0, 4, 1, 2, '2019-11-06 03:18:32', 'RECV 86', 'PEN', '10.08', 'receivings', 86, 0),
(94, 0, 4, 1, 2, '2019-11-06 03:18:32', 'RECV 87', 'PEN', '3.00', 'receivings', 87, 0),
(95, 0, 4, 1, 2, '2019-11-06 03:18:32', 'RECV 88', 'PEN', '26.00', 'receivings', 88, 0),
(96, 0, 4, 1, 2, '2019-11-06 03:18:32', 'RECV 89', 'PEN', '6.12', 'receivings', 89, 0),
(97, 0, 4, 1, 2, '2019-11-06 03:18:32', 'RECV 90', 'PEN', '-1.56', 'receivings', 90, 0),
(98, 0, 4, 1, 2, '2019-11-06 03:18:32', 'RECV 91', 'PEN', '1.50', 'receivings', 91, 0),
(99, 5, 1, 1, 1, '2019-11-06 14:57:06', 'Apertura de Caja (SOLES)', 'PEN', '6257.10', 'overall_cashs', 5, 0),
(100, 5, 4, 1, 2, '2019-11-06 15:12:32', 'RECV 92', 'PEN', '8.90', 'receivings', 92, 0),
(101, 5, 4, 1, 2, '2019-11-06 15:42:20', 'RECV 93', 'PEN', '4.79', 'receivings', 93, 0),
(102, 5, 4, 1, 2, '2019-11-06 15:49:51', 'RECV 94', 'PEN', '12.70', 'receivings', 94, 0),
(103, 5, 4, 1, 2, '2019-11-06 15:57:00', 'RECV 95', 'PEN', '12.70', 'receivings', 95, 0),
(104, 5, 4, 1, 2, '2019-11-06 16:04:17', 'RECV 96', 'PEN', '15.89', 'receivings', 96, 0),
(105, 5, 4, 1, 2, '2019-11-06 16:11:00', 'RECV 97', 'PEN', '15.39', 'receivings', 97, 0),
(106, 5, 4, 1, 2, '2019-11-06 16:42:10', 'RECV 98', 'PEN', '8.25', 'receivings', 98, 0),
(107, 5, 4, 1, 2, '2019-11-06 16:54:06', 'RECV 99', 'PEN', '9.30', 'receivings', 99, 0),
(108, 5, 4, 1, 2, '2019-11-06 16:58:07', 'RECV 100', 'PEN', '9.30', 'receivings', 100, 0),
(109, 5, 4, 1, 2, '2019-11-06 17:06:41', 'RECV 101', 'PEN', '10.20', 'receivings', 101, 0),
(110, 5, 4, 1, 2, '2019-11-06 17:26:50', 'RECV 102', 'PEN', '8.50', 'receivings', 102, 0),
(111, 5, 4, 1, 2, '2019-11-06 17:30:47', 'RECV 103', 'PEN', '13.50', 'receivings', 103, 0),
(112, 5, 4, 1, 2, '2019-11-06 17:37:20', 'RECV 104', 'PEN', '19.60', 'receivings', 104, 0),
(113, 5, 4, 1, 2, '2019-11-06 17:48:29', 'RECV 105', 'PEN', '16.00', 'receivings', 105, 0),
(114, 5, 4, 1, 2, '2019-11-06 17:58:16', 'RECV 106', 'PEN', '4.50', 'receivings', 106, 0),
(115, 5, 4, 1, 2, '2019-11-06 18:00:53', 'RECV 107', 'PEN', '4.50', 'receivings', 107, 0),
(116, 5, 4, 1, 2, '2019-11-06 18:03:24', 'RECV 108', 'PEN', '4.50', 'receivings', 108, 0),
(117, 5, 4, 1, 2, '2019-11-06 18:08:48', 'RECV 109', 'PEN', '15.60', 'receivings', 109, 0),
(118, 5, 4, 1, 2, '2019-11-06 18:13:56', 'RECV 110', 'PEN', '17.00', 'receivings', 110, 0),
(119, 5, 4, 1, 2, '2019-11-06 18:53:34', 'RECV 111', 'PEN', '12.50', 'receivings', 111, 0),
(120, 5, 4, 1, 2, '2019-11-06 19:15:53', 'RECV 112', 'PEN', '34.00', 'receivings', 112, 0),
(121, 5, 4, 1, 2, '2019-11-06 19:25:05', 'RECV 113', 'PEN', '9.90', 'receivings', 113, 0),
(122, 5, 4, 1, 2, '2019-11-06 20:56:40', 'RECV 114', 'PEN', '5.20', 'receivings', 114, 0),
(123, 5, 4, 1, 2, '2019-11-06 20:57:23', 'RECV 115', 'PEN', '5.20', 'receivings', 115, 0),
(124, 5, 4, 1, 2, '2019-11-06 21:06:17', 'RECV 116', 'PEN', '2.80', 'receivings', 116, 0),
(125, 5, 4, 1, 2, '2019-11-06 21:13:22', 'RECV 117', 'PEN', '2.50', 'receivings', 117, 0),
(126, 5, 4, 1, 2, '2019-11-06 21:14:24', 'RECV 118', 'PEN', '2.50', 'receivings', 118, 0),
(127, 5, 4, 1, 2, '2019-11-06 21:27:41', 'RECV 119', 'PEN', '19.09', 'receivings', 119, 0),
(128, 5, 4, 1, 2, '2019-11-06 21:59:20', 'RECV 120', 'PEN', '12.35', 'receivings', 120, 0),
(129, 5, 4, 1, 2, '2019-11-06 22:08:53', 'RECV 121', 'PEN', '12.55', 'receivings', 121, 0),
(130, 5, 4, 1, 2, '2019-11-06 22:24:07', 'RECV 122', 'PEN', '13.30', 'receivings', 122, 0),
(131, 5, 4, 1, 2, '2019-11-06 22:46:40', 'RECV 123', 'PEN', '14.70', 'receivings', 123, 0),
(132, 5, 4, 1, 2, '2019-11-06 23:00:08', 'RECV 124', 'PEN', '5.26', 'receivings', 124, 0),
(133, 5, 16, 1, 0, '2019-11-07 02:30:23', '', 'PEN', '0.03', 'costs', 4, 0),
(134, 6, 1, 1, 1, '2019-11-07 14:30:07', 'Apertura de Caja (SOLES)', 'PEN', '5894.10', 'overall_cashs', 6, 0),
(135, 6, 4, 1, 2, '2019-11-07 14:50:04', 'RECV 125', 'PEN', '19.61', 'receivings', 125, 0),
(136, 6, 4, 1, 2, '2019-11-07 14:57:15', 'RECV 126', 'PEN', '12.25', 'receivings', 126, 0),
(137, 6, 4, 1, 2, '2019-11-07 15:00:34', 'RECV 127', 'PEN', '12.25', 'receivings', 127, 0),
(138, 6, 4, 1, 2, '2019-11-07 15:23:55', 'RECV 128', 'PEN', '36.00', 'receivings', 128, 0),
(139, 6, 4, 1, 2, '2019-11-07 15:25:29', 'RECV 129', 'PEN', '18.00', 'receivings', 129, 0),
(140, 6, 4, 1, 2, '2019-11-07 15:33:26', 'RECV 130', 'PEN', '12.55', 'receivings', 130, 0),
(141, 6, 4, 1, 2, '2019-11-07 15:43:33', 'RECV 131', 'PEN', '10.04', 'receivings', 131, 0),
(142, 6, 4, 1, 2, '2019-11-07 16:04:02', 'RECV 132', 'PEN', '46.75', 'receivings', 132, 0),
(143, 6, 4, 1, 2, '2019-11-07 16:14:15', 'RECV 133', 'PEN', '12.26', 'receivings', 133, 0),
(144, 6, 4, 1, 2, '2019-11-07 16:32:14', 'RECV 134', 'PEN', '8.22', 'receivings', 134, 0),
(145, 6, 4, 1, 2, '2019-11-07 16:32:45', 'RECV 135', 'PEN', '8.22', 'receivings', 135, 0),
(146, 6, 4, 1, 2, '2019-11-07 16:34:25', 'RECV 136', 'PEN', '16.44', 'receivings', 136, 0),
(147, 6, 4, 1, 2, '2019-11-07 16:35:26', 'RECV 137', 'PEN', '17.65', 'receivings', 137, 0),
(148, 6, 4, 1, 2, '2019-11-07 16:53:22', 'RECV 138', 'PEN', '15.93', 'receivings', 138, 0),
(149, 6, 4, 1, 2, '2019-11-07 17:12:46', 'RECV 139', 'PEN', '7.50', 'receivings', 139, 0),
(150, 6, 4, 1, 2, '2019-11-07 17:15:03', 'RECV 140', 'PEN', '14.40', 'receivings', 140, 0),
(151, 6, 4, 1, 2, '2019-11-07 17:16:16', 'RECV 141', 'PEN', '14.10', 'receivings', 141, 0),
(152, 6, 4, 1, 2, '2019-11-07 17:16:58', 'RECV 142', 'PEN', '14.10', 'receivings', 142, 0),
(153, 6, 4, 1, 2, '2019-11-07 17:19:03', 'RECV 143', 'PEN', '6.27', 'receivings', 143, 0),
(154, 6, 4, 1, 2, '2019-11-07 17:22:17', 'RECV 144', 'PEN', '6.15', 'receivings', 144, 0),
(155, 6, 4, 1, 2, '2019-11-07 17:26:36', 'RECV 145', 'PEN', '5.97', 'receivings', 145, 0),
(156, 6, 4, 1, 2, '2019-11-07 17:31:30', 'RECV 146', 'PEN', '9.98', 'receivings', 146, 0),
(157, 6, 4, 1, 2, '2019-11-07 17:34:36', 'RECV 147', 'PEN', '5.50', 'receivings', 147, 0),
(158, 6, 4, 1, 2, '2019-11-07 17:38:05', 'RECV 148', 'PEN', '9.58', 'receivings', 148, 0),
(159, 6, 4, 1, 2, '2019-11-07 17:40:25', 'RECV 149', 'PEN', '6.00', 'receivings', 149, 0),
(160, 6, 4, 1, 2, '2019-11-07 17:42:58', 'RECV 150', 'PEN', '9.27', 'receivings', 150, 0),
(161, 6, 4, 1, 2, '2019-11-07 17:46:33', 'RECV 151', 'PEN', '8.67', 'receivings', 151, 0),
(162, 6, 4, 1, 2, '2019-11-07 17:50:41', 'RECV 152', 'PEN', '13.59', 'receivings', 152, 0),
(163, 6, 4, 1, 2, '2019-11-07 17:53:11', 'RECV 153', 'PEN', '14.99', 'receivings', 153, 0),
(164, 6, 4, 1, 2, '2019-11-07 17:54:39', 'RECV 154', 'PEN', '12.48', 'receivings', 154, 0),
(165, 6, 4, 1, 2, '2019-11-07 17:57:39', 'RECV 155', 'PEN', '19.49', 'receivings', 155, 0),
(166, 6, 4, 1, 2, '2019-11-07 18:00:31', 'RECV 156', 'PEN', '11.99', 'receivings', 156, 0),
(167, 6, 4, 1, 2, '2019-11-07 18:05:19', 'RECV 157', 'PEN', '11.51', 'receivings', 157, 0),
(168, 6, 4, 1, 2, '2019-11-07 18:10:41', 'RECV 158', 'PEN', '8.80', 'receivings', 158, 0),
(169, 6, 4, 1, 2, '2019-11-07 18:24:30', 'RECV 159', 'PEN', '11.98', 'receivings', 159, 0),
(170, 6, 4, 1, 2, '2019-11-07 18:42:34', 'RECV 160', 'PEN', '11.73', 'receivings', 160, 0),
(171, 6, 4, 1, 2, '2019-11-07 18:47:34', 'RECV 161', 'PEN', '8.07', 'receivings', 161, 0),
(172, 6, 4, 1, 2, '2019-11-07 19:04:28', 'RECV 162', 'PEN', '8.34', 'receivings', 162, 0),
(173, 6, 4, 1, 2, '2019-11-07 19:10:44', 'RECV 163', 'PEN', '5.97', 'receivings', 163, 0),
(174, 6, 4, 1, 2, '2019-11-07 20:12:50', 'RECV 164', 'PEN', '6.84', 'receivings', 164, 0),
(175, 6, 4, 1, 2, '2019-11-07 20:16:11', 'RECV 165', 'PEN', '6.84', 'receivings', 165, 0),
(176, 6, 4, 1, 2, '2019-11-07 20:18:48', 'RECV 166', 'PEN', '8.70', 'receivings', 166, 0),
(177, 6, 4, 1, 2, '2019-11-07 20:18:58', 'RECV -1', 'PEN', '0.00', 'receivings', -1, 0),
(178, 6, 4, 1, 2, '2019-11-07 20:21:07', 'RECV 167', 'PEN', '8.70', 'receivings', 167, 0),
(179, 6, 4, 1, 2, '2019-11-07 20:25:46', 'RECV 168', 'PEN', '20.48', 'receivings', 168, 0),
(180, 6, 4, 1, 2, '2019-11-07 20:30:16', 'RECV 169', 'PEN', '13.99', 'receivings', 169, 0),
(181, 6, 4, 1, 2, '2019-11-07 20:34:42', 'RECV 170', 'PEN', '31.90', 'receivings', 170, 0),
(182, 6, 4, 1, 2, '2019-11-07 20:58:43', 'RECV 171', 'PEN', '54.00', 'receivings', 171, 0),
(183, 6, 4, 1, 2, '2019-11-07 21:00:13', 'RECV 172', 'PEN', '33.21', 'receivings', 172, 0),
(184, 6, 4, 1, 2, '2019-11-07 21:01:45', 'RECV 173', 'PEN', '55.50', 'receivings', 173, 0),
(185, 6, 4, 1, 2, '2019-11-07 21:48:54', 'RECV 174', 'PEN', '104.00', 'receivings', 174, 0),
(186, 6, 4, 1, 2, '2019-11-07 21:50:22', 'RECV 175', 'PEN', '20.50', 'receivings', 175, 0),
(187, 6, 4, 1, 2, '2019-11-07 21:52:32', 'RECV 176', 'PEN', '25.59', 'receivings', 176, 0),
(188, 6, 4, 1, 2, '2019-11-07 21:54:32', 'RECV 177', 'PEN', '66.00', 'receivings', 177, 0),
(189, 6, 4, 1, 2, '2019-11-07 21:56:38', 'RECV 178', 'PEN', '66.00', 'receivings', 178, 0),
(190, 6, 4, 1, 2, '2019-11-07 21:58:14', 'RECV 179', 'PEN', '66.00', 'receivings', 179, 0),
(191, 6, 4, 1, 2, '2019-11-07 21:59:42', 'RECV 180', 'PEN', '21.00', 'receivings', 180, 0),
(192, 6, 4, 1, 2, '2019-11-07 22:02:33', 'RECV 181', 'PEN', '49.38', 'receivings', 181, 0),
(193, 6, 4, 1, 2, '2019-11-07 22:05:58', 'RECV 182', 'PEN', '41.80', 'receivings', 182, 0),
(194, 6, 4, 1, 2, '2019-11-07 22:14:31', 'RECV 183', 'PEN', '31.02', 'receivings', 183, 0),
(195, 6, 4, 1, 2, '2019-11-07 22:37:24', 'RECV 184', 'PEN', '10.20', 'receivings', 184, 0),
(196, 6, 16, 1, 0, '2019-11-08 01:22:59', '', 'PEN', '0.08', 'costs', 5, 1),
(197, 6, 16, 1, 0, '2019-11-08 01:24:12', '', 'PEN', '0.07', 'costs', 7, 1),
(198, 6, 16, 1, 0, '2019-11-08 02:24:26', '', 'PEN', '0.05', 'costs', 8, 0),
(199, 7, 1, 1, 1, '2019-11-08 15:14:04', 'Apertura de Caja (SOLES)', 'PEN', '4649.80', 'overall_cashs', 7, 0),
(200, 7, 4, 1, 2, '2019-11-08 16:58:13', 'RECV 185', 'PEN', '15.00', 'receivings', 185, 0),
(201, 7, 4, 1, 2, '2019-11-08 17:49:51', 'RECV 186', 'PEN', '20.00', 'receivings', 186, 0),
(202, 7, 4, 1, 2, '2019-11-08 17:59:42', 'RECV 187', 'PEN', '15.59', 'receivings', 187, 0),
(203, 7, 4, 1, 2, '2019-11-08 18:54:16', 'RECV 188', 'PEN', '21.48', 'receivings', 188, 0),
(204, 7, 4, 1, 2, '2019-11-08 19:09:11', 'RECV 189', 'PEN', '11.38', 'receivings', 189, 0),
(205, 7, 4, 1, 2, '2019-11-08 22:05:25', 'RECV 190', 'PEN', '15.13', 'receivings', 190, 0),
(206, 7, 4, 1, 2, '2019-11-08 22:32:15', 'RECV 191', 'PEN', '9.31', 'receivings', 191, 0),
(207, 7, 4, 1, 2, '2019-11-08 22:47:33', 'RECV 192', 'PEN', '26.20', 'receivings', 192, 0),
(208, 7, 4, 1, 2, '2019-11-08 23:31:07', 'RECV 193', 'PEN', '63.00', 'receivings', 193, 0),
(209, 7, 4, 1, 2, '2019-11-08 23:33:07', 'RECV 194', 'PEN', '26.92', 'receivings', 194, 0),
(210, 7, 4, 1, 2, '2019-11-08 23:34:31', 'RECV 195', 'PEN', '60.89', 'receivings', 195, 0),
(211, 7, 4, 1, 2, '2019-11-08 23:39:42', 'RECV 196', 'PEN', '10.33', 'receivings', 196, 0),
(212, 7, 4, 1, 2, '2019-11-08 23:43:54', 'RECV 197', 'PEN', '14.40', 'receivings', 197, 0),
(213, 7, 4, 1, 2, '2019-11-08 23:53:04', 'RECV 198', 'PEN', '35.12', 'receivings', 198, 0),
(214, 7, 4, 1, 2, '2019-11-09 00:36:46', 'RECV 199', 'PEN', '89.70', 'receivings', 199, 0),
(215, 7, 4, 1, 2, '2019-11-09 00:40:06', 'RECV 200', 'PEN', '59.70', 'receivings', 200, 0),
(216, 7, 4, 1, 2, '2019-11-09 00:43:01', 'RECV 201', 'PEN', '66.00', 'receivings', 201, 0),
(217, 7, 4, 1, 2, '2019-11-09 00:49:25', 'RECV 202', 'PEN', '156.00', 'receivings', 202, 0),
(218, 7, 4, 1, 2, '2019-11-09 00:51:19', 'RECV 203', 'PEN', '156.00', 'receivings', 203, 0),
(219, 7, 4, 1, 2, '2019-11-09 00:57:32', 'RECV 204', 'PEN', '55.80', 'receivings', 204, 0),
(220, 7, 4, 1, 2, '2019-11-09 01:12:15', 'RECV 205', 'PEN', '255.60', 'receivings', 205, 0),
(221, 7, 4, 1, 2, '2019-11-09 01:16:42', 'RECV 206', 'PEN', '125.70', 'receivings', 206, 0),
(222, 7, 4, 1, 2, '2019-11-09 01:27:30', 'RECV 207', 'PEN', '102.30', 'receivings', 207, 0),
(223, 7, 4, 1, 2, '2019-11-09 01:36:58', 'RECV 208', 'PEN', '159.00', 'receivings', 208, 0),
(224, 7, 4, 1, 2, '2019-11-09 01:42:01', 'RECV 209', 'PEN', '74.97', 'receivings', 209, 0),
(225, 7, 4, 1, 2, '2019-11-09 01:51:56', 'RECV 210', 'PEN', '74.97', 'receivings', 210, 0),
(226, 7, 4, 1, 2, '2019-11-09 02:12:50', 'RECV 211', 'PEN', '209.70', 'receivings', 211, 0),
(227, 7, 4, 1, 2, '2019-11-09 02:22:36', 'RECV 212', 'PEN', '285.00', 'receivings', 212, 0),
(228, 7, 4, 1, 2, '2019-11-09 02:33:33', 'RECV 213', 'PEN', '75.74', 'receivings', 213, 0),
(229, 7, 4, 1, 2, '2019-11-09 02:38:03', 'RECV 214', 'PEN', '75.74', 'receivings', 214, 0),
(230, 7, 4, 1, 2, '2019-11-09 02:43:28', 'RECV 215', 'PEN', '75.72', 'receivings', 215, 0),
(231, 7, 4, 1, 2, '2019-11-09 02:44:22', 'RECV 216', 'PEN', '-75.72', 'receivings', 216, 0),
(232, 7, 4, 1, 2, '2019-11-09 03:27:49', 'RECV 217', 'PEN', '15.60', 'receivings', 217, 0),
(233, 7, 16, 1, 0, '2019-11-09 04:28:31', '', 'PEN', '0.03', 'costs', 12, 0),
(234, 8, 1, 1, 1, '2019-11-09 16:08:30', 'Apertura de Caja (SOLES)', 'PEN', '2267.50', 'overall_cashs', 8, 0),
(235, 8, 4, 1, 2, '2019-11-09 16:20:17', 'RECV 218', 'PEN', '8.36', 'receivings', 218, 0),
(236, 8, 4, 1, 2, '2019-11-09 16:36:22', 'RECV 219', 'PEN', '11.50', 'receivings', 219, 0),
(237, 8, 4, 1, 2, '2019-11-09 16:42:04', 'RECV 220', 'PEN', '11.98', 'receivings', 220, 0),
(238, 8, 4, 1, 2, '2019-11-09 16:45:37', 'RECV 221', 'PEN', '13.35', 'receivings', 221, 0),
(239, 8, 4, 1, 2, '2019-11-09 16:49:28', 'RECV 222', 'PEN', '10.78', 'receivings', 222, 0),
(240, 8, 4, 1, 2, '2019-11-09 17:26:04', 'RECV 223', 'PEN', '12.00', 'receivings', 223, 0),
(241, 8, 4, 1, 2, '2019-11-09 17:34:32', 'RECV 224', 'PEN', '11.62', 'receivings', 224, 0),
(242, 8, 4, 1, 2, '2019-11-09 17:39:45', 'RECV 225', 'PEN', '5.96', 'receivings', 225, 0),
(243, 8, 4, 1, 2, '2019-11-09 17:50:40', 'RECV 226', 'PEN', '61.80', 'receivings', 226, 0),
(244, 8, 4, 1, 2, '2019-11-09 17:55:38', 'RECV 227', 'PEN', '22.90', 'receivings', 227, 0),
(245, 8, 4, 1, 2, '2019-11-09 18:06:08', 'RECV 228', 'PEN', '41.97', 'receivings', 228, 0),
(246, 8, 4, 1, 2, '2019-11-09 18:24:53', 'RECV 229', 'PEN', '14.75', 'receivings', 229, 0),
(247, 8, 4, 1, 2, '2019-11-09 21:09:36', 'RECV 230', 'PEN', '29.00', 'receivings', 230, 0),
(248, 8, 4, 1, 2, '2019-11-09 21:53:52', 'RECV 231', 'PEN', '11.07', 'receivings', 231, 0),
(249, 8, 4, 1, 2, '2019-11-09 22:00:08', 'RECV 232', 'PEN', '18.50', 'receivings', 232, 0),
(250, 8, 4, 1, 2, '2019-11-09 22:02:47', 'RECV 233', 'PEN', '12.59', 'receivings', 233, 0),
(251, 8, 4, 1, 2, '2019-11-09 22:12:09', 'RECV 234', 'PEN', '-13.15', 'receivings', 234, 0),
(252, 8, 16, 1, 0, '2019-11-10 03:36:05', '', 'PEN', '0.02', 'costs', 15, 0),
(253, 9, 1, 1, 1, '2019-11-10 15:43:17', 'Apertura de Caja (SOLES)', 'PEN', '1982.50', 'overall_cashs', 9, 0),
(254, 9, 4, 1, 2, '2019-11-10 17:19:36', 'RECV 235', 'PEN', '38.40', 'receivings', 235, 0),
(255, 9, 4, 1, 2, '2019-11-10 17:27:03', 'RECV 236', 'PEN', '26.00', 'receivings', 236, 0),
(256, 9, 4, 1, 2, '2019-11-10 17:37:36', 'RECV 237', 'PEN', '16.05', 'receivings', 237, 0),
(257, 9, 4, 1, 2, '2019-11-10 18:13:57', 'RECV 238', 'PEN', '30.00', 'receivings', 238, 0),
(258, 9, 4, 1, 2, '2019-11-10 18:21:53', 'RECV 239', 'PEN', '31.50', 'receivings', 239, 0),
(259, 9, 4, 1, 2, '2019-11-10 18:37:59', 'RECV 240', 'PEN', '21.75', 'receivings', 240, 0),
(260, 9, 4, 1, 2, '2019-11-10 18:45:09', 'RECV 241', 'PEN', '28.00', 'receivings', 241, 0),
(261, 9, 4, 1, 2, '2019-11-10 18:56:07', 'RECV 242', 'PEN', '39.75', 'receivings', 242, 0),
(262, 9, 4, 1, 2, '2019-11-10 20:49:28', 'RECV 243', 'PEN', '19.50', 'receivings', 243, 0),
(263, 9, 4, 1, 2, '2019-11-10 21:05:58', 'RECV 244', 'PEN', '19.50', 'receivings', 244, 0),
(264, 9, 4, 1, 2, '2019-11-10 21:38:51', 'RECV 245', 'PEN', '13.00', 'receivings', 245, 0),
(265, 9, 4, 1, 2, '2019-11-10 21:44:17', 'RECV 246', 'PEN', '18.00', 'receivings', 246, 0),
(266, 9, 4, 1, 2, '2019-11-10 21:52:54', 'RECV 247', 'PEN', '12.70', 'receivings', 247, 0),
(267, 9, 4, 1, 2, '2019-11-10 22:02:06', 'RECV 248', 'PEN', '4.25', 'receivings', 248, 0),
(268, 9, 4, 1, 2, '2019-11-10 22:02:46', 'RECV 249', 'PEN', '8.50', 'receivings', 249, 0),
(269, 9, 4, 1, 2, '2019-11-10 22:34:29', 'RECV 250', 'PEN', '8.50', 'receivings', 250, 0),
(270, 9, 4, 1, 2, '2019-11-10 22:42:00', 'RECV 251', 'PEN', '17.00', 'receivings', 251, 0),
(271, 9, 4, 1, 2, '2019-11-10 22:53:08', 'RECV 252', 'PEN', '13.00', 'receivings', 252, 0),
(272, 9, 4, 1, 2, '2019-11-10 22:58:47', 'RECV 253', 'PEN', '21.75', 'receivings', 253, 0),
(273, 9, 4, 1, 2, '2019-11-10 23:58:16', 'RECV 254', 'PEN', '117.00', 'receivings', 254, 0),
(274, 9, 4, 1, 2, '2019-11-11 00:01:30', 'RECV 255', 'PEN', '78.00', 'receivings', 255, 0),
(275, 9, 4, 1, 2, '2019-11-11 00:21:46', 'RECV 256', 'PEN', '20.79', 'receivings', 256, 0),
(276, 9, 16, 1, 0, '2019-11-11 01:34:53', '', 'PEN', '0.06', 'costs', 17, 0),
(277, 10, 1, 1, 1, '2019-11-11 14:57:09', 'Apertura de Caja (SOLES)', 'PEN', '1379.50', 'overall_cashs', 10, 0),
(278, 10, 4, 1, 2, '2019-11-11 14:57:46', 'RECV 257', 'PEN', '12.50', 'receivings', 257, 0),
(279, 10, 4, 1, 2, '2019-11-11 17:43:30', 'RECV 258', 'PEN', '25.20', 'receivings', 258, 0),
(280, 10, 4, 1, 2, '2019-11-11 17:49:07', 'RECV 259', 'PEN', '52.98', 'receivings', 259, 0),
(281, 10, 4, 1, 2, '2019-11-11 17:55:52', 'RECV 260', 'PEN', '7.78', 'receivings', 260, 0),
(282, 10, 4, 1, 2, '2019-11-11 19:00:52', 'RECV 261', 'PEN', '15.56', 'receivings', 261, 0),
(283, 10, 4, 1, 2, '2019-11-11 19:46:17', 'RECV 262', 'PEN', '38.00', 'receivings', 262, 0),
(284, 10, 4, 1, 2, '2019-11-11 20:13:44', 'RECV 263', 'PEN', '33.00', 'receivings', 263, 0),
(285, 11, 1, 1, 1, '2019-11-12 06:27:16', 'Apertura de Caja (SOLES)', 'PEN', '1379.50', 'overall_cashs', 11, 0),
(286, 11, 4, 1, 2, '2019-11-12 07:33:04', 'RECV 264', 'PEN', '15.50', 'receivings', 264, 0),
(287, 11, 4, 1, 2, '2019-11-12 10:08:14', 'RECV 265', 'PEN', '12.78', 'receivings', 265, 0),
(288, 11, 16, 1, 0, '2019-11-12 13:20:32', '', 'PEN', '0.08', 'costs', 21, 1),
(289, 11, 16, 1, 0, '2019-11-11 06:00:59', '', 'PEN', '0.08', 'costs', 22, 0),
(290, 11, 16, 1, 0, '2019-11-13 02:33:09', '', 'PEN', '0.14', 'costs', 25, 0),
(291, 11, 16, 1, 0, '2019-11-13 02:34:20', '', 'PEN', '0.59', 'costs', 26, 0),
(292, 12, 1, 1, 1, '2019-11-13 02:35:17', 'Apertura de Caja (SOLES)', 'PEN', '1351.00', 'overall_cashs', 12, 0),
(293, 11, 17, 1, 0, '2019-11-13 02:38:44', '', 'PEN', '0.48', 'costs', 27, 0),
(294, 13, 1, 1, 1, '2019-11-13 02:42:31', 'Apertura de Caja (SOLES)', 'PEN', '1351.00', 'overall_cashs', 13, 0),
(295, 11, 16, 1, 0, '2019-11-13 02:44:21', '', 'PEN', '0.48', 'costs', 28, 0),
(296, 14, 1, 1, 1, '2019-11-13 06:32:42', 'Apertura de Caja (SOLES)', 'PEN', '1351.00', 'overall_cashs', 14, 0),
(297, 14, 4, 1, 2, '2019-11-13 09:35:42', 'RECV 266', 'PEN', '9.00', 'receivings', 266, 0),
(298, 14, 4, 1, 2, '2019-11-13 09:36:09', 'RECV 267', 'PEN', '3.00', 'receivings', 267, 0),
(299, 14, 4, 1, 2, '2019-11-13 09:36:53', 'RECV 268', 'PEN', '50.04', 'receivings', 268, 0),
(300, 14, 4, 1, 2, '2019-11-13 09:37:17', 'RECV 269', 'PEN', '56.52', 'receivings', 269, 0),
(301, 14, 4, 1, 2, '2019-11-13 09:37:43', 'RECV 270', 'PEN', '12.00', 'receivings', 270, 0),
(302, 14, 4, 1, 2, '2019-11-13 09:38:24', 'RECV 271', 'PEN', '12.00', 'receivings', 271, 0),
(303, 14, 4, 1, 2, '2019-11-13 09:39:48', 'RECV 272', 'PEN', '45.00', 'receivings', 272, 0);

-- --------------------------------------------------------

--
-- Estructura de tabla para la tabla `ospos_cash_up`
--

DROP TABLE IF EXISTS `ospos_cash_up`;
CREATE TABLE `ospos_cash_up` (
  `cashup_id` int(10) NOT NULL,
  `open_date` timestamp NULL DEFAULT CURRENT_TIMESTAMP,
  `close_date` timestamp NULL DEFAULT NULL,
  `open_amount_cash` decimal(15,2) NOT NULL,
  `transfer_amount_cash` decimal(15,2) NOT NULL DEFAULT '0.00',
  `note` int(1) NOT NULL DEFAULT '0',
  `closed_amount_cash` decimal(15,2) NOT NULL DEFAULT '0.00',
  `closed_amount_card` decimal(15,2) NOT NULL DEFAULT '0.00',
  `closed_amount_check` decimal(15,2) NOT NULL DEFAULT '0.00',
  `closed_amount_total` decimal(15,2) NOT NULL DEFAULT '0.00',
  `description` varchar(255) NOT NULL,
  `open_employee_id` int(10) NOT NULL,
  `close_employee_id` int(10) DEFAULT NULL,
  `deleted` int(1) NOT NULL DEFAULT '0',
  `closed_amount_due` decimal(15,2) NOT NULL DEFAULT '0.00',
  `cash_book_id` int(10) NOT NULL
) ENGINE=InnoDB DEFAULT CHARSET=utf8;

--
-- Volcado de datos para la tabla `ospos_cash_up`
--

INSERT INTO `ospos_cash_up` (`cashup_id`, `open_date`, `close_date`, `open_amount_cash`, `transfer_amount_cash`, `note`, `closed_amount_cash`, `closed_amount_card`, `closed_amount_check`, `closed_amount_total`, `description`, `open_employee_id`, `close_employee_id`, `deleted`, `closed_amount_due`, `cash_book_id`) VALUES
(1, '2019-11-02 22:37:29', '2019-11-03 00:32:05', '0.00', '0.00', 0, '0.00', '0.00', '0.00', '303.20', '', 5, 5, 0, '0.00', 2),
(2, '2019-11-03 15:26:30', '2019-11-04 00:17:42', '0.00', '0.00', 0, '0.00', '0.00', '0.00', '303.20', '', 5, 5, 0, '0.00', 2),
(3, '2019-11-04 14:07:25', '2019-11-05 00:49:50', '0.00', '0.00', 0, '0.00', '0.00', '0.00', '491.80', '', 5, 5, 0, '0.00', 2),
(4, '2019-11-05 14:11:24', '2019-11-06 01:01:50', '0.00', '0.00', 0, '0.00', '0.00', '0.00', '491.80', '', 5, 5, 0, '0.00', 2),
(5, '2019-11-06 14:57:32', '2019-11-07 02:25:44', '0.00', '0.00', 0, '0.00', '0.00', '0.00', '491.80', '', 5, 5, 0, '0.00', 2),
(6, '2019-11-07 14:30:48', '2019-11-08 02:20:22', '0.00', '0.00', 0, '0.00', '0.00', '0.00', '521.20', '', 5, 5, 0, '0.00', 2),
(7, '2019-11-08 15:00:16', '2019-11-09 04:22:38', '0.00', '0.00', 0, '0.00', '0.00', '0.00', '646.50', '', 5, 5, 0, '0.00', 2),
(8, '2019-11-09 16:08:59', '2019-11-10 03:34:25', '0.00', '0.00', 0, '0.00', '0.00', '0.00', '0.00', '', 5, 5, 0, '0.00', 2),
(9, '2019-11-10 15:47:46', '2019-11-11 01:28:13', '0.00', '0.00', 0, '0.00', '0.00', '0.00', '0.00', '', 12, 12, 0, '0.00', 3),
(10, '2019-11-11 14:16:00', '2019-11-11 22:56:08', '0.00', '0.00', 0, '0.00', '0.00', '0.00', '0.00', '', 12, 12, 0, '0.00', 3),
(11, '2019-11-11 23:30:07', NULL, '0.00', '0.00', 0, '0.00', '0.00', '0.00', '0.00', '', 5, NULL, 0, '0.00', 2),
(12, '2019-11-12 06:28:25', '2019-11-13 02:56:52', '0.00', '0.00', 0, '0.00', '0.00', '0.00', '0.00', '', 12, 12, 0, '0.00', 3),
(13, '2019-11-12 14:16:02', '2019-11-13 02:11:18', '0.00', '0.00', 0, '0.00', '0.00', '0.00', '0.00', '', 5, 5, 0, '0.00', 2),
(14, '2019-11-13 02:19:21', NULL, '0.00', '0.00', 0, '0.00', '0.00', '0.00', '0.00', '', 12, NULL, 1, '0.00', 3),
(15, '2019-11-13 02:25:29', NULL, '0.00', '0.00', 0, '0.00', '0.00', '0.00', '0.00', '', 12, NULL, 1, '0.00', 3),
(16, '2019-11-13 02:30:25', NULL, '0.00', '0.00', 0, '0.00', '0.00', '0.00', '0.00', '', 12, NULL, 1, '0.00', 3),
(17, '2019-11-13 02:35:59', NULL, '0.00', '0.00', 0, '0.00', '0.00', '0.00', '0.00', '', 12, NULL, 1, '0.00', 3),
(18, '2019-11-13 02:41:29', NULL, '0.00', '0.00', 0, '0.00', '0.00', '0.00', '0.00', '', 12, NULL, 1, '0.00', 3),
(19, '2019-11-13 06:27:21', '2019-11-13 19:36:19', '0.00', '0.00', 0, '0.00', '0.00', '0.00', '0.00', '', 12, 12, 0, '0.00', 3),
(20, '2019-11-13 14:25:48', NULL, '0.00', '0.00', 0, '0.00', '0.00', '0.00', '0.00', '', 5, NULL, 0, '0.00', 2),
(21, '2019-11-13 19:30:02', '2019-11-13 19:38:51', '0.00', '0.00', 0, '0.00', '0.00', '0.00', '0.00', '', 12, 12, 0, '0.00', 3);

-- --------------------------------------------------------

--
-- Estructura de tabla para la tabla `ospos_costs`
--

DROP TABLE IF EXISTS `ospos_costs`;
CREATE TABLE `ospos_costs` (
  `cost_id` int(10) NOT NULL,
  `documentno` varchar(50) NOT NULL,
  `documentdate` timestamp NOT NULL DEFAULT CURRENT_TIMESTAMP ON UPDATE CURRENT_TIMESTAMP,
  `person_id` int(10) DEFAULT NULL,
  `cash_concept_id` int(10) NOT NULL,
  `cash_subconcept_id` int(10) NOT NULL,
  `detail` varchar(255) NOT NULL,
  `is_cashupmovement` int(11) NOT NULL DEFAULT '0',
  `movementtype` char(1) NOT NULL DEFAULT 'C',
  `bankaccount_id` int(10) DEFAULT NULL,
  `trx_number` varchar(50) DEFAULT NULL,
  `currency` char(3) NOT NULL DEFAULT 'PEN',
  `amount` decimal(10,2) NOT NULL DEFAULT '0.00',
  `deleted` int(1) NOT NULL DEFAULT '0'
) ENGINE=InnoDB DEFAULT CHARSET=utf8;

--
-- Volcado de datos para la tabla `ospos_costs`
--

INSERT INTO `ospos_costs` (`cost_id`, `documentno`, `documentdate`, `person_id`, `cash_concept_id`, `cash_subconcept_id`, `detail`, `is_cashupmovement`, `movementtype`, `bankaccount_id`, `trx_number`, `currency`, `amount`, `deleted`) VALUES
(1, '001', '2019-11-02 23:32:25', 5, 10, 11, 'PARA VUELTOS', 0, 'C', NULL, '', 'PEN', '300.00', 0),
(2, '02', '2019-11-03 01:04:54', 4, 13, 14, '', 0, 'C', NULL, '', 'PEN', '0.01', 0),
(3, '0', '2019-11-05 01:15:25', 4, 15, 16, '', 0, 'C', NULL, '', 'PEN', '0.04', 0),
(4, '1', '2019-11-07 02:30:23', 4, 15, 16, '', 0, 'C', NULL, '', 'PEN', '0.03', 0),
(5, '2', '2019-11-08 01:22:59', 4, 15, 16, '', 0, 'C', NULL, '', 'PEN', '0.08', 1),
(6, 'CECA0', '2019-11-08 02:19:24', 5, 13, 18, '', 1, 'C', NULL, NULL, 'PEN', '0.08', 0),
(7, '3', '2019-11-08 01:24:12', 4, 15, 16, '', 0, 'C', NULL, '', 'PEN', '0.07', 1),
(8, '4', '2019-11-08 02:24:26', 4, 15, 16, '', 0, 'C', NULL, '', 'PEN', '0.05', 0),
(9, 'CECA1', '2019-11-08 15:01:13', 5, 19, 20, 'MOVIMIENTO PARA AJUSTAR CAJA CHICA A CERO AL 08/11/2019', 1, 'C', NULL, NULL, 'PEN', '521.20', 0),
(10, 'CECPOS2', '2019-11-08 15:22:59', 4, 25, 26, '', 1, 'C', NULL, NULL, 'PEN', '188.60', 0),
(11, 'CECPOS3', '2019-11-09 04:21:53', 4, 13, 18, '', 1, 'C', NULL, NULL, 'PEN', '0.01', 0),
(12, 'CECG5', '2019-11-09 04:28:31', 4, 15, 16, '', 0, 'C', NULL, '', 'PEN', '0.03', 0),
(13, 'CECPOS4', '2019-11-10 03:24:25', 4, 31, 32, 'SE ENTREGA 399.00 DE EFECTIVO', 1, 'C', NULL, NULL, 'PEN', '399.00', 0),
(14, 'CECPOS5', '2019-11-10 03:33:29', 5, 19, 20, '', 1, 'C', NULL, NULL, 'PEN', '1299.51', 0),
(15, 'CECG6', '2019-11-10 03:36:05', 4, 15, 16, '', 0, 'C', NULL, '', 'PEN', '0.02', 0),
(16, 'CECPOS6', '2019-11-11 01:27:22', 4, 31, 33, 'CIERRE DE CAJA ', 1, 'C', NULL, NULL, 'PEN', '136.72', 0),
(17, 'CECG7', '2019-11-11 01:34:53', 4, 15, 16, '', 0, 'C', NULL, '', 'PEN', '0.06', 0),
(18, 'CECPOS7', '2019-11-11 22:53:11', 5, 31, 33, 'CAMBIO DE TURNO', 1, 'C', NULL, NULL, 'PEN', '351.52', 0),
(19, 'CECPOS8', '2019-11-12 14:01:50', 4, 31, 33, 'CAMBIO DE TURNO', 1, 'C', NULL, NULL, 'PEN', '41.80', 0),
(20, 'CECPOS9', '2019-11-12 14:02:35', 4, 31, 33, '', 1, 'C', NULL, NULL, 'PEN', '0.08', 0),
(21, 'CECG8', '2019-11-12 13:20:32', 4, 15, 16, '', 0, 'C', NULL, '', 'PEN', '0.08', 1),
(22, 'CECG9', '2019-11-11 06:00:59', 4, 15, 16, '', 0, 'C', NULL, '', 'PEN', '0.08', 0),
(23, 'CECPOS10', '2019-11-13 02:04:58', 5, 13, 18, '', 1, 'C', NULL, NULL, 'PEN', '0.03', 0),
(24, 'CECPOS11', '2019-11-13 02:10:34', 4, 31, 32, 'CAMBIO DE TURNO ', 1, 'C', NULL, NULL, 'PEN', '964.80', 0),
(25, 'CECG10', '2019-11-13 02:33:09', 4, 15, 16, '', 0, 'C', NULL, '', 'PEN', '0.14', 0),
(26, 'CECG11', '2019-11-13 02:34:20', 4, 15, 16, '', 0, 'C', NULL, '', 'PEN', '0.59', 0),
(27, 'CECG12', '2019-11-13 02:38:44', 4, 15, 17, '', 0, 'C', NULL, '', 'PEN', '0.48', 0),
(28, 'CECG13', '2019-11-13 02:44:21', 4, 15, 16, '', 0, 'C', NULL, '', 'PEN', '0.48', 0),
(29, 'CECPOS12', '2019-11-13 14:01:40', 4, 31, 33, '', 1, 'C', NULL, NULL, 'PEN', '197.43', 0);

-- --------------------------------------------------------

--
-- Estructura de tabla para la tabla `ospos_customers`
--

DROP TABLE IF EXISTS `ospos_customers`;
CREATE TABLE `ospos_customers` (
  `person_id` int(10) NOT NULL,
  `ruc` varchar(20) DEFAULT NULL,
  `company_name` varchar(255) DEFAULT NULL,
  `account_number` varchar(255) DEFAULT NULL,
  `taxable` int(1) NOT NULL DEFAULT '1',
  `tax_id` varchar(32) NOT NULL DEFAULT '',
  `sales_tax_code_id` int(11) DEFAULT NULL,
  `discount` decimal(15,2) NOT NULL DEFAULT '0.00',
  `discount_type` tinyint(2) NOT NULL DEFAULT '0',
  `package_id` int(11) DEFAULT NULL,
  `points` int(11) DEFAULT NULL,
  `deleted` int(1) NOT NULL DEFAULT '0',
  `date` timestamp NOT NULL DEFAULT CURRENT_TIMESTAMP,
  `employee_id` int(10) NOT NULL,
  `consent` int(1) NOT NULL DEFAULT '0'
) ENGINE=InnoDB DEFAULT CHARSET=utf8;

--
-- Volcado de datos para la tabla `ospos_customers`
--

INSERT INTO `ospos_customers` (`person_id`, `ruc`, `company_name`, `account_number`, `taxable`, `tax_id`, `sales_tax_code_id`, `discount`, `discount_type`, `package_id`, `points`, `deleted`, `date`, `employee_id`, `consent`) VALUES
(5, '', NULL, NULL, 1, '', NULL, '0.00', 0, NULL, NULL, 0, '2019-11-04 21:47:30', 4, 1),
(1, '', NULL, NULL, 1, '', NULL, '0.00', 0, NULL, NULL, 0, '2019-11-04 21:47:30', 1, 1),
(16, '', NULL, NULL, 1, '', NULL, '0.00', 0, NULL, NULL, 0, '2019-11-10 01:51:25', 1, 1);

-- --------------------------------------------------------

--
-- Estructura de tabla para la tabla `ospos_customers_packages`
--

DROP TABLE IF EXISTS `ospos_customers_packages`;
CREATE TABLE `ospos_customers_packages` (
  `package_id` int(11) NOT NULL,
  `package_name` varchar(255) DEFAULT NULL,
  `points_percent` float NOT NULL DEFAULT '0',
  `deleted` int(1) NOT NULL DEFAULT '0'
) ENGINE=InnoDB DEFAULT CHARSET=utf8;

--
-- Volcado de datos para la tabla `ospos_customers_packages`
--

INSERT INTO `ospos_customers_packages` (`package_id`, `package_name`, `points_percent`, `deleted`) VALUES
(1, 'Default', 0, 0),
(2, 'Bronze', 10, 0),
(3, 'Silver', 20, 0),
(4, 'Gold', 30, 0),
(5, 'Premium', 50, 0);

-- --------------------------------------------------------

--
-- Estructura de tabla para la tabla `ospos_customers_points`
--

DROP TABLE IF EXISTS `ospos_customers_points`;
CREATE TABLE `ospos_customers_points` (
  `id` int(11) NOT NULL,
  `person_id` int(11) NOT NULL,
  `package_id` int(11) NOT NULL,
  `sale_id` int(11) NOT NULL,
  `points_earned` int(11) NOT NULL
) ENGINE=InnoDB DEFAULT CHARSET=utf8;

-- --------------------------------------------------------

--
-- Estructura de tabla para la tabla `ospos_dinner_tables`
--

DROP TABLE IF EXISTS `ospos_dinner_tables`;
CREATE TABLE `ospos_dinner_tables` (
  `dinner_table_id` int(11) NOT NULL,
  `name` varchar(30) NOT NULL,
  `status` tinyint(1) NOT NULL DEFAULT '0',
  `deleted` int(1) NOT NULL DEFAULT '0'
) ENGINE=InnoDB DEFAULT CHARSET=utf8;

--
-- Volcado de datos para la tabla `ospos_dinner_tables`
--

INSERT INTO `ospos_dinner_tables` (`dinner_table_id`, `name`, `status`, `deleted`) VALUES
(1, 'Mini Market', 0, 0),
(2, 'Delivery', 0, 0),
(3, '1', 0, 0),
(4, '2', 0, 0),
(5, '3', 0, 0),
(6, '4', 0, 0),
(7, '5', 0, 0),
(8, '6', 0, 0),
(9, '7', 0, 0),
(10, '8', 0, 0),
(11, '9', 0, 0),
(12, '10', 0, 0),
(13, '11', 0, 0),
(14, '12', 0, 0),
(15, '13', 0, 0),
(16, '14', 0, 0),
(17, '15', 0, 0),
(18, '16', 0, 0),
(19, '17', 0, 0),
(20, '18', 0, 0),
(21, '19', 0, 0),
(22, '20', 0, 0);

-- --------------------------------------------------------

--
-- Estructura de tabla para la tabla `ospos_doctype_sequences`
--

DROP TABLE IF EXISTS `ospos_doctype_sequences`;
CREATE TABLE `ospos_doctype_sequences` (
  `sequence_id` int(10) NOT NULL,
  `name` varchar(255) NOT NULL,
  `prefix` varchar(50) NOT NULL,
  `suffix` varchar(50) NOT NULL,
  `next_sequence` varchar(50) NOT NULL,
  `number_incremental` varchar(50) NOT NULL,
  `doctype` varchar(50) NOT NULL,
  `is_cashup` int(1) NOT NULL DEFAULT '0',
  `deleted` int(1) NOT NULL DEFAULT '0'
) ENGINE=InnoDB DEFAULT CHARSET=utf8;

--
-- Volcado de datos para la tabla `ospos_doctype_sequences`
--

INSERT INTO `ospos_doctype_sequences` (`sequence_id`, `name`, `prefix`, `suffix`, `next_sequence`, `number_incremental`, `doctype`, `is_cashup`, `deleted`) VALUES
(1, '', '', '', '0', '', '', 0, 0),
(2, 'Comprobante de Egreso - Caja General', 'CECG', '', '14', '1', 'costs', 0, 0),
(3, 'Comprobante de Egreso - Caja Chica', 'CECPOS', '', '13', '1', 'costs', 1, 0),
(4, 'Comprobante de Ingreso - Caja Chica', 'CICPOS', '', '4', '1', 'incomes', 1, 0),
(5, 'Comprobante de Gastos - Caja Chica', 'CGCPOS', '', '5', '1', 'expenses', 1, 0),
(6, 'Comprobante de Ingreso - Caja General', 'CICG', '', '0', '1', 'incomes', 0, 0);

-- --------------------------------------------------------

--
-- Estructura de tabla para la tabla `ospos_employees`
--

DROP TABLE IF EXISTS `ospos_employees`;
CREATE TABLE `ospos_employees` (
  `username` varchar(255) NOT NULL,
  `password` varchar(255) NOT NULL,
  `person_id` int(10) NOT NULL,
  `deleted` int(1) NOT NULL DEFAULT '0',
  `hash_version` int(1) NOT NULL DEFAULT '2',
  `stock_location_id` int(10) DEFAULT NULL,
  `language` varchar(48) DEFAULT NULL,
  `language_code` varchar(8) DEFAULT NULL
) ENGINE=InnoDB DEFAULT CHARSET=utf8;

--
-- Volcado de datos para la tabla `ospos_employees`
--

INSERT INTO `ospos_employees` (`username`, `password`, `person_id`, `deleted`, `hash_version`, `stock_location_id`, `language`, `language_code`) VALUES
('admin', '$2y$10$0SdQPBTa2uK3ewjqFqdlKudx5zBVR0zWhZe59EHh16iscv8dfYQAC', 1, 0, 2, 1, '', ''),
('aserrano', '$2y$10$VBDUAW/Vsg7bmhTrnwiU8OxVQBH0FhohMip2xt1ZrVfB43I9SEsuC', 4, 0, 2, 1, '', ''),
('cllontop', '$2y$10$PkPrqqCWfeoEzinssg6DMOS/n1aUEVAfVw/DQzNKOmFvfxy5xuEqK', 12, 0, 2, 1, 'spanish', 'es'),
('jbereche', '$2y$10$NKkOKjNvcNzQGChpmCN32OdGcKgrSXbZe51HGKCdIV5dG4.mLojQS', 5, 0, 2, 1, '', ''),
('JRODRIGUEZ', '$2y$10$/y.fVr0g0uujEfJ2qEsBOOIe6ourAhiwYGY2LrppIwNAZtzUhBSWC', 16, 0, 2, 1, 'spanish', 'es'),
('jserrano', '$2y$10$xN5xFLPC5XhPSoTCwRGqCOjUPKB9V7FmWjQ5HrUvl8KO6kCLaA.jW', 6, 0, 2, 1, '', '');

-- --------------------------------------------------------

--
-- Estructura de tabla para la tabla `ospos_expenses`
--

DROP TABLE IF EXISTS `ospos_expenses`;
CREATE TABLE `ospos_expenses` (
  `expense_id` int(10) NOT NULL,
  `documentno` varchar(50) NOT NULL,
  `documentdate` timestamp NOT NULL DEFAULT CURRENT_TIMESTAMP ON UPDATE CURRENT_TIMESTAMP,
  `person_id` int(10) DEFAULT NULL,
  `person_name` varchar(255) DEFAULT NULL,
  `cash_concept_id` int(10) NOT NULL,
  `cash_subconcept_id` int(10) DEFAULT NULL,
  `detail` varchar(255) NOT NULL,
  `doctype` varchar(255) DEFAULT NULL,
  `docnumber` varchar(255) DEFAULT NULL,
  `is_cashupmovement` int(11) NOT NULL DEFAULT '0',
  `movementtype` char(1) NOT NULL DEFAULT 'C',
  `bankaccount_id` int(10) DEFAULT NULL,
  `trx_number` varchar(50) DEFAULT NULL,
  `currency` char(3) NOT NULL DEFAULT 'PEN',
  `amount` decimal(10,2) NOT NULL DEFAULT '0.00',
  `deleted` int(1) NOT NULL DEFAULT '0'
) ENGINE=InnoDB DEFAULT CHARSET=utf8;

--
-- Volcado de datos para la tabla `ospos_expenses`
--

INSERT INTO `ospos_expenses` (`expense_id`, `documentno`, `documentdate`, `person_id`, `person_name`, `cash_concept_id`, `cash_subconcept_id`, `detail`, `doctype`, `docnumber`, `is_cashupmovement`, `movementtype`, `bankaccount_id`, `trx_number`, `currency`, `amount`, `deleted`) VALUES
(1, 'CGCPOS0', '2019-11-10 01:35:20', NULL, 'Jorge Luis Rodriguez Lora', 28, NULL, '', '', '', 1, 'C', NULL, NULL, 'PEN', '10.00', 1),
(2, 'CGCPOS1', '2019-11-10 02:32:55', NULL, 'Angelica Serrano Ramires', 30, NULL, 'PAGO DE AZAFATA PARA APERTURA DEL LOCAL 09/11/2019.', '', '', 1, 'C', NULL, NULL, 'PEN', '50.00', 0),
(3, 'CGCPOS2', '2019-11-10 23:35:48', NULL, 'JOEL ORDINOLA ESPINOZA', 28, NULL, 'ADELANTO DE SUELDO 50.00 SOLES POR CONCEPTO DE LABORES EN EL MES DE NOVIEMBRE', '', '', 1, 'C', NULL, NULL, 'PEN', '50.00', 0),
(4, 'CGCPOS3', '2019-11-11 00:55:38', NULL, 'stefany panaico purizaca', 28, NULL, 'adelanto de sueldo por labores en el area de cocina el mes de noviembre', '', '', 1, 'C', NULL, NULL, 'PEN', '50.00', 0),
(5, 'CGCPOS4', '2019-11-11 01:13:01', NULL, 'jose antonio farro toro', 28, NULL, '', '', '', 1, 'C', NULL, NULL, 'PEN', '100.00', 0);

-- --------------------------------------------------------

--
-- Estructura de tabla para la tabla `ospos_expense_categories`
--

DROP TABLE IF EXISTS `ospos_expense_categories`;
CREATE TABLE `ospos_expense_categories` (
  `expense_category_id` int(10) NOT NULL,
  `category_name` varchar(255) DEFAULT NULL,
  `category_description` varchar(255) NOT NULL,
  `deleted` int(1) NOT NULL DEFAULT '0'
) ENGINE=InnoDB DEFAULT CHARSET=utf8;

-- --------------------------------------------------------

--
-- Estructura de tabla para la tabla `ospos_giftcards`
--

DROP TABLE IF EXISTS `ospos_giftcards`;
CREATE TABLE `ospos_giftcards` (
  `record_time` timestamp NOT NULL DEFAULT CURRENT_TIMESTAMP,
  `giftcard_id` int(11) NOT NULL,
  `giftcard_number` varchar(255) DEFAULT NULL,
  `value` decimal(15,2) NOT NULL,
  `deleted` int(1) NOT NULL DEFAULT '0',
  `person_id` int(10) DEFAULT NULL
) ENGINE=InnoDB DEFAULT CHARSET=utf8;

-- --------------------------------------------------------

--
-- Estructura de tabla para la tabla `ospos_grants`
--

DROP TABLE IF EXISTS `ospos_grants`;
CREATE TABLE `ospos_grants` (
  `permission_id` varchar(255) NOT NULL,
  `person_id` int(10) NOT NULL,
  `menu_group` varchar(32) DEFAULT 'home'
) ENGINE=InnoDB DEFAULT CHARSET=utf8;

--
-- Volcado de datos para la tabla `ospos_grants`
--

INSERT INTO `ospos_grants` (`permission_id`, `person_id`, `menu_group`) VALUES
('attributes', 1, 'office'),
('attributes', 4, 'office'),
('cash', 1, 'home'),
('cash', 4, 'home'),
('cash', 5, 'home'),
('cash', 6, 'home'),
('cash', 12, 'home'),
('cashups', 5, 'cash'),
('cashups', 6, 'cash'),
('cashups', 12, 'cash'),
('cash_books', 1, 'cash'),
('cash_books', 4, 'cash'),
('cash_concepts', 1, 'cash'),
('cash_concepts', 4, 'cash'),
('config', 1, 'office'),
('customers', 1, 'home'),
('customers', 4, 'home'),
('customers', 5, 'home'),
('customers', 6, 'home'),
('customers', 12, 'home'),
('doctypesequences', 1, 'office'),
('doctypesequences', 4, 'office'),
('employees', 1, 'office'),
('employees', 4, 'office'),
('employees', 6, 'office'),
('giftcards', 1, 'home'),
('giftcards', 4, 'home'),
('home', 1, 'both'),
('home', 4, 'both'),
('home', 5, 'both'),
('home', 6, 'both'),
('home', 12, 'both'),
('home', 16, 'home'),
('items', 1, 'home'),
('items', 4, 'home'),
('items', 6, 'home'),
('items_Almacen_1', 1, '--'),
('items_Almacen_1', 4, '--'),
('items_Almacen_1', 6, '--'),
('item_kits', 1, 'home'),
('item_kits', 4, 'home'),
('item_kits', 6, 'home'),
('messages', 1, 'home'),
('messages', 4, 'office'),
('office', 1, 'home'),
('office', 4, 'home'),
('overall_cashs', 1, 'cash'),
('overall_cashs', 4, 'cash'),
('overall_cashs', 6, 'cash'),
('receivings', 1, 'home'),
('receivings', 4, 'home'),
('receivings_Almacen_1', 1, '--'),
('receivings_Almacen_1', 4, '--'),
('reports', 1, 'home'),
('reports', 4, 'home'),
('reports', 5, 'home'),
('reports', 6, 'home'),
('reports', 12, 'home'),
('reports_categories', 1, '--'),
('reports_categories', 4, '--'),
('reports_categories', 6, '--'),
('reports_categories', 12, '--'),
('reports_customers', 1, '--'),
('reports_customers', 4, '--'),
('reports_customers', 6, '--'),
('reports_customers', 12, '--'),
('reports_discounts', 1, '--'),
('reports_discounts', 4, '--'),
('reports_discounts', 6, '--'),
('reports_employees', 1, '--'),
('reports_employees', 4, '--'),
('reports_employees', 6, '--'),
('reports_expenses_categories', 1, '--'),
('reports_expenses_categories', 4, '--'),
('reports_expenses_categories', 5, '--'),
('reports_expenses_categories', 6, '--'),
('reports_inventory', 1, '--'),
('reports_inventory', 4, '--'),
('reports_inventory', 6, '--'),
('reports_items', 1, '--'),
('reports_items', 4, '--'),
('reports_items', 6, '--'),
('reports_payments', 1, '--'),
('reports_payments', 4, '--'),
('reports_payments', 6, '--'),
('reports_receivings', 1, '--'),
('reports_receivings', 4, '--'),
('reports_receivings', 6, '--'),
('reports_sales', 1, '--'),
('reports_sales', 4, '--'),
('reports_sales', 5, '--'),
('reports_sales', 6, '--'),
('reports_sales', 12, '--'),
('reports_sales_taxes', 1, '--'),
('reports_sales_taxes', 4, '--'),
('reports_sales_taxes', 6, '--'),
('reports_suppliers', 1, '--'),
('reports_suppliers', 4, '--'),
('reports_suppliers', 6, '--'),
('reports_taxes', 1, '--'),
('reports_taxes', 4, '--'),
('reports_taxes', 6, '--'),
('sales', 1, 'home'),
('sales', 4, 'home'),
('sales', 5, 'home'),
('sales', 12, 'home'),
('sales_Almacen_1', 1, '--'),
('sales_Almacen_1', 4, '--'),
('sales_Almacen_1', 5, '--'),
('sales_Almacen_1', 12, '--'),
('sales_delete', 1, '--'),
('sales_delete', 4, '--'),
('sales_delete', 5, '--'),
('sales_delete', 12, '--'),
('suppliers', 1, 'home'),
('suppliers', 4, 'home'),
('suppliers', 6, 'home'),
('taxes', 1, 'office'),
('taxes', 4, 'office');

-- --------------------------------------------------------

--
-- Estructura de tabla para la tabla `ospos_incomes`
--

DROP TABLE IF EXISTS `ospos_incomes`;
CREATE TABLE `ospos_incomes` (
  `income_id` int(10) NOT NULL,
  `documentno` varchar(50) NOT NULL,
  `documentdate` timestamp NOT NULL DEFAULT CURRENT_TIMESTAMP ON UPDATE CURRENT_TIMESTAMP,
  `person_id` int(10) NOT NULL,
  `person_name` varchar(255) DEFAULT NULL,
  `bankaccount_id` int(10) DEFAULT NULL,
  `cash_concept_id` int(10) NOT NULL,
  `cash_subconcept_id` int(10) NOT NULL,
  `detail` varchar(255) NOT NULL,
  `is_cashupmovement` int(11) NOT NULL DEFAULT '0',
  `movementtype` char(1) NOT NULL DEFAULT 'C',
  `trx_number` varchar(50) DEFAULT NULL,
  `currency` char(3) NOT NULL DEFAULT 'PEN',
  `amount` decimal(10,2) NOT NULL DEFAULT '0.00',
  `deleted` int(1) NOT NULL DEFAULT '0'
) ENGINE=InnoDB DEFAULT CHARSET=utf8;

--
-- Volcado de datos para la tabla `ospos_incomes`
--

INSERT INTO `ospos_incomes` (`income_id`, `documentno`, `documentdate`, `person_id`, `person_name`, `bankaccount_id`, `cash_concept_id`, `cash_subconcept_id`, `detail`, `is_cashupmovement`, `movementtype`, `trx_number`, `currency`, `amount`, `deleted`) VALUES
(1, '', '2019-11-02 23:37:51', 4, 'Angelica Noemi Serrano Ramirez (40183466)', NULL, 9, 12, '', 1, 'C', NULL, 'PEN', '300.00', 0),
(2, '0', '2019-11-05 00:45:48', 4, 'Angelica Noemi Serrano Ramirez (40183466)', NULL, 9, 12, '', 1, 'C', NULL, 'PEN', '188.60', 0),
(3, 'CICPOS0', '2019-11-08 15:17:35', 5, 'Jonathan Ismael Bereche Namuche (75185175)', NULL, 9, 24, '', 1, 'C', NULL, 'PEN', '188.60', 0),
(4, 'CICPOS1', '2019-11-08 15:19:16', 5, 'Jonathan Ismael Bereche Namuche (75185175)', NULL, 9, 24, '', 1, 'C', NULL, 'PEN', '250.00', 0),
(5, 'CICPOS2', '2019-11-10 01:44:34', 5, 'Jonathan Ismael Bereche Namuche (75185175)', NULL, 9, 27, '', 1, 'C', NULL, 'PEN', '0.93', 0),
(6, 'CICPOS3', '2019-11-11 23:30:20', 12, 'Rosa Carol Llontop Montaño (70877830)', NULL, 9, 24, '', 1, 'C', NULL, 'PEN', '200.00', 0);

-- --------------------------------------------------------

--
-- Estructura de tabla para la tabla `ospos_inventory`
--

DROP TABLE IF EXISTS `ospos_inventory`;
CREATE TABLE `ospos_inventory` (
  `trans_id` int(11) NOT NULL,
  `trans_items` int(11) NOT NULL DEFAULT '0',
  `trans_user` int(11) NOT NULL DEFAULT '0',
  `trans_date` timestamp NOT NULL DEFAULT CURRENT_TIMESTAMP,
  `trans_comment` text NOT NULL,
  `trans_location` int(11) NOT NULL,
  `trans_inventory` decimal(15,3) NOT NULL DEFAULT '0.000'
) ENGINE=InnoDB DEFAULT CHARSET=utf8;

--
-- Volcado de datos para la tabla `ospos_inventory`
--

INSERT INTO `ospos_inventory` (`trans_id`, `trans_items`, `trans_user`, `trans_date`, `trans_comment`, `trans_location`, `trans_inventory`) VALUES
(1, 1, 4, '2019-11-01 17:06:32', 'Edición Manual de Cantidad', 1, '0.000'),
(2, 2, 4, '2019-11-01 17:27:17', 'Edición Manual de Cantidad', 1, '0.000'),
(3, 1, 4, '2019-11-01 18:47:46', 'RECV 1', 1, '6.000'),
(4, 3, 4, '2019-11-01 18:53:52', 'Edición Manual de Cantidad', 1, '0.000'),
(5, 4, 4, '2019-11-01 19:01:06', 'Edición Manual de Cantidad', 1, '0.000'),
(6, 5, 4, '2019-11-01 19:06:38', 'Edición Manual de Cantidad', 1, '0.000'),
(7, 6, 4, '2019-11-01 19:11:47', 'Edición Manual de Cantidad', 1, '0.000'),
(8, 7, 4, '2019-11-01 19:14:44', 'Edición Manual de Cantidad', 1, '0.000'),
(9, 8, 4, '2019-11-01 19:30:20', 'Edición Manual de Cantidad', 1, '0.000'),
(10, 9, 4, '2019-11-01 19:36:21', 'Edición Manual de Cantidad', 1, '0.000'),
(11, 10, 4, '2019-11-01 19:41:37', 'Edición Manual de Cantidad', 1, '0.000'),
(12, 11, 4, '2019-11-01 19:44:39', 'Edición Manual de Cantidad', 1, '0.000'),
(13, 12, 4, '2019-11-01 19:47:24', 'Edición Manual de Cantidad', 1, '0.000'),
(14, 13, 4, '2019-11-01 19:55:36', 'Edición Manual de Cantidad', 1, '0.000'),
(15, 14, 4, '2019-11-01 19:59:40', 'Edición Manual de Cantidad', 1, '0.000'),
(16, 15, 4, '2019-11-01 20:17:42', 'Edición Manual de Cantidad', 1, '0.000'),
(17, 16, 4, '2019-11-01 20:25:17', 'Edición Manual de Cantidad', 1, '0.000'),
(18, 17, 4, '2019-11-01 20:30:39', 'Edición Manual de Cantidad', 1, '0.000'),
(19, 18, 4, '2019-11-01 20:36:08', 'Edición Manual de Cantidad', 1, '0.000'),
(20, 19, 4, '2019-11-01 21:10:33', 'Edición Manual de Cantidad', 1, '0.000'),
(21, 20, 4, '2019-11-01 21:16:40', 'Edición Manual de Cantidad', 1, '0.000'),
(22, 21, 4, '2019-11-01 21:19:29', 'Edición Manual de Cantidad', 1, '0.000'),
(23, 22, 4, '2019-11-01 21:29:43', 'Edición Manual de Cantidad', 1, '0.000'),
(24, 23, 4, '2019-11-01 21:38:08', 'Edición Manual de Cantidad', 1, '0.000'),
(25, 24, 4, '2019-11-01 21:42:13', 'Edición Manual de Cantidad', 1, '0.000'),
(26, 25, 4, '2019-11-01 21:46:29', 'Edición Manual de Cantidad', 1, '0.000'),
(27, 26, 4, '2019-11-01 21:50:20', 'Edición Manual de Cantidad', 1, '0.000'),
(28, 27, 4, '2019-11-01 21:52:59', 'Edición Manual de Cantidad', 1, '0.000'),
(29, 28, 4, '2019-11-01 21:56:16', 'Edición Manual de Cantidad', 1, '0.000'),
(30, 29, 4, '2019-11-01 22:03:12', 'Edición Manual de Cantidad', 1, '0.000'),
(31, 30, 4, '2019-11-01 22:12:37', 'Edición Manual de Cantidad', 1, '0.000'),
(32, 31, 4, '2019-11-01 22:18:02', 'Edición Manual de Cantidad', 1, '0.000'),
(33, 32, 4, '2019-11-01 22:22:55', 'Edición Manual de Cantidad', 1, '0.000'),
(34, 33, 4, '2019-11-01 22:25:02', 'Edición Manual de Cantidad', 1, '0.000'),
(35, 34, 4, '2019-11-01 22:36:12', 'Edición Manual de Cantidad', 1, '0.000'),
(36, 35, 4, '2019-11-01 22:41:44', 'Edición Manual de Cantidad', 1, '0.000'),
(37, 36, 4, '2019-11-01 22:53:36', 'Edición Manual de Cantidad', 1, '0.000'),
(38, 4, 4, '2019-11-02 20:58:12', 'RECV 2', 1, '6.000'),
(39, 2, 4, '2019-11-02 20:59:21', 'RECV 3', 1, '6.000'),
(40, 3, 4, '2019-11-02 21:06:10', 'RECV 4', 1, '12.000'),
(41, 4, 4, '2019-11-02 21:07:53', 'RECV 5', 1, '6.000'),
(42, 5, 4, '2019-11-02 21:11:33', 'RECV 6', 1, '12.000'),
(43, 3, 4, '2019-11-02 21:13:36', 'RECV 7', 1, '12.000'),
(44, 3, 4, '2019-11-02 21:15:24', 'RECV 8', 1, '12.000'),
(45, 3, 4, '2019-11-02 21:17:06', 'RECV 9', 1, '24.000'),
(46, 6, 4, '2019-11-02 21:22:26', 'RECV 10', 1, '6.000'),
(47, 7, 4, '2019-11-02 21:26:38', 'RECV 11', 1, '6.000'),
(48, 8, 4, '2019-11-02 21:44:55', 'RECV 12', 1, '16.000'),
(49, 9, 4, '2019-11-02 21:53:34', 'RECV 13', 1, '12.000'),
(50, 10, 4, '2019-11-02 22:02:41', 'RECV 14', 1, '6.000'),
(51, 11, 4, '2019-11-02 22:09:34', 'RECV 15', 1, '6.000'),
(52, 12, 4, '2019-11-02 22:12:24', 'RECV 16', 1, '6.000'),
(53, 10, 5, '2019-11-02 22:30:26', 'POS 3', 1, '-1.000'),
(54, 10, 5, '2019-11-02 22:43:09', 'POS 4', 1, '-1.000'),
(55, 12, 4, '2019-11-02 23:06:58', 'RECV 17', 1, '6.000'),
(56, 10, 4, '2019-11-02 23:10:32', 'POS 5', 1, '-1.000'),
(57, 12, 4, '2019-11-02 23:12:30', 'RECV 18', 1, '-1.000'),
(58, 12, 4, '2019-11-02 23:19:37', 'RECV 19', 1, '-5.000'),
(59, 3, 4, '2019-11-02 23:21:15', 'RECV 20', 1, '-48.000'),
(60, 37, 4, '2019-11-03 15:54:04', 'Edición Manual de Cantidad', 1, '0.000'),
(61, 38, 4, '2019-11-03 16:03:24', 'Edición Manual de Cantidad', 1, '0.000'),
(62, 39, 4, '2019-11-03 16:10:50', 'Edición Manual de Cantidad', 1, '0.000'),
(63, 40, 4, '2019-11-03 16:15:28', 'Edición Manual de Cantidad', 1, '0.000'),
(64, 41, 4, '2019-11-03 16:20:42', 'Edición Manual de Cantidad', 1, '0.000'),
(65, 42, 4, '2019-11-03 16:24:03', 'Edición Manual de Cantidad', 1, '0.000'),
(66, 43, 4, '2019-11-03 16:26:03', 'Edición Manual de Cantidad', 1, '0.000'),
(67, 44, 4, '2019-11-03 16:27:26', 'Edición Manual de Cantidad', 1, '0.000'),
(68, 45, 4, '2019-11-03 16:30:34', 'Edición Manual de Cantidad', 1, '0.000'),
(69, 46, 4, '2019-11-03 16:32:37', 'Edición Manual de Cantidad', 1, '0.000'),
(70, 47, 4, '2019-11-03 16:36:51', 'Edición Manual de Cantidad', 1, '0.000'),
(71, 48, 4, '2019-11-03 16:42:01', 'Edición Manual de Cantidad', 1, '0.000'),
(72, 49, 4, '2019-11-03 16:46:38', 'Edición Manual de Cantidad', 1, '0.000'),
(73, 50, 4, '2019-11-03 16:50:06', 'Edición Manual de Cantidad', 1, '0.000'),
(74, 51, 4, '2019-11-03 16:53:59', 'Edición Manual de Cantidad', 1, '0.000'),
(75, 52, 4, '2019-11-03 16:56:11', 'Edición Manual de Cantidad', 1, '0.000'),
(76, 53, 4, '2019-11-03 16:59:24', 'Edición Manual de Cantidad', 1, '0.000'),
(77, 54, 4, '2019-11-03 17:01:50', 'Edición Manual de Cantidad', 1, '0.000'),
(78, 55, 4, '2019-11-03 17:05:04', 'Edición Manual de Cantidad', 1, '0.000'),
(79, 56, 4, '2019-11-03 17:10:29', 'Edición Manual de Cantidad', 1, '0.000'),
(80, 57, 4, '2019-11-03 17:13:15', 'Edición Manual de Cantidad', 1, '0.000'),
(81, 58, 4, '2019-11-03 17:19:13', 'Edición Manual de Cantidad', 1, '0.000'),
(82, 59, 4, '2019-11-03 17:21:30', 'Edición Manual de Cantidad', 1, '0.000'),
(83, 60, 4, '2019-11-03 17:25:29', 'Edición Manual de Cantidad', 1, '0.000'),
(84, 61, 4, '2019-11-03 17:27:19', 'Edición Manual de Cantidad', 1, '0.000'),
(85, 62, 4, '2019-11-03 17:29:04', 'Edición Manual de Cantidad', 1, '0.000'),
(86, 63, 4, '2019-11-03 17:34:42', 'Edición Manual de Cantidad', 1, '0.000'),
(87, 64, 4, '2019-11-03 17:36:41', 'Edición Manual de Cantidad', 1, '0.000'),
(88, 65, 4, '2019-11-03 17:38:39', 'Edición Manual de Cantidad', 1, '0.000'),
(89, 66, 4, '2019-11-03 17:41:11', 'Edición Manual de Cantidad', 1, '0.000'),
(90, 67, 4, '2019-11-03 17:43:16', 'Edición Manual de Cantidad', 1, '0.000'),
(91, 68, 4, '2019-11-03 17:45:48', 'Edición Manual de Cantidad', 1, '0.000'),
(92, 69, 4, '2019-11-03 17:51:28', 'Edición Manual de Cantidad', 1, '0.000'),
(93, 70, 4, '2019-11-03 17:56:38', 'Edición Manual de Cantidad', 1, '0.000'),
(94, 71, 4, '2019-11-03 18:01:00', 'Edición Manual de Cantidad', 1, '0.000'),
(95, 72, 4, '2019-11-03 18:02:52', 'Edición Manual de Cantidad', 1, '0.000'),
(96, 73, 4, '2019-11-03 18:09:00', 'Edición Manual de Cantidad', 1, '0.000'),
(97, 74, 4, '2019-11-03 18:14:52', 'Edición Manual de Cantidad', 1, '0.000'),
(98, 75, 4, '2019-11-03 18:16:55', 'Edición Manual de Cantidad', 1, '0.000'),
(99, 76, 4, '2019-11-03 18:19:11', 'Edición Manual de Cantidad', 1, '0.000'),
(100, 77, 4, '2019-11-03 18:25:22', 'Edición Manual de Cantidad', 1, '0.000'),
(101, 78, 4, '2019-11-03 18:27:24', 'Edición Manual de Cantidad', 1, '0.000'),
(102, 79, 4, '2019-11-03 18:28:49', 'Edición Manual de Cantidad', 1, '0.000'),
(103, 80, 4, '2019-11-03 18:34:34', 'Edición Manual de Cantidad', 1, '0.000'),
(104, 81, 4, '2019-11-03 18:36:24', 'Edición Manual de Cantidad', 1, '0.000'),
(105, 82, 4, '2019-11-03 18:41:17', 'Edición Manual de Cantidad', 1, '0.000'),
(106, 83, 4, '2019-11-03 18:43:56', 'Edición Manual de Cantidad', 1, '0.000'),
(107, 84, 4, '2019-11-03 18:50:43', 'Edición Manual de Cantidad', 1, '0.000'),
(108, 85, 4, '2019-11-03 18:55:06', 'Edición Manual de Cantidad', 1, '0.000'),
(109, 86, 4, '2019-11-03 19:47:39', 'Edición Manual de Cantidad', 1, '0.000'),
(110, 87, 4, '2019-11-03 20:17:00', 'Edición Manual de Cantidad', 1, '0.000'),
(111, 88, 4, '2019-11-03 20:20:11', 'Edición Manual de Cantidad', 1, '0.000'),
(112, 13, 4, '2019-11-04 14:56:15', 'RECV 21', 1, '6.000'),
(113, 47, 4, '2019-11-04 15:24:56', 'RECV 22', 1, '12.000'),
(114, 48, 4, '2019-11-04 15:37:34', 'RECV 23', 1, '12.000'),
(115, 49, 4, '2019-11-04 15:44:17', 'RECV 24', 1, '20.000'),
(116, 50, 4, '2019-11-04 15:49:10', 'RECV 25', 1, '12.000'),
(117, 51, 4, '2019-11-04 15:54:28', 'RECV 26', 1, '12.000'),
(118, 52, 4, '2019-11-04 15:56:46', 'RECV 27', 1, '12.000'),
(119, 53, 4, '2019-11-04 16:02:01', 'RECV 28', 1, '15.000'),
(120, 89, 4, '2019-11-04 16:28:32', 'Edición Manual de Cantidad', 1, '0.000'),
(121, 89, 4, '2019-11-04 17:00:37', 'RECV 29', 1, '18.000'),
(122, 57, 4, '2019-11-04 17:12:06', 'RECV 30', 1, '12.000'),
(123, 60, 4, '2019-11-04 17:24:38', 'RECV 31', 1, '12.000'),
(124, 60, 4, '2019-11-04 17:28:57', 'RECV 32', 1, '-6.000'),
(125, 60, 4, '2019-11-04 17:30:07', 'RECV 33', 1, '6.000'),
(126, 56, 4, '2019-11-04 17:43:42', 'RECV 34', 1, '12.000'),
(127, 90, 4, '2019-11-04 17:58:31', 'Edición Manual de Cantidad', 1, '0.000'),
(128, 90, 4, '2019-11-04 17:59:24', 'RECV 35', 1, '12.000'),
(129, 14, 4, '2019-11-04 18:17:09', 'RECV 36', 1, '6.000'),
(130, 15, 4, '2019-11-04 18:19:15', 'RECV 37', 1, '6.000'),
(131, 20, 4, '2019-11-04 18:23:21', 'RECV 38', 1, '6.000'),
(132, 16, 4, '2019-11-04 19:06:54', 'RECV 39', 1, '6.000'),
(133, 18, 4, '2019-11-04 19:08:46', 'RECV 40', 1, '6.000'),
(134, 91, 4, '2019-11-04 20:31:31', 'Edición Manual de Cantidad', 1, '0.000'),
(135, 91, 4, '2019-11-04 21:18:44', 'RECV 41', 1, '12.000'),
(136, 92, 4, '2019-11-04 21:27:47', 'Edición Manual de Cantidad', 1, '0.000'),
(137, 93, 4, '2019-11-04 22:07:23', 'Edición Manual de Cantidad', 1, '0.000'),
(138, 93, 4, '2019-11-04 22:11:21', 'RECV 42', 1, '18.000'),
(139, 92, 4, '2019-11-04 22:12:14', 'RECV 43', 1, '18.000'),
(140, 94, 4, '2019-11-04 22:18:35', 'Edición Manual de Cantidad', 1, '0.000'),
(141, 94, 4, '2019-11-04 22:19:26', 'RECV 44', 1, '18.000'),
(142, 95, 4, '2019-11-04 22:22:15', 'Edición Manual de Cantidad', 1, '0.000'),
(143, 95, 4, '2019-11-04 22:24:00', 'RECV 45', 1, '18.000'),
(144, 96, 4, '2019-11-04 22:53:18', 'Edición Manual de Cantidad', 1, '0.000'),
(145, 96, 4, '2019-11-04 22:57:17', 'RECV 46', 1, '12.000'),
(146, 97, 4, '2019-11-04 23:02:35', 'Edición Manual de Cantidad', 1, '0.000'),
(147, 97, 4, '2019-11-04 23:04:55', 'RECV 47', 1, '12.000'),
(148, 98, 4, '2019-11-04 23:08:38', 'Edición Manual de Cantidad', 1, '0.000'),
(149, 98, 4, '2019-11-04 23:09:43', 'RECV 48', 1, '12.000'),
(150, 99, 4, '2019-11-04 23:15:22', 'Edición Manual de Cantidad', 1, '0.000'),
(151, 99, 4, '2019-11-04 23:17:36', 'RECV 49', 1, '24.000'),
(152, 100, 4, '2019-11-04 23:25:57', 'Edición Manual de Cantidad', 1, '0.000'),
(153, 100, 4, '2019-11-04 23:35:24', 'RECV 50', 1, '18.000'),
(154, 101, 4, '2019-11-04 23:40:49', 'Edición Manual de Cantidad', 1, '0.000'),
(155, 101, 4, '2019-11-04 23:43:22', 'RECV 51', 1, '30.000'),
(156, 100, 4, '2019-11-04 23:46:37', 'RECV 52', 1, '12.000'),
(157, 102, 4, '2019-11-05 14:22:29', 'Edición Manual de Cantidad', 1, '0.000'),
(158, 102, 4, '2019-11-05 14:26:42', 'RECV 53', 1, '36.000'),
(159, 103, 4, '2019-11-05 14:30:29', 'Edición Manual de Cantidad', 1, '0.000'),
(160, 103, 4, '2019-11-05 14:31:52', 'RECV 54', 1, '36.000'),
(161, 104, 4, '2019-11-05 14:47:29', 'Edición Manual de Cantidad', 1, '0.000'),
(162, 104, 4, '2019-11-05 14:48:53', 'RECV 55', 1, '18.000'),
(163, 105, 4, '2019-11-05 14:50:37', 'Edición Manual de Cantidad', 1, '0.000'),
(164, 105, 4, '2019-11-05 14:51:52', 'RECV 56', 1, '18.000'),
(165, 106, 4, '2019-11-05 15:24:29', 'Edición Manual de Cantidad', 1, '0.000'),
(166, 106, 4, '2019-11-05 15:26:03', 'RECV 57', 1, '18.000'),
(167, 107, 4, '2019-11-05 15:28:09', 'Edición Manual de Cantidad', 1, '0.000'),
(168, 107, 4, '2019-11-05 15:29:31', 'RECV 58', 1, '18.000'),
(169, 108, 4, '2019-11-05 15:32:54', 'Edición Manual de Cantidad', 1, '0.000'),
(170, 108, 4, '2019-11-05 15:37:17', 'RECV 59', 1, '18.000'),
(171, 109, 4, '2019-11-05 15:46:35', 'Edición Manual de Cantidad', 1, '0.000'),
(172, 109, 4, '2019-11-05 15:54:33', 'RECV 60', 1, '27.000'),
(173, 110, 4, '2019-11-05 15:56:56', 'Edición Manual de Cantidad', 1, '0.000'),
(174, 110, 4, '2019-11-05 15:57:37', 'RECV 61', 1, '27.000'),
(175, 111, 4, '2019-11-05 16:27:43', 'Edición Manual de Cantidad', 1, '0.000'),
(176, 111, 4, '2019-11-05 16:31:34', 'RECV 62', 1, '28.000'),
(177, 112, 4, '2019-11-05 16:32:57', 'Edición Manual de Cantidad', 1, '0.000'),
(178, 112, 4, '2019-11-05 16:34:09', 'RECV 63', 1, '24.000'),
(179, 113, 4, '2019-11-05 16:46:58', 'Edición Manual de Cantidad', 1, '0.000'),
(180, 113, 4, '2019-11-05 16:48:14', 'RECV 64', 1, '18.000'),
(181, 114, 4, '2019-11-05 16:51:05', 'Edición Manual de Cantidad', 1, '0.000'),
(182, 114, 4, '2019-11-05 16:56:32', 'RECV 65', 1, '18.000'),
(183, 115, 4, '2019-11-05 16:58:13', 'Edición Manual de Cantidad', 1, '0.000'),
(184, 115, 4, '2019-11-05 16:58:48', 'RECV 66', 1, '18.000'),
(185, 116, 4, '2019-11-05 17:04:28', 'Edición Manual de Cantidad', 1, '0.000'),
(186, 116, 4, '2019-11-05 17:05:14', 'RECV 67', 1, '18.000'),
(187, 117, 4, '2019-11-05 17:23:33', 'Edición Manual de Cantidad', 1, '0.000'),
(188, 117, 4, '2019-11-05 17:26:13', 'RECV 68', 1, '30.000'),
(189, 118, 4, '2019-11-05 17:30:49', 'Edición Manual de Cantidad', 1, '0.000'),
(190, 118, 4, '2019-11-05 17:33:29', 'RECV 69', 1, '12.000'),
(191, 21, 4, '2019-11-05 17:40:09', 'RECV 70', 1, '6.000'),
(192, 119, 4, '2019-11-05 17:56:05', 'Edición Manual de Cantidad', 1, '0.000'),
(193, 119, 4, '2019-11-05 17:57:28', 'RECV 71', 1, '12.000'),
(194, 19, 4, '2019-11-05 18:00:36', 'RECV 72', 1, '12.000'),
(195, 120, 4, '2019-11-05 18:04:00', 'Edición Manual de Cantidad', 1, '0.000'),
(196, 120, 4, '2019-11-05 18:05:05', 'RECV 73', 1, '12.000'),
(197, 121, 4, '2019-11-05 18:08:54', 'Edición Manual de Cantidad', 1, '0.000'),
(198, 121, 4, '2019-11-05 18:10:02', 'RECV 74', 1, '12.000'),
(199, 122, 4, '2019-11-05 18:12:27', 'Edición Manual de Cantidad', 1, '0.000'),
(200, 122, 4, '2019-11-05 18:13:11', 'RECV 75', 1, '12.000'),
(201, 123, 4, '2019-11-05 18:17:51', 'Edición Manual de Cantidad', 1, '0.000'),
(202, 123, 4, '2019-11-05 18:20:52', 'RECV 76', 1, '18.000'),
(203, 124, 4, '2019-11-05 18:27:28', 'Edición Manual de Cantidad', 1, '0.000'),
(204, 124, 4, '2019-11-05 18:29:54', 'RECV 77', 1, '12.000'),
(205, 125, 4, '2019-11-05 18:32:38', 'Edición Manual de Cantidad', 1, '0.000'),
(206, 125, 4, '2019-11-05 18:35:39', 'RECV 78', 1, '24.000'),
(207, 126, 4, '2019-11-05 18:39:33', 'Edición Manual de Cantidad', 1, '0.000'),
(208, 126, 4, '2019-11-05 18:43:35', 'RECV 79', 1, '22.000'),
(209, 127, 4, '2019-11-05 18:47:08', 'Edición Manual de Cantidad', 1, '0.000'),
(210, 127, 4, '2019-11-05 18:49:13', 'RECV 80', 1, '24.000'),
(211, 87, 4, '2019-11-05 18:58:46', 'RECV 81', 1, '20.000'),
(212, 128, 4, '2019-11-05 19:02:12', 'Edición Manual de Cantidad', 1, '0.000'),
(213, 128, 4, '2019-11-05 20:04:26', 'RECV 82', 1, '3.000'),
(214, 129, 4, '2019-11-05 20:14:46', 'Edición Manual de Cantidad', 1, '0.000'),
(215, 129, 4, '2019-11-05 20:26:48', 'RECV 83', 1, '2.000'),
(216, 130, 4, '2019-11-05 20:31:54', 'Edición Manual de Cantidad', 1, '0.000'),
(217, 130, 4, '2019-11-05 20:37:52', 'RECV 84', 1, '5.000'),
(218, 131, 4, '2019-11-05 20:39:51', 'Edición Manual de Cantidad', 1, '0.000'),
(219, 131, 4, '2019-11-05 20:41:30', 'RECV 85', 1, '3.000'),
(220, 33, 4, '2019-11-05 20:58:38', 'RECV 86', 1, '24.000'),
(221, 132, 4, '2019-11-05 21:05:44', 'Edición Manual de Cantidad', 1, '0.000'),
(222, 132, 4, '2019-11-05 21:08:52', 'RECV 87', 1, '24.000'),
(223, 133, 4, '2019-11-05 21:14:29', 'Edición Manual de Cantidad', 1, '0.000'),
(224, 133, 4, '2019-11-05 21:26:25', 'RECV 88', 1, '20.000'),
(225, 27, 4, '2019-11-05 21:39:10', 'RECV 89', 1, '18.000'),
(226, 132, 4, '2019-11-05 22:44:44', 'RECV 90', 1, '-12.000'),
(227, 134, 4, '2019-11-05 22:46:38', 'Edición Manual de Cantidad', 1, '0.000'),
(228, 134, 4, '2019-11-05 22:48:08', 'RECV 91', 1, '12.000'),
(229, 88, 4, '2019-11-06 15:12:32', 'RECV 92', 1, '12.000'),
(230, 135, 4, '2019-11-06 15:35:57', 'Edición Manual de Cantidad', 1, '0.000'),
(231, 135, 4, '2019-11-06 15:42:20', 'RECV 93', 1, '24.000'),
(232, 136, 4, '2019-11-06 15:46:20', 'Edición Manual de Cantidad', 1, '0.000'),
(233, 136, 4, '2019-11-06 15:49:51', 'RECV 94', 1, '18.000'),
(234, 137, 4, '2019-11-06 15:52:31', 'Edición Manual de Cantidad', 1, '0.000'),
(235, 137, 4, '2019-11-06 15:57:00', 'RECV 95', 1, '18.000'),
(236, 138, 4, '2019-11-06 16:02:33', 'Edición Manual de Cantidad', 1, '0.000'),
(237, 138, 4, '2019-11-06 16:04:17', 'RECV 96', 1, '20.000'),
(238, 139, 4, '2019-11-06 16:08:37', 'Edición Manual de Cantidad', 1, '0.000'),
(239, 139, 4, '2019-11-06 16:11:00', 'RECV 97', 1, '20.000'),
(240, 140, 4, '2019-11-06 16:13:00', 'Edición Manual de Cantidad', 1, '0.000'),
(241, 140, 4, '2019-11-06 16:42:10', 'RECV 98', 1, '20.000'),
(242, 141, 4, '2019-11-06 16:51:45', 'Edición Manual de Cantidad', 1, '0.000'),
(243, 141, 4, '2019-11-06 16:54:06', 'RECV 99', 1, '12.000'),
(244, 142, 4, '2019-11-06 16:56:25', 'Edición Manual de Cantidad', 1, '0.000'),
(245, 142, 4, '2019-11-06 16:58:07', 'RECV 100', 1, '12.000'),
(246, 143, 4, '2019-11-06 17:04:02', 'Edición Manual de Cantidad', 1, '0.000'),
(247, 143, 4, '2019-11-06 17:06:41', 'RECV 101', 1, '24.000'),
(248, 144, 4, '2019-11-06 17:25:17', 'Edición Manual de Cantidad', 1, '0.000'),
(249, 144, 4, '2019-11-06 17:26:50', 'RECV 102', 1, '24.000'),
(250, 145, 4, '2019-11-06 17:29:44', 'Edición Manual de Cantidad', 1, '0.000'),
(251, 145, 4, '2019-11-06 17:30:47', 'RECV 103', 1, '30.000'),
(252, 146, 4, '2019-11-06 17:35:32', 'Edición Manual de Cantidad', 1, '0.000'),
(253, 146, 4, '2019-11-06 17:37:20', 'RECV 104', 1, '48.000'),
(254, 147, 4, '2019-11-06 17:46:36', 'Edición Manual de Cantidad', 1, '0.000'),
(255, 147, 4, '2019-11-06 17:48:29', 'RECV 105', 1, '20.000'),
(256, 148, 4, '2019-11-06 17:56:47', 'Edición Manual de Cantidad', 1, '0.000'),
(257, 148, 4, '2019-11-06 17:58:16', 'RECV 106', 1, '12.000'),
(258, 149, 4, '2019-11-06 17:59:44', 'Edición Manual de Cantidad', 1, '0.000'),
(259, 149, 4, '2019-11-06 18:00:53', 'RECV 107', 1, '12.000'),
(260, 150, 4, '2019-11-06 18:02:32', 'Edición Manual de Cantidad', 1, '0.000'),
(261, 150, 4, '2019-11-06 18:03:24', 'RECV 108', 1, '12.000'),
(262, 151, 4, '2019-11-06 18:07:24', 'Edición Manual de Cantidad', 1, '0.000'),
(263, 151, 4, '2019-11-06 18:08:48', 'RECV 109', 1, '40.000'),
(264, 152, 4, '2019-11-06 18:12:25', 'Edición Manual de Cantidad', 1, '0.000'),
(265, 152, 4, '2019-11-06 18:13:56', 'RECV 110', 1, '48.000'),
(266, 153, 4, '2019-11-06 18:22:58', 'Edición Manual de Cantidad', 1, '0.000'),
(267, 62, 4, '2019-11-06 18:53:34', 'RECV 111', 1, '12.000'),
(268, 154, 4, '2019-11-06 19:07:03', 'Edición Manual de Cantidad', 1, '0.000'),
(269, 154, 4, '2019-11-06 19:15:53', 'RECV 112', 1, '40.000'),
(270, 155, 4, '2019-11-06 19:22:54', 'Edición Manual de Cantidad', 1, '0.000'),
(271, 155, 4, '2019-11-06 19:25:05', 'RECV 113', 1, '24.000'),
(272, 156, 4, '2019-11-06 20:01:56', 'Edición Manual de Cantidad', 1, '0.000'),
(273, 35, 4, '2019-11-06 20:56:40', 'RECV 114', 1, '12.000'),
(274, 156, 4, '2019-11-06 20:57:23', 'RECV 115', 1, '12.000'),
(275, 157, 4, '2019-11-06 21:04:20', 'Edición Manual de Cantidad', 1, '0.000'),
(276, 157, 4, '2019-11-06 21:06:17', 'RECV 116', 1, '6.000'),
(277, 158, 4, '2019-11-06 21:10:27', 'Edición Manual de Cantidad', 1, '0.000'),
(278, 159, 4, '2019-11-06 21:12:08', 'Edición Manual de Cantidad', 1, '0.000'),
(279, 159, 4, '2019-11-06 21:13:22', 'RECV 117', 1, '6.000'),
(280, 158, 4, '2019-11-06 21:14:24', 'RECV 118', 1, '6.000'),
(281, 160, 4, '2019-11-06 21:22:59', 'Edición Manual de Cantidad', 1, '0.000'),
(282, 160, 4, '2019-11-06 21:27:41', 'RECV 119', 1, '12.000'),
(283, 161, 4, '2019-11-06 21:51:57', 'Edición Manual de Cantidad', 1, '0.000'),
(284, 161, 4, '2019-11-06 21:59:20', 'RECV 120', 1, '15.000'),
(285, 162, 4, '2019-11-06 22:07:46', 'Edición Manual de Cantidad', 1, '0.000'),
(286, 162, 4, '2019-11-06 22:08:53', 'RECV 121', 1, '15.000'),
(287, 163, 4, '2019-11-06 22:22:16', 'Edición Manual de Cantidad', 1, '0.000'),
(288, 163, 4, '2019-11-06 22:24:07', 'RECV 122', 1, '18.000'),
(289, 164, 4, '2019-11-06 22:44:31', 'Edición Manual de Cantidad', 1, '0.000'),
(290, 164, 4, '2019-11-06 22:46:40', 'RECV 123', 1, '18.000'),
(291, 128, 4, '2019-11-06 23:00:08', 'RECV 124', 1, '2.000'),
(292, 164, 5, '2019-11-07 01:04:00', 'POS 8', 1, '-1.000'),
(293, 164, 5, '2019-11-07 01:06:06', 'POS 9', 1, '1.000'),
(294, 164, 5, '2019-11-07 01:08:10', 'POS 10', 1, '-1.000'),
(295, 164, 5, '2019-11-07 01:13:18', 'POS 11', 1, '1.000'),
(296, 165, 4, '2019-11-07 14:42:14', 'Edición Manual de Cantidad', 1, '0.000'),
(297, 165, 4, '2019-11-07 14:50:04', 'RECV 125', 1, '12.000'),
(298, 166, 4, '2019-11-07 14:55:24', 'Edición Manual de Cantidad', 1, '0.000'),
(299, 166, 4, '2019-11-07 14:57:15', 'RECV 126', 1, '6.000'),
(300, 167, 4, '2019-11-07 14:59:31', 'Edición Manual de Cantidad', 1, '0.000'),
(301, 167, 4, '2019-11-07 15:00:34', 'RECV 127', 1, '6.000'),
(302, 45, 4, '2019-11-07 15:23:55', 'RECV 128', 1, '24.000'),
(303, 46, 4, '2019-11-07 15:25:29', 'RECV 129', 1, '12.000'),
(304, 168, 4, '2019-11-07 15:31:48', 'Edición Manual de Cantidad', 1, '0.000'),
(305, 168, 4, '2019-11-07 15:33:26', 'RECV 130', 1, '15.000'),
(306, 169, 4, '2019-11-07 15:35:38', 'Edición Manual de Cantidad', 1, '0.000'),
(307, 169, 4, '2019-11-07 15:43:33', 'RECV 131', 1, '12.000'),
(308, 54, 4, '2019-11-07 16:04:02', 'RECV 132', 1, '33.000'),
(309, 170, 4, '2019-11-07 16:11:29', 'Edición Manual de Cantidad', 1, '0.000'),
(310, 170, 4, '2019-11-07 16:14:15', 'RECV 133', 1, '6.000'),
(311, 43, 4, '2019-11-07 16:32:14', 'RECV 134', 1, '6.000'),
(312, 44, 4, '2019-11-07 16:32:45', 'RECV 135', 1, '6.000'),
(313, 42, 4, '2019-11-07 16:34:25', 'RECV 136', 1, '12.000'),
(314, 42, 4, '2019-11-07 16:35:26', 'RECV 137', 1, '12.000'),
(315, 171, 4, '2019-11-07 16:50:40', 'Edición Manual de Cantidad', 1, '0.000'),
(316, 171, 4, '2019-11-07 16:53:22', 'RECV 138', 1, '13.000'),
(317, 22, 4, '2019-11-07 17:12:46', 'RECV 139', 1, '18.000'),
(318, 23, 4, '2019-11-07 17:15:03', 'RECV 140', 1, '36.000'),
(319, 24, 4, '2019-11-07 17:16:16', 'RECV 141', 1, '30.000'),
(320, 25, 4, '2019-11-07 17:16:58', 'RECV 142', 1, '30.000'),
(321, 26, 4, '2019-11-07 17:19:03', 'RECV 143', 1, '18.000'),
(322, 27, 4, '2019-11-07 17:22:17', 'RECV 144', 1, '18.000'),
(323, 28, 4, '2019-11-07 17:26:36', 'RECV 145', 1, '18.000'),
(324, 29, 4, '2019-11-07 17:31:30', 'RECV 146', 1, '18.000'),
(325, 30, 4, '2019-11-07 17:34:36', 'RECV 147', 1, '6.000'),
(326, 31, 4, '2019-11-07 17:38:05', 'RECV 148', 1, '12.000'),
(327, 32, 4, '2019-11-07 17:40:25', 'RECV 149', 1, '12.000'),
(328, 34, 4, '2019-11-07 17:42:58', 'RECV 150', 1, '18.000'),
(329, 36, 4, '2019-11-07 17:46:33', 'RECV 151', 1, '18.000'),
(330, 37, 4, '2019-11-07 17:50:41', 'RECV 152', 1, '15.000'),
(331, 38, 4, '2019-11-07 17:53:11', 'RECV 153', 1, '15.000'),
(332, 39, 4, '2019-11-07 17:54:39', 'RECV 154', 1, '15.000'),
(333, 40, 4, '2019-11-07 17:57:39', 'RECV 155', 1, '15.000'),
(334, 72, 4, '2019-11-07 18:00:31', 'RECV 156', 1, '6.000'),
(335, 41, 4, '2019-11-07 18:05:19', 'RECV 157', 1, '15.000'),
(336, 55, 4, '2019-11-07 18:10:41', 'RECV 158', 1, '15.000'),
(337, 58, 4, '2019-11-07 18:24:30', 'RECV 159', 1, '12.000'),
(338, 61, 4, '2019-11-07 18:42:34', 'RECV 160', 1, '3.000'),
(339, 59, 4, '2019-11-07 18:47:34', 'RECV 161', 1, '3.000'),
(340, 63, 4, '2019-11-07 19:04:28', 'RECV 162', 1, '3.000'),
(341, 64, 4, '2019-11-07 19:10:44', 'RECV 163', 1, '3.000'),
(342, 65, 4, '2019-11-07 20:12:50', 'RECV 164', 1, '6.000'),
(343, 66, 4, '2019-11-07 20:16:11', 'RECV 165', 1, '6.000'),
(344, 67, 4, '2019-11-07 20:18:48', 'RECV 166', 1, '6.000'),
(345, 68, 4, '2019-11-07 20:21:07', 'RECV 167', 1, '6.000'),
(346, 70, 4, '2019-11-07 20:25:46', 'RECV 168', 1, '4.000'),
(347, 69, 4, '2019-11-07 20:30:16', 'RECV 169', 1, '6.000'),
(348, 71, 4, '2019-11-07 20:34:42', 'RECV 170', 1, '6.000'),
(349, 81, 4, '2019-11-07 20:58:43', 'RECV 171', 1, '18.000'),
(350, 83, 4, '2019-11-07 21:00:13', 'RECV 172', 1, '12.000'),
(351, 80, 4, '2019-11-07 21:01:45', 'RECV 173', 1, '18.000'),
(352, 73, 4, '2019-11-07 21:48:54', 'RECV 174', 1, '24.000'),
(353, 74, 4, '2019-11-07 21:50:22', 'RECV 175', 1, '6.000'),
(354, 75, 4, '2019-11-07 21:52:32', 'RECV 176', 1, '6.000'),
(355, 79, 4, '2019-11-07 21:54:32', 'RECV 177', 1, '18.000'),
(356, 77, 4, '2019-11-07 21:56:38', 'RECV 178', 1, '18.000'),
(357, 78, 4, '2019-11-07 21:58:14', 'RECV 179', 1, '18.000'),
(358, 76, 4, '2019-11-07 21:59:42', 'RECV 180', 1, '6.000'),
(359, 82, 4, '2019-11-07 22:02:33', 'RECV 181', 1, '12.000'),
(360, 84, 4, '2019-11-07 22:05:58', 'RECV 182', 1, '12.000'),
(361, 54, 5, '2019-11-07 22:06:45', 'POS 14', 1, '-1.000'),
(362, 85, 4, '2019-11-07 22:14:31', 'RECV 183', 1, '12.000'),
(363, 86, 4, '2019-11-07 22:37:24', 'RECV 184', 1, '40.000'),
(364, 24, 5, '2019-11-07 22:52:02', 'POS 15', 1, '-1.000'),
(365, 124, 5, '2019-11-07 22:52:02', 'POS 15', 1, '-1.000'),
(366, 25, 5, '2019-11-07 22:52:02', 'POS 15', 1, '-1.000'),
(367, 126, 5, '2019-11-07 22:52:02', 'POS 15', 1, '-2.000'),
(368, 19, 5, '2019-11-08 00:01:05', 'POS 16', 1, '-2.000'),
(369, 133, 5, '2019-11-08 00:01:05', 'POS 16', 1, '-1.000'),
(370, 118, 5, '2019-11-08 00:01:05', 'POS 16', 1, '-1.000'),
(371, 50, 5, '2019-11-08 00:01:05', 'POS 16', 1, '-1.000'),
(372, 43, 5, '2019-11-08 00:01:05', 'POS 16', 1, '-1.000'),
(373, 71, 5, '2019-11-08 01:32:16', 'POS 17', 1, '-1.000'),
(374, 172, 4, '2019-11-08 15:48:38', 'Edición Manual de Cantidad', 1, '500.000'),
(375, 172, 5, '2019-11-08 16:16:28', 'POS 18', 1, '-1.000'),
(376, 172, 5, '2019-11-08 16:18:25', 'POS 19', 1, '-3.000'),
(377, 5, 5, '2019-11-08 16:36:06', 'POS 20', 1, '-1.000'),
(378, 148, 5, '2019-11-08 16:36:06', 'POS 20', 1, '-1.000'),
(379, 68, 5, '2019-11-08 16:36:06', 'POS 20', 1, '-2.000'),
(380, 67, 5, '2019-11-08 16:38:01', 'POS 21', 1, '-1.000'),
(381, 156, 5, '2019-11-08 16:38:01', 'POS 21', 1, '-1.000'),
(382, 173, 4, '2019-11-08 16:54:13', 'Edición Manual de Cantidad', 1, '0.000'),
(383, 173, 4, '2019-11-08 16:58:13', 'RECV 185', 1, '6.000'),
(384, 145, 5, '2019-11-08 17:16:48', 'POS 23', 1, '-1.000'),
(385, 55, 5, '2019-11-08 17:16:48', 'POS 23', 1, '-1.000'),
(386, 174, 4, '2019-11-08 17:25:57', 'Edición Manual de Cantidad', 1, '500.000'),
(387, 175, 4, '2019-11-08 17:45:34', 'Edición Manual de Cantidad', 1, '0.000'),
(388, 176, 1, '2019-11-08 17:45:54', 'Edición Manual de Cantidad', 1, '500.000'),
(389, 177, 1, '2019-11-08 17:45:55', 'Edición Manual de Cantidad', 1, '500.000'),
(390, 175, 4, '2019-11-08 17:49:51', 'RECV 186', 1, '4.000'),
(391, 178, 1, '2019-11-08 17:51:41', 'Edición Manual de Cantidad', 1, '500.000'),
(392, 179, 1, '2019-11-08 17:55:31', 'Edición Manual de Cantidad', 1, '500.000'),
(393, 180, 4, '2019-11-08 17:57:43', 'Edición Manual de Cantidad', 1, '0.000'),
(394, 180, 4, '2019-11-08 17:59:42', 'RECV 187', 1, '6.000'),
(395, 181, 1, '2019-11-08 18:03:07', 'Edición Manual de Cantidad', 1, '500.000'),
(396, 182, 1, '2019-11-08 18:08:46', 'Edición Manual de Cantidad', 1, '500.000'),
(397, 183, 1, '2019-11-08 18:18:46', 'Edición Manual de Cantidad', 1, '500.000'),
(398, 45, 5, '2019-11-08 18:21:13', 'POS 24', 1, '-1.000'),
(399, 184, 4, '2019-11-08 18:45:51', 'Edición Manual de Cantidad', 1, '0.000'),
(400, 184, 4, '2019-11-08 18:54:16', 'RECV 188', 1, '12.000'),
(401, 45, 5, '2019-11-08 18:58:47', 'POS 25', 1, '-1.000'),
(402, 185, 4, '2019-11-08 19:05:09', 'Edición Manual de Cantidad', 1, '0.000'),
(403, 185, 4, '2019-11-08 19:09:11', 'RECV 189', 1, '24.000'),
(404, 186, 4, '2019-11-08 19:13:41', 'Edición Manual de Cantidad', 1, '500.000'),
(405, 186, 5, '2019-11-08 19:16:45', 'POS 26', 1, '-5.000'),
(406, 186, 5, '2019-11-08 19:24:30', 'POS 27', 1, '-13.000'),
(407, 186, 5, '2019-11-08 19:26:39', 'POS 28', 1, '13.000'),
(408, 186, 5, '2019-11-08 19:31:56', 'POS 30', 1, '-1.000'),
(409, 186, 5, '2019-11-08 19:37:33', 'POS 31', 1, '-1.000'),
(410, 187, 4, '2019-11-08 21:13:05', 'Edición Manual de Cantidad', 1, '0.000'),
(411, 55, 5, '2019-11-08 21:20:18', 'POS 32', 1, '-1.000'),
(412, 139, 5, '2019-11-08 21:26:42', 'POS 33', 1, '-1.000'),
(413, 186, 5, '2019-11-08 21:44:49', 'POS 34', 1, '-1.000'),
(414, 188, 4, '2019-11-08 21:50:58', 'Edición Manual de Cantidad', 1, '500.000'),
(415, 188, 5, '2019-11-08 21:54:48', 'POS 35', 1, '-1.000'),
(416, 186, 5, '2019-11-08 21:54:48', 'POS 35', 1, '-4.000'),
(417, 187, 4, '2019-11-08 22:05:25', 'RECV 190', 1, '6.000'),
(418, 50, 5, '2019-11-08 22:12:02', 'POS 36', 1, '-1.000'),
(419, 189, 4, '2019-11-08 22:25:39', 'Edición Manual de Cantidad', 1, '0.000'),
(420, 4, 5, '2019-11-08 22:28:24', 'POS 37', 1, '-1.000'),
(421, 189, 4, '2019-11-08 22:32:15', 'RECV 191', 1, '4.000'),
(422, 189, 5, '2019-11-08 22:33:26', 'POS 38', 1, '-1.000'),
(423, 190, 4, '2019-11-08 22:43:50', 'Edición Manual de Cantidad', 1, '0.000'),
(424, 190, 4, '2019-11-08 22:47:33', 'RECV 192', 1, '6.000'),
(425, 173, 5, '2019-11-08 23:29:28', 'POS 39', 1, '-1.000'),
(426, 62, 5, '2019-11-08 23:29:28', 'POS 39', 1, '-1.000'),
(427, 106, 5, '2019-11-08 23:29:28', 'POS 39', 1, '-1.000'),
(428, 51, 4, '2019-11-08 23:31:07', 'RECV 193', 1, '36.000'),
(429, 70, 4, '2019-11-08 23:33:07', 'RECV 194', 1, '4.000'),
(430, 52, 4, '2019-11-08 23:34:31', 'RECV 195', 1, '36.000'),
(431, 191, 4, '2019-11-08 23:38:28', 'Edición Manual de Cantidad', 1, '0.000'),
(432, 191, 4, '2019-11-08 23:39:42', 'RECV 196', 1, '6.000'),
(433, 49, 4, '2019-11-08 23:43:54', 'RECV 197', 1, '12.000'),
(434, 192, 4, '2019-11-08 23:49:26', 'Edición Manual de Cantidad', 1, '0.000'),
(435, 192, 4, '2019-11-08 23:53:04', 'RECV 198', 1, '18.000'),
(436, 193, 1, '2019-11-09 00:29:32', 'Edición Manual de Cantidad', 1, '500.000'),
(437, 194, 1, '2019-11-09 00:29:33', 'Edición Manual de Cantidad', 1, '500.000'),
(438, 195, 4, '2019-11-09 00:34:56', 'Edición Manual de Cantidad', 1, '0.000'),
(439, 195, 4, '2019-11-09 00:36:46', 'RECV 199', 1, '3.000'),
(440, 196, 4, '2019-11-09 00:38:39', 'Edición Manual de Cantidad', 1, '0.000'),
(441, 197, 1, '2019-11-09 00:38:45', 'Edición Manual de Cantidad', 1, '500.000'),
(442, 196, 4, '2019-11-09 00:40:06', 'RECV 200', 1, '3.000'),
(443, 198, 4, '2019-11-09 00:41:50', 'Edición Manual de Cantidad', 1, '0.000'),
(444, 198, 4, '2019-11-09 00:43:01', 'RECV 201', 1, '3.000'),
(445, 48, 5, '2019-11-09 00:47:33', 'POS 40', 1, '-1.000'),
(446, 199, 1, '2019-11-09 00:48:17', 'Edición Manual de Cantidad', 1, '500.000'),
(447, 200, 4, '2019-11-09 00:48:41', 'Edición Manual de Cantidad', 1, '0.000'),
(448, 200, 4, '2019-11-09 00:49:25', 'RECV 202', 1, '3.000'),
(449, 201, 1, '2019-11-09 00:50:06', 'Edición Manual de Cantidad', 1, '500.000'),
(450, 202, 4, '2019-11-09 00:50:44', 'Edición Manual de Cantidad', 1, '0.000'),
(451, 202, 4, '2019-11-09 00:51:19', 'RECV 203', 1, '3.000'),
(452, 203, 4, '2019-11-09 00:56:48', 'Edición Manual de Cantidad', 1, '0.000'),
(453, 203, 4, '2019-11-09 00:57:32', 'RECV 204', 1, '3.000'),
(454, 204, 1, '2019-11-09 00:57:37', 'Edición Manual de Cantidad', 1, '500.000'),
(455, 205, 1, '2019-11-09 01:00:16', 'Edición Manual de Cantidad', 1, '500.000'),
(456, 206, 1, '2019-11-09 01:01:49', 'Edición Manual de Cantidad', 1, '0.000'),
(457, 206, 1, '2019-11-09 01:02:12', 'Edición Manual de Cantidad', 1, '500.000'),
(458, 207, 1, '2019-11-09 01:04:06', 'Edición Manual de Cantidad', 1, '500.000'),
(459, 208, 4, '2019-11-09 01:04:40', 'Edición Manual de Cantidad', 1, '0.000'),
(460, 209, 1, '2019-11-09 01:05:28', 'Edición Manual de Cantidad', 1, '500.000'),
(461, 208, 4, '2019-11-09 01:12:15', 'RECV 205', 1, '3.000'),
(462, 210, 1, '2019-11-09 01:12:45', 'Edición Manual de Cantidad', 1, '500.000'),
(463, 211, 1, '2019-11-09 01:14:43', 'Edición Manual de Cantidad', 1, '500.000'),
(464, 212, 4, '2019-11-09 01:15:17', 'Edición Manual de Cantidad', 1, '0.000'),
(465, 213, 1, '2019-11-09 01:16:06', 'Edición Manual de Cantidad', 1, '500.000'),
(466, 212, 4, '2019-11-09 01:16:42', 'RECV 206', 1, '3.000'),
(467, 214, 1, '2019-11-09 01:18:09', 'Edición Manual de Cantidad', 1, '500.000'),
(468, 215, 4, '2019-11-09 01:21:31', 'Edición Manual de Cantidad', 1, '0.000'),
(469, 215, 4, '2019-11-09 01:27:30', 'RECV 207', 1, '3.000'),
(470, 216, 1, '2019-11-09 01:31:59', 'Edición Manual de Cantidad', 1, '500.000'),
(471, 217, 1, '2019-11-09 01:32:58', 'Edición Manual de Cantidad', 1, '500.000'),
(472, 218, 1, '2019-11-09 01:34:05', 'Edición Manual de Cantidad', 1, '500.000'),
(473, 219, 4, '2019-11-09 01:34:32', 'Edición Manual de Cantidad', 1, '0.000'),
(474, 220, 1, '2019-11-09 01:35:16', 'Edición Manual de Cantidad', 1, '500.000'),
(475, 219, 4, '2019-11-09 01:36:58', 'RECV 208', 1, '3.000'),
(476, 221, 1, '2019-11-09 01:37:06', 'Edición Manual de Cantidad', 1, '500.000'),
(477, 222, 1, '2019-11-09 01:38:34', 'Edición Manual de Cantidad', 1, '500.000'),
(478, 223, 4, '2019-11-09 01:38:37', 'Edición Manual de Cantidad', 1, '0.000'),
(479, 224, 1, '2019-11-09 01:40:05', 'Edición Manual de Cantidad', 1, '500.000'),
(480, 187, 5, '2019-11-09 01:41:18', 'POS 41', 1, '-1.000'),
(481, 225, 1, '2019-11-09 01:41:34', 'Edición Manual de Cantidad', 1, '500.000'),
(482, 223, 4, '2019-11-09 01:42:01', 'RECV 209', 1, '3.000'),
(483, 226, 1, '2019-11-09 01:43:56', 'Edición Manual de Cantidad', 1, '500.000'),
(484, 227, 1, '2019-11-09 01:44:46', 'Edición Manual de Cantidad', 1, '500.000'),
(485, 228, 1, '2019-11-09 01:45:45', 'Edición Manual de Cantidad', 1, '500.000'),
(486, 223, 4, '2019-11-09 01:51:56', 'RECV 210', 1, '3.000'),
(487, 229, 1, '2019-11-09 01:53:44', 'Edición Manual de Cantidad', 1, '500.000'),
(488, 230, 1, '2019-11-09 01:55:11', 'Edición Manual de Cantidad', 1, '500.000'),
(489, 137, 5, '2019-11-09 01:56:18', 'POS 42', 1, '-1.000'),
(490, 231, 1, '2019-11-09 01:57:18', 'Edición Manual de Cantidad', 1, '500.000'),
(491, 232, 4, '2019-11-09 01:57:36', 'Edición Manual de Cantidad', 1, '0.000'),
(492, 233, 1, '2019-11-09 01:58:51', 'Edición Manual de Cantidad', 1, '500.000'),
(493, 136, 5, '2019-11-09 01:59:19', 'POS 44', 1, '-1.000'),
(494, 234, 1, '2019-11-09 02:00:40', 'Edición Manual de Cantidad', 1, '500.000'),
(495, 235, 1, '2019-11-09 02:01:51', 'Edición Manual de Cantidad', 1, '500.000'),
(496, 236, 1, '2019-11-09 02:02:51', 'Edición Manual de Cantidad', 1, '500.000'),
(497, 51, 5, '2019-11-09 02:03:27', 'POS 45', 1, '-1.000'),
(498, 71, 5, '2019-11-09 02:03:27', 'POS 45', 1, '-1.000'),
(499, 237, 1, '2019-11-09 02:03:57', 'Edición Manual de Cantidad', 1, '500.000'),
(500, 238, 1, '2019-11-09 02:10:03', 'Edición Manual de Cantidad', 1, '500.000'),
(501, 232, 4, '2019-11-09 02:12:50', 'RECV 211', 1, '3.000'),
(502, 239, 4, '2019-11-09 02:15:45', 'Edición Manual de Cantidad', 1, '0.000'),
(503, 240, 1, '2019-11-09 02:16:30', 'Edición Manual de Cantidad', 1, '500.000'),
(504, 241, 1, '2019-11-09 02:18:13', 'Edición Manual de Cantidad', 1, '500.000'),
(505, 239, 4, '2019-11-09 02:22:36', 'RECV 212', 1, '3.000'),
(506, 242, 1, '2019-11-09 02:26:46', 'Edición Manual de Cantidad', 1, '0.000'),
(507, 242, 1, '2019-11-09 02:27:12', 'Edición Manual de Cantidad', 1, '500.000'),
(508, 243, 4, '2019-11-09 02:27:47', 'Edición Manual de Cantidad', 1, '0.000'),
(509, 244, 1, '2019-11-09 02:29:22', 'Edición Manual de Cantidad', 1, '500.000'),
(510, 245, 1, '2019-11-09 02:31:08', 'Edición Manual de Cantidad', 1, '500.000'),
(511, 246, 1, '2019-11-09 02:32:07', 'Edición Manual de Cantidad', 1, '500.000'),
(512, 247, 1, '2019-11-09 02:32:59', 'Edición Manual de Cantidad', 1, '500.000'),
(513, 243, 4, '2019-11-09 02:33:33', 'RECV 213', 1, '6.000'),
(514, 53, 5, '2019-11-09 02:35:55', 'POS 46', 1, '-1.000'),
(515, 248, 4, '2019-11-09 02:36:30', 'Edición Manual de Cantidad', 1, '0.000'),
(516, 249, 1, '2019-11-09 02:36:48', 'Edición Manual de Cantidad', 1, '500.000'),
(517, 250, 1, '2019-11-09 02:37:55', 'Edición Manual de Cantidad', 1, '500.000'),
(518, 248, 4, '2019-11-09 02:38:03', 'RECV 214', 1, '6.000'),
(519, 251, 1, '2019-11-09 02:40:19', 'Edición Manual de Cantidad', 1, '500.000'),
(520, 252, 1, '2019-11-09 02:41:53', 'Edición Manual de Cantidad', 1, '500.000'),
(521, 248, 4, '2019-11-09 02:43:28', 'RECV 215', 1, '6.000'),
(522, 248, 4, '2019-11-09 02:44:22', 'RECV 216', 1, '-6.000'),
(523, 253, 1, '2019-11-09 02:45:20', 'Edición Manual de Cantidad', 1, '500.000'),
(524, 254, 1, '2019-11-09 02:48:16', 'Edición Manual de Cantidad', 1, '500.000'),
(525, 255, 1, '2019-11-09 02:50:48', 'Edición Manual de Cantidad', 1, '500.000'),
(526, 186, 5, '2019-11-09 03:00:26', 'POS 47', 1, '-4.000'),
(527, 187, 5, '2019-11-09 03:00:26', 'POS 47', 1, '-1.000'),
(528, 256, 4, '2019-11-09 03:05:08', 'Edición Manual de Cantidad', 1, '500.000'),
(529, 256, 5, '2019-11-09 03:09:53', 'POS 48', 1, '-2.000'),
(530, 180, 5, '2019-11-09 03:09:53', 'POS 48', 1, '-1.000'),
(531, 252, 5, '2019-11-09 03:12:47', 'POS 49', 1, '-1.000'),
(532, 52, 5, '2019-11-09 03:12:47', 'POS 49', 1, '-1.000'),
(533, 257, 4, '2019-11-09 03:15:54', 'Edición Manual de Cantidad', 1, '500.000'),
(534, 33, 5, '2019-11-09 03:23:28', 'POS 50', 1, '-2.000'),
(535, 258, 4, '2019-11-09 03:25:25', 'Edición Manual de Cantidad', 1, '0.000'),
(536, 258, 4, '2019-11-09 03:27:49', 'RECV 217', 1, '12.000'),
(537, 258, 5, '2019-11-09 03:29:30', 'POS 51', 1, '-1.000'),
(538, 257, 5, '2019-11-09 03:29:30', 'POS 51', 1, '-1.000'),
(539, 259, 4, '2019-11-09 03:33:28', 'Edición Manual de Cantidad', 1, '500.000'),
(540, 260, 4, '2019-11-09 03:37:04', 'Edición Manual de Cantidad', 1, '0.000'),
(541, 260, 4, '2019-11-09 03:37:54', 'Edición Manual de Cantidad', 1, '500.000'),
(542, 260, 5, '2019-11-09 03:38:21', 'POS 52', 1, '-1.000'),
(543, 259, 5, '2019-11-09 03:38:21', 'POS 52', 1, '-1.000'),
(544, 260, 5, '2019-11-09 03:40:32', 'POS 53', 1, '-1.000'),
(545, 28, 5, '2019-11-09 03:40:32', 'POS 53', 1, '-2.000'),
(546, 261, 4, '2019-11-09 03:42:56', 'Edición Manual de Cantidad', 1, '500.000'),
(547, 261, 5, '2019-11-09 03:43:41', 'POS 54', 1, '-1.000'),
(548, 84, 5, '2019-11-09 03:43:41', 'POS 54', 1, '-1.000'),
(549, 262, 4, '2019-11-09 16:19:28', 'Edición Manual de Cantidad', 1, '0.000'),
(550, 262, 4, '2019-11-09 16:20:17', 'RECV 218', 1, '4.000'),
(551, 39, 5, '2019-11-09 16:26:40', 'POS 55', 1, '-2.000'),
(552, 118, 5, '2019-11-09 16:26:40', 'POS 55', 1, '-1.000'),
(553, 117, 5, '2019-11-09 16:26:40', 'POS 55', 1, '-1.000'),
(554, 263, 4, '2019-11-09 16:28:21', 'Edición Manual de Cantidad', 1, '0.000'),
(555, 263, 4, '2019-11-09 16:36:22', 'RECV 219', 1, '12.000'),
(556, 264, 4, '2019-11-09 16:37:52', 'Edición Manual de Cantidad', 1, '0.000'),
(557, 264, 4, '2019-11-09 16:42:04', 'RECV 220', 1, '12.000'),
(558, 265, 4, '2019-11-09 16:44:41', 'Edición Manual de Cantidad', 1, '0.000'),
(559, 265, 4, '2019-11-09 16:45:37', 'RECV 221', 1, '3.000'),
(560, 266, 4, '2019-11-09 16:47:34', 'Edición Manual de Cantidad', 1, '0.000'),
(561, 266, 4, '2019-11-09 16:49:28', 'RECV 222', 1, '24.000'),
(562, 43, 5, '2019-11-09 16:53:53', 'POS 56', 1, '-3.000'),
(563, 92, 5, '2019-11-09 16:53:53', 'POS 56', 1, '-1.000'),
(564, 62, 5, '2019-11-09 16:53:53', 'POS 56', 1, '-1.000'),
(565, 11, 5, '2019-11-09 16:53:53', 'POS 56', 1, '-2.000'),
(566, 63, 5, '2019-11-09 17:08:15', 'POS 57', 1, '-1.000'),
(567, 66, 5, '2019-11-09 17:08:15', 'POS 57', 1, '-2.000'),
(568, 267, 4, '2019-11-09 17:25:13', 'Edición Manual de Cantidad', 1, '0.000'),
(569, 267, 4, '2019-11-09 17:26:04', 'RECV 223', 1, '24.000'),
(570, 268, 4, '2019-11-09 17:33:34', 'Edición Manual de Cantidad', 1, '0.000'),
(571, 268, 4, '2019-11-09 17:34:32', 'RECV 224', 1, '24.000'),
(572, 28, 4, '2019-11-09 17:37:09', 'Edición Manual de Cantidad', 1, '2.000'),
(573, 28, 4, '2019-11-09 17:38:18', 'Edición Manual de Cantidad', 1, '-2.000'),
(574, 28, 4, '2019-11-09 17:39:45', 'RECV 225', 1, '18.000'),
(575, 269, 4, '2019-11-09 17:48:46', 'Edición Manual de Cantidad', 1, '0.000'),
(576, 269, 4, '2019-11-09 17:50:40', 'RECV 226', 1, '20.000'),
(577, 270, 4, '2019-11-09 17:51:48', 'Edición Manual de Cantidad', 1, '0.000'),
(578, 270, 4, '2019-11-09 17:55:38', 'RECV 227', 1, '20.000'),
(579, 271, 4, '2019-11-09 17:58:22', 'Edición Manual de Cantidad', 1, '0.000'),
(580, 53, 5, '2019-11-09 18:01:27', 'POS 58', 1, '-2.000'),
(581, 258, 5, '2019-11-09 18:01:27', 'POS 58', 1, '-1.000'),
(582, 28, 5, '2019-11-09 18:01:27', 'POS 58', 1, '-2.000'),
(583, 271, 4, '2019-11-09 18:06:08', 'RECV 228', 1, '3.000'),
(584, 125, 5, '2019-11-09 18:17:11', 'POS 59', 1, '-1.000'),
(585, 272, 4, '2019-11-09 18:21:27', 'Edición Manual de Cantidad', 1, '0.000'),
(586, 272, 4, '2019-11-09 18:24:53', 'RECV 229', 1, '6.000'),
(587, 105, 5, '2019-11-09 18:29:48', 'POS 60', 1, '-1.000'),
(588, 11, 5, '2019-11-09 18:41:38', 'POS 61', 1, '-1.000'),
(589, 50, 5, '2019-11-09 18:41:38', 'POS 61', 1, '-1.000'),
(590, 140, 5, '2019-11-09 18:41:38', 'POS 61', 1, '-1.000'),
(591, 189, 5, '2019-11-09 18:51:46', 'POS 62', 1, '-1.000'),
(592, 273, 4, '2019-11-09 19:03:49', 'Edición Manual de Cantidad', 1, '0.000'),
(593, 40, 5, '2019-11-09 19:04:18', 'POS 63', 1, '-1.000'),
(594, 273, 4, '2019-11-09 19:05:42', 'Edición Manual de Cantidad', 1, '240.000'),
(595, 274, 4, '2019-11-09 19:10:25', 'Edición Manual de Cantidad', 1, '0.000'),
(596, 273, 4, '2019-11-09 19:10:54', 'Edición Manual de Cantidad', 1, '-216.000'),
(597, 128, 4, '2019-11-09 19:15:42', 'Edición Manual de Cantidad', 1, '-3.000'),
(598, 128, 4, '2019-11-09 19:16:37', 'Edición Manual de Cantidad', 1, '8.000'),
(599, 90, 5, '2019-11-09 19:21:43', 'POS 64', 1, '-1.000'),
(600, 28, 5, '2019-11-09 19:21:43', 'POS 64', 1, '-1.000'),
(601, 132, 5, '2019-11-09 19:21:43', 'POS 64', 1, '-1.000'),
(602, 275, 1, '2019-11-09 19:25:18', 'Edición Manual de Cantidad', 1, '500.000'),
(603, 276, 4, '2019-11-09 19:29:27', 'Edición Manual de Cantidad', 1, '12.000'),
(604, 277, 1, '2019-11-09 19:31:08', 'Edición Manual de Cantidad', 1, '500.000'),
(605, 278, 4, '2019-11-09 19:48:48', 'Edición Manual de Cantidad', 1, '0.000'),
(606, 278, 4, '2019-11-09 19:49:43', 'Edición Manual de Cantidad', 1, '6.000'),
(607, 17, 4, '2019-11-09 19:55:53', 'Edición Manual de Cantidad', 1, '8.000'),
(608, 279, 4, '2019-11-09 19:59:31', 'Edición Manual de Cantidad', 1, '0.000'),
(609, 279, 4, '2019-11-09 19:59:55', 'Edición Manual de Cantidad', 1, '12.000'),
(610, 280, 4, '2019-11-09 20:02:46', 'Edición Manual de Cantidad', 1, '0.000'),
(611, 280, 4, '2019-11-09 20:04:11', 'Edición Manual de Cantidad', 1, '24.000'),
(612, 281, 4, '2019-11-09 20:07:16', 'Edición Manual de Cantidad', 1, '18.000'),
(613, 282, 4, '2019-11-09 20:08:54', 'Edición Manual de Cantidad', 1, '24.000'),
(614, 125, 5, '2019-11-09 20:14:03', 'POS 65', 1, '-1.000'),
(615, 283, 4, '2019-11-09 20:21:05', 'Edición Manual de Cantidad', 1, '0.000'),
(616, 283, 4, '2019-11-09 20:21:25', 'Edición Manual de Cantidad', 1, '24.000'),
(617, 284, 4, '2019-11-09 20:24:10', 'Edición Manual de Cantidad', 1, '24.000'),
(618, 285, 4, '2019-11-09 20:26:43', 'Edición Manual de Cantidad', 1, '24.000'),
(619, 286, 4, '2019-11-09 20:31:17', 'Edición Manual de Cantidad', 1, '32.000'),
(620, 287, 4, '2019-11-09 20:37:56', 'Edición Manual de Cantidad', 1, '0.000'),
(621, 287, 4, '2019-11-09 20:38:26', 'Edición Manual de Cantidad', 1, '12.000'),
(622, 288, 4, '2019-11-09 20:42:34', 'Edición Manual de Cantidad', 1, '12.000'),
(623, 288, 5, '2019-11-09 20:42:55', 'POS 66', 1, '-1.000'),
(624, 289, 4, '2019-11-09 20:49:08', 'Edición Manual de Cantidad', 1, '4.000'),
(625, 290, 4, '2019-11-09 21:02:36', 'Edición Manual de Cantidad', 1, '36.000'),
(626, 290, 4, '2019-11-09 21:09:36', 'RECV 230', 1, '36.000'),
(627, 125, 5, '2019-11-09 21:14:42', 'POS 67', 1, '-2.000'),
(628, 125, 5, '2019-11-09 21:20:13', 'POS 68', 1, '-2.000'),
(629, 291, 4, '2019-11-09 21:50:43', 'Edición Manual de Cantidad', 1, '6.000'),
(630, 291, 4, '2019-11-09 21:52:05', 'Edición Manual de Cantidad', 1, '-3.000'),
(631, 291, 4, '2019-11-09 21:53:52', 'RECV 231', 1, '3.000'),
(632, 273, 4, '2019-11-09 21:57:55', 'Edición Manual de Cantidad', 1, '216.000'),
(633, 273, 4, '2019-11-09 22:00:08', 'RECV 232', 1, '240.000'),
(634, 274, 4, '2019-11-09 22:02:08', 'Edición Manual de Cantidad', 1, '24.000'),
(635, 274, 4, '2019-11-09 22:02:47', 'RECV 233', 1, '24.000'),
(636, 128, 4, '2019-11-09 22:12:09', 'RECV 234', 1, '-5.000'),
(637, 47, 5, '2019-11-09 22:14:31', 'POS 69', 1, '-1.000'),
(638, 40, 5, '2019-11-09 22:14:31', 'POS 69', 1, '-1.000'),
(639, 133, 5, '2019-11-09 22:21:50', 'POS 70', 1, '-1.000'),
(640, 111, 5, '2019-11-09 22:21:50', 'POS 70', 1, '-1.000'),
(641, 45, 5, '2019-11-09 22:21:50', 'POS 70', 1, '-1.000'),
(642, 55, 5, '2019-11-09 22:21:50', 'POS 70', 1, '-1.000'),
(643, 128, 4, '2019-11-09 22:23:29', 'Edición Manual de Cantidad', 1, '-5.000'),
(644, 128, 4, '2019-11-09 22:24:58', 'Edición Manual de Cantidad', 1, '5.000'),
(645, 292, 4, '2019-11-09 22:28:18', 'Edición Manual de Cantidad', 1, '1.000'),
(646, 293, 4, '2019-11-09 22:31:28', 'Edición Manual de Cantidad', 1, '1.000'),
(647, 294, 4, '2019-11-09 22:34:11', 'Edición Manual de Cantidad', 1, '1.000'),
(648, 295, 4, '2019-11-09 23:28:32', 'Edición Manual de Cantidad', 1, '0.000'),
(649, 54, 5, '2019-11-09 23:36:02', 'POS 72', 1, '-2.000'),
(650, 295, 4, '2019-11-09 23:39:21', 'Edición Manual de Cantidad', 1, '60.000'),
(651, 183, 5, '2019-11-09 23:50:57', 'POS 73', 1, '-1.000'),
(652, 277, 5, '2019-11-09 23:50:57', 'POS 73', 1, '-1.000'),
(653, 295, 5, '2019-11-09 23:50:57', 'POS 73', 1, '-3.000'),
(654, 238, 5, '2019-11-09 23:50:57', 'POS 73', 1, '-1.000'),
(655, 137, 5, '2019-11-09 23:50:57', 'POS 73', 1, '-1.000'),
(656, 295, 5, '2019-11-09 23:53:45', 'POS 74', 1, '-1.000'),
(657, 295, 5, '2019-11-09 23:54:31', 'POS 75', 1, '-1.000'),
(658, 295, 5, '2019-11-09 23:54:59', 'POS 76', 1, '-1.000'),
(659, 210, 5, '2019-11-09 23:56:37', 'POS 77', 1, '-1.000'),
(660, 295, 5, '2019-11-09 23:56:37', 'POS 77', 1, '-3.000'),
(661, 231, 5, '2019-11-09 23:56:37', 'POS 77', 1, '-2.000'),
(662, 295, 5, '2019-11-10 00:15:49', 'POS 78', 1, '-14.000'),
(663, 183, 5, '2019-11-10 00:15:49', 'POS 78', 1, '-1.000'),
(664, 249, 5, '2019-11-10 00:15:49', 'POS 78', 1, '-1.000'),
(665, 295, 5, '2019-11-10 00:18:00', 'POS 79', 1, '-10.000'),
(666, 183, 5, '2019-11-10 00:18:00', 'POS 79', 1, '-1.000'),
(667, 285, 5, '2019-11-10 00:22:31', 'POS 80', 1, '-1.000'),
(668, 278, 5, '2019-11-10 00:22:31', 'POS 80', 1, '-1.000'),
(669, 17, 5, '2019-11-10 00:22:31', 'POS 80', 1, '-1.000'),
(670, 295, 5, '2019-11-10 00:33:38', 'POS 81', 1, '-2.000'),
(671, 54, 5, '2019-11-10 00:36:09', 'POS 82', 1, '-1.000'),
(672, 184, 5, '2019-11-10 00:39:34', 'POS 83', 1, '-1.000'),
(673, 192, 5, '2019-11-10 01:18:17', 'POS 84', 1, '-1.000'),
(674, 210, 5, '2019-11-10 01:37:55', 'POS 85', 1, '-1.000'),
(675, 258, 5, '2019-11-10 01:37:55', 'POS 85', 1, '-1.000'),
(676, 36, 5, '2019-11-10 01:37:55', 'POS 85', 1, '-2.000'),
(677, 9, 5, '2019-11-10 02:06:54', 'POS 86', 1, '-1.000'),
(678, 296, 4, '2019-11-10 02:12:01', 'Edición Manual de Cantidad', 1, '500.000'),
(679, 296, 5, '2019-11-10 02:20:34', 'POS 87', 1, '-1.000'),
(680, 183, 5, '2019-11-10 02:20:34', 'POS 87', 1, '-2.000'),
(681, 295, 5, '2019-11-10 02:20:34', 'POS 87', 1, '-25.000'),
(682, 231, 5, '2019-11-10 02:20:34', 'POS 87', 1, '-3.000'),
(683, 252, 5, '2019-11-10 02:20:34', 'POS 87', 1, '-1.000'),
(684, 40, 5, '2019-11-10 02:20:34', 'POS 87', 1, '-1.000'),
(685, 295, 5, '2019-11-10 02:23:50', 'POS 88', 1, '-7.000'),
(686, 295, 5, '2019-11-10 02:25:00', 'POS 89', 1, '-6.000'),
(687, 297, 4, '2019-11-10 02:27:01', 'Edición Manual de Cantidad', 1, '500.000'),
(688, 297, 5, '2019-11-10 02:27:36', 'POS 90', 1, '-1.000'),
(689, 260, 5, '2019-11-10 02:27:36', 'POS 90', 1, '-1.000'),
(690, 295, 4, '2019-11-10 15:49:08', 'Edición Manual de Cantidad', 1, '43.000'),
(691, 54, 12, '2019-11-10 16:14:12', 'POS 92', 1, '-3.000'),
(692, 31, 12, '2019-11-10 16:15:06', 'POS 93', 1, '-1.000'),
(693, 18, 12, '2019-11-10 16:17:46', 'POS 91', 1, '-2.000'),
(694, 3, 12, '2019-11-10 16:17:46', 'POS 91', 1, '-2.000'),
(695, 171, 12, '2019-11-10 16:17:46', 'POS 91', 1, '-1.000'),
(696, 66, 12, '2019-11-10 16:17:46', 'POS 91', 1, '-2.000'),
(697, 63, 12, '2019-11-10 16:17:46', 'POS 91', 1, '-1.000'),
(698, 132, 12, '2019-11-10 16:17:46', 'POS 91', 1, '-2.000'),
(699, 298, 4, '2019-11-10 16:38:48', 'Edición Manual de Cantidad', 1, '0.000'),
(700, 298, 4, '2019-11-10 16:39:09', 'Edición Manual de Cantidad', 1, '18.000'),
(701, 134, 12, '2019-11-10 16:56:52', 'POS 96', 1, '-1.000'),
(702, 112, 12, '2019-11-10 16:56:52', 'POS 96', 1, '-1.000'),
(703, 299, 4, '2019-11-10 17:17:20', 'Edición Manual de Cantidad', 1, '0.000'),
(704, 299, 4, '2019-11-10 17:19:36', 'RECV 235', 1, '8.000'),
(705, 300, 4, '2019-11-10 17:26:30', 'Edición Manual de Cantidad', 1, '0.000'),
(706, 300, 4, '2019-11-10 17:27:03', 'RECV 236', 1, '4.000'),
(707, 164, 12, '2019-11-10 17:28:39', 'POS 97', 1, '-1.000'),
(708, 301, 4, '2019-11-10 17:37:02', 'Edición Manual de Cantidad', 1, '0.000'),
(709, 301, 4, '2019-11-10 17:37:36', 'RECV 237', 1, '3.000'),
(710, 302, 4, '2019-11-10 18:13:21', 'Edición Manual de Cantidad', 1, '0.000'),
(711, 302, 4, '2019-11-10 18:13:57', 'RECV 238', 1, '4.000'),
(712, 303, 4, '2019-11-10 18:19:19', 'Edición Manual de Cantidad', 1, '0.000'),
(713, 86, 12, '2019-11-10 18:20:50', 'POS 98', 1, '-1.000'),
(714, 135, 12, '2019-11-10 18:20:50', 'POS 98', 1, '-1.000'),
(715, 303, 4, '2019-11-10 18:21:53', 'RECV 239', 1, '3.000'),
(716, 304, 4, '2019-11-10 18:37:22', 'Edición Manual de Cantidad', 1, '0.000'),
(717, 304, 4, '2019-11-10 18:37:59', 'RECV 240', 1, '3.000'),
(718, 305, 4, '2019-11-10 18:44:15', 'Edición Manual de Cantidad', 1, '0.000'),
(719, 305, 4, '2019-11-10 18:45:09', 'RECV 241', 1, '6.000'),
(720, 55, 12, '2019-11-10 18:50:30', 'POS 99', 1, '-1.000'),
(721, 306, 4, '2019-11-10 18:53:33', 'Edición Manual de Cantidad', 1, '0.000'),
(722, 306, 4, '2019-11-10 18:56:07', 'RECV 242', 1, '3.000'),
(723, 307, 4, '2019-11-10 19:14:48', 'Edición Manual de Cantidad', 1, '0.000'),
(724, 307, 4, '2019-11-10 19:15:37', 'Edición Manual de Cantidad', 1, '500.000'),
(725, 250, 12, '2019-11-10 19:17:01', 'POS 100', 1, '-1.000'),
(726, 255, 12, '2019-11-10 19:17:01', 'POS 100', 1, '-1.000'),
(727, 252, 12, '2019-11-10 19:17:01', 'POS 100', 1, '-1.000'),
(728, 307, 12, '2019-11-10 19:17:01', 'POS 100', 1, '-1.000'),
(729, 308, 4, '2019-11-10 20:04:02', 'Edición Manual de Cantidad', 1, '500.000'),
(730, 309, 4, '2019-11-10 20:10:33', 'Edición Manual de Cantidad', 1, '500.000'),
(731, 309, 12, '2019-11-10 20:15:32', 'POS 101', 1, '-3.000'),
(732, 310, 4, '2019-11-10 20:32:19', 'Edición Manual de Cantidad', 1, '0.000'),
(733, 311, 4, '2019-11-10 20:44:22', 'Edición Manual de Cantidad', 1, '0.000'),
(734, 311, 4, '2019-11-10 20:49:28', 'RECV 243', 1, '3.000'),
(735, 231, 12, '2019-11-10 20:54:30', 'POS 102', 1, '-1.000');
INSERT INTO `ospos_inventory` (`trans_id`, `trans_items`, `trans_user`, `trans_date`, `trans_comment`, `trans_location`, `trans_inventory`) VALUES
(736, 54, 12, '2019-11-10 20:54:30', 'POS 102', 1, '-1.000'),
(737, 130, 4, '2019-11-10 21:05:58', 'RECV 244', 1, '3.000'),
(738, 153, 4, '2019-11-10 21:12:53', 'Edición Manual de Cantidad', 1, '2.000'),
(739, 312, 4, '2019-11-10 21:14:11', 'Edición Manual de Cantidad', 1, '10.000'),
(740, 313, 4, '2019-11-10 21:21:18', 'Edición Manual de Cantidad', 1, '500.000'),
(741, 231, 12, '2019-11-10 21:22:39', 'POS 103', 1, '-1.000'),
(742, 178, 12, '2019-11-10 21:22:39', 'POS 103', 1, '-1.000'),
(743, 313, 12, '2019-11-10 21:22:39', 'POS 103', 1, '-1.000'),
(744, 314, 4, '2019-11-10 21:38:10', 'Edición Manual de Cantidad', 1, '0.000'),
(745, 314, 4, '2019-11-10 21:38:51', 'RECV 245', 1, '2.000'),
(746, 315, 4, '2019-11-10 21:43:43', 'Edición Manual de Cantidad', 1, '0.000'),
(747, 315, 4, '2019-11-10 21:44:17', 'RECV 246', 1, '3.000'),
(748, 316, 4, '2019-11-10 21:51:14', 'Edición Manual de Cantidad', 1, '0.000'),
(749, 316, 4, '2019-11-10 21:52:54', 'RECV 247', 1, '2.000'),
(750, 317, 4, '2019-11-10 22:00:39', 'Edición Manual de Cantidad', 1, '0.000'),
(751, 317, 4, '2019-11-10 22:02:06', 'RECV 248', 1, '1.000'),
(752, 317, 4, '2019-11-10 22:02:46', 'RECV 249', 1, '2.000'),
(753, 307, 12, '2019-11-10 22:11:19', 'POS 104', 1, '-1.000'),
(754, 229, 12, '2019-11-10 22:11:19', 'POS 104', 1, '-2.000'),
(755, 79, 12, '2019-11-10 22:11:19', 'POS 104', 1, '-4.000'),
(756, 318, 4, '2019-11-10 22:32:22', 'Edición Manual de Cantidad', 1, '0.000'),
(757, 318, 4, '2019-11-10 22:34:29', 'RECV 250', 1, '2.000'),
(758, 319, 4, '2019-11-10 22:40:43', 'Edición Manual de Cantidad', 1, '0.000'),
(759, 319, 4, '2019-11-10 22:42:00', 'RECV 251', 1, '2.000'),
(760, 320, 4, '2019-11-10 22:52:42', 'Edición Manual de Cantidad', 1, '0.000'),
(761, 320, 4, '2019-11-10 22:53:08', 'RECV 252', 1, '2.000'),
(762, 321, 4, '2019-11-10 22:57:00', 'Edición Manual de Cantidad', 1, '0.000'),
(763, 321, 4, '2019-11-10 22:58:47', 'RECV 253', 1, '3.000'),
(764, 129, 4, '2019-11-10 23:49:21', 'Edición Manual de Cantidad', 1, '3.000'),
(765, 131, 4, '2019-11-10 23:51:17', 'Edición Manual de Cantidad', 1, '3.000'),
(766, 322, 4, '2019-11-10 23:57:38', 'Edición Manual de Cantidad', 1, '0.000'),
(767, 322, 4, '2019-11-10 23:58:16', 'RECV 254', 1, '6.000'),
(768, 323, 4, '2019-11-11 00:00:46', 'Edición Manual de Cantidad', 1, '0.000'),
(769, 323, 4, '2019-11-11 00:01:30', 'RECV 255', 1, '12.000'),
(770, 148, 12, '2019-11-11 00:14:45', 'POS 105', 1, '-4.000'),
(771, 312, 12, '2019-11-11 00:14:45', 'POS 105', 1, '-1.000'),
(772, 89, 12, '2019-11-11 00:14:45', 'POS 105', 1, '-2.000'),
(773, 104, 12, '2019-11-11 00:17:12', 'POS 106', 1, '-1.000'),
(774, 324, 4, '2019-11-11 00:19:48', 'Edición Manual de Cantidad', 1, '0.000'),
(775, 324, 4, '2019-11-11 00:21:46', 'RECV 256', 1, '24.000'),
(776, 324, 12, '2019-11-11 00:47:17', 'POS 107', 1, '-1.000'),
(777, 91, 12, '2019-11-11 00:47:17', 'POS 107', 1, '-1.000'),
(778, 8, 12, '2019-11-11 00:50:53', 'POS 108', 1, '-1.000'),
(779, 325, 4, '2019-11-11 14:55:53', 'Edición Manual de Cantidad', 1, '0.000'),
(780, 325, 4, '2019-11-11 14:57:46', 'RECV 257', 1, '2.000'),
(781, 117, 12, '2019-11-11 16:33:47', 'POS 109', 1, '-1.000'),
(782, 257, 12, '2019-11-11 16:44:57', 'POS 110', 1, '-5.000'),
(783, 254, 12, '2019-11-11 16:44:57', 'POS 110', 1, '-2.000'),
(784, 326, 4, '2019-11-11 17:17:09', 'Edición Manual de Cantidad', 1, '500.000'),
(785, 326, 12, '2019-11-11 17:40:03', 'POS 111', 1, '-2.000'),
(786, 313, 12, '2019-11-11 17:40:03', 'POS 111', 1, '-1.000'),
(787, 327, 4, '2019-11-11 17:42:28', 'Edición Manual de Cantidad', 1, '0.000'),
(788, 327, 4, '2019-11-11 17:43:30', 'RECV 258', 1, '12.000'),
(789, 328, 4, '2019-11-11 17:47:11', 'Edición Manual de Cantidad', 1, '0.000'),
(790, 328, 4, '2019-11-11 17:49:07', 'RECV 259', 1, '12.000'),
(791, 329, 4, '2019-11-11 17:55:20', 'Edición Manual de Cantidad', 1, '0.000'),
(792, 329, 4, '2019-11-11 17:55:52', 'RECV 260', 1, '2.000'),
(793, 330, 4, '2019-11-11 18:59:01', 'Edición Manual de Cantidad', 1, '0.000'),
(794, 330, 4, '2019-11-11 19:00:52', 'RECV 261', 1, '4.000'),
(795, 136, 12, '2019-11-11 19:12:13', 'POS 112', 1, '-1.000'),
(796, 45, 12, '2019-11-11 19:12:13', 'POS 112', 1, '-3.000'),
(797, 186, 12, '2019-11-11 19:16:08', 'POS 113', 1, '-1.000'),
(798, 186, 12, '2019-11-11 19:44:00', 'POS 114', 1, '-3.000'),
(799, 51, 12, '2019-11-11 19:45:08', 'POS 115', 1, '-1.000'),
(800, 331, 4, '2019-11-11 19:45:49', 'Edición Manual de Cantidad', 1, '0.000'),
(801, 331, 4, '2019-11-11 19:46:17', 'RECV 262', 1, '2.000'),
(802, 332, 4, '2019-11-11 20:12:47', 'Edición Manual de Cantidad', 1, '0.000'),
(803, 332, 4, '2019-11-11 20:13:44', 'RECV 263', 1, '2.000'),
(804, 186, 12, '2019-11-11 20:52:51', 'POS 116', 1, '-1.000'),
(805, 53, 12, '2019-11-11 20:53:38', 'POS 117', 1, '-1.000'),
(806, 23, 12, '2019-11-11 22:02:48', 'POS 118', 1, '-1.000'),
(807, 333, 4, '2019-11-11 22:21:15', 'Edición Manual de Cantidad', 1, '0.000'),
(808, 333, 4, '2019-11-11 22:21:28', 'Edición Manual de Cantidad', 1, '500.000'),
(809, 186, 12, '2019-11-11 22:21:46', 'POS 119', 1, '-2.000'),
(810, 54, 12, '2019-11-11 22:21:46', 'POS 119', 1, '-1.000'),
(811, 333, 12, '2019-11-11 22:21:46', 'POS 119', 1, '-1.000'),
(812, 186, 12, '2019-11-11 22:23:25', 'POS 120', 1, '-1.000'),
(813, 51, 12, '2019-11-11 22:23:25', 'POS 120', 1, '-1.000'),
(814, 186, 12, '2019-11-11 22:23:51', 'POS 121', 1, '-1.000'),
(815, 186, 12, '2019-11-11 22:25:06', 'POS 122', 1, '-1.000'),
(816, 186, 12, '2019-11-11 22:25:54', 'POS 123', 1, '-1.000'),
(817, 25, 12, '2019-11-11 22:27:39', 'POS 124', 1, '-2.000'),
(818, 24, 12, '2019-11-11 22:27:39', 'POS 124', 1, '-2.000'),
(819, 137, 12, '2019-11-11 22:28:47', 'POS 125', 1, '-2.000'),
(820, 7, 12, '2019-11-11 22:28:47', 'POS 125', 1, '-1.000'),
(821, 139, 12, '2019-11-11 22:28:47', 'POS 125', 1, '-1.000'),
(822, 57, 12, '2019-11-11 22:40:20', 'POS 126', 1, '-4.000'),
(823, 135, 12, '2019-11-11 22:41:54', 'POS 127', 1, '-1.000'),
(824, 54, 12, '2019-11-11 22:43:03', 'POS 128', 1, '-1.000'),
(825, 69, 5, '2019-11-11 23:33:46', 'POS 129', 1, '-1.000'),
(826, 188, 5, '2019-11-11 23:37:52', 'POS 130', 1, '-1.000'),
(827, 186, 5, '2019-11-11 23:37:52', 'POS 130', 1, '-3.000'),
(828, 255, 5, '2019-11-11 23:37:52', 'POS 130', 1, '-2.000'),
(829, 55, 5, '2019-11-11 23:57:09', 'POS 132', 1, '-1.000'),
(830, 192, 5, '2019-11-11 23:57:09', 'POS 132', 1, '-1.000'),
(831, 137, 5, '2019-11-11 23:57:09', 'POS 132', 1, '-1.000'),
(832, 199, 5, '2019-11-12 00:01:18', 'POS 131', 1, '-1.000'),
(833, 252, 5, '2019-11-12 00:01:18', 'POS 131', 1, '-1.000'),
(834, 255, 5, '2019-11-12 00:01:18', 'POS 131', 1, '-1.000'),
(835, 197, 5, '2019-11-12 00:01:19', 'POS 131', 1, '-1.000'),
(836, 54, 5, '2019-11-12 00:01:19', 'POS 131', 1, '-1.000'),
(837, 309, 5, '2019-11-12 00:01:19', 'POS 131', 1, '-1.000'),
(838, 20, 5, '2019-11-12 00:14:08', 'POS 133', 1, '-1.000'),
(839, 192, 5, '2019-11-12 00:22:57', 'POS 135', 1, '-1.000'),
(840, 102, 5, '2019-11-12 00:22:57', 'POS 135', 1, '-2.000'),
(841, 334, 4, '2019-11-12 00:24:47', 'Edición Manual de Cantidad', 1, '500.000'),
(842, 309, 5, '2019-11-12 00:31:22', 'POS 134', 1, '-1.000'),
(843, 334, 5, '2019-11-12 00:31:22', 'POS 134', 1, '-2.000'),
(844, 183, 5, '2019-11-12 00:31:22', 'POS 134', 1, '-1.000'),
(845, 54, 5, '2019-11-12 00:31:22', 'POS 134', 1, '-1.000'),
(846, 286, 5, '2019-11-12 00:54:36', 'POS 136', 1, '-1.000'),
(847, 324, 5, '2019-11-12 00:54:36', 'POS 136', 1, '-1.000'),
(848, 267, 5, '2019-11-12 00:54:36', 'POS 136', 1, '-1.000'),
(849, 335, 4, '2019-11-12 01:23:26', 'Edición Manual de Cantidad', 1, '6.000'),
(850, 336, 4, '2019-11-12 01:25:40', 'Edición Manual de Cantidad', 1, '6.000'),
(851, 336, 5, '2019-11-12 01:26:27', 'POS 137', 1, '-1.000'),
(852, 337, 4, '2019-11-12 01:33:07', 'Edición Manual de Cantidad', 1, '500.000'),
(853, 337, 5, '2019-11-12 01:43:17', 'POS 138', 1, '-1.000'),
(854, 338, 4, '2019-11-12 02:30:13', 'Edición Manual de Cantidad', 1, '500.000'),
(855, 338, 5, '2019-11-12 02:33:32', 'POS 139', 1, '-1.000'),
(856, 2, 5, '2019-11-12 02:48:08', 'POS 140', 1, '-1.000'),
(857, 137, 5, '2019-11-12 02:48:08', 'POS 140', 1, '-1.000'),
(858, 163, 5, '2019-11-12 04:24:11', 'POS 141', 1, '-1.000'),
(859, 55, 5, '2019-11-12 04:24:11', 'POS 141', 1, '-1.000'),
(860, 90, 5, '2019-11-12 04:24:11', 'POS 141', 1, '-1.000'),
(861, 71, 5, '2019-11-12 04:24:11', 'POS 141', 1, '-1.000'),
(862, 43, 5, '2019-11-12 04:24:11', 'POS 141', 1, '-1.000'),
(863, 52, 5, '2019-11-12 04:24:11', 'POS 141', 1, '-1.000'),
(864, 138, 5, '2019-11-12 04:25:27', 'POS 142', 1, '-1.000'),
(865, 140, 5, '2019-11-12 04:25:27', 'POS 142', 1, '-1.000'),
(866, 137, 5, '2019-11-12 04:25:27', 'POS 142', 1, '-1.000'),
(867, 339, 4, '2019-11-12 05:00:41', 'Edición Manual de Cantidad', 1, '12.000'),
(868, 146, 5, '2019-11-12 05:09:15', 'POS 145', 1, '-1.000'),
(869, 286, 5, '2019-11-12 05:09:15', 'POS 145', 1, '-2.000'),
(870, 77, 5, '2019-11-12 05:10:39', 'POS 144', 1, '-2.000'),
(871, 79, 5, '2019-11-12 05:10:39', 'POS 144', 1, '-4.000'),
(872, 136, 5, '2019-11-12 05:10:39', 'POS 144', 1, '-1.000'),
(873, 340, 4, '2019-11-12 05:18:03', 'Edición Manual de Cantidad', 1, '30.000'),
(874, 43, 5, '2019-11-12 05:22:22', 'POS 143', 1, '-1.000'),
(875, 340, 5, '2019-11-12 05:22:22', 'POS 143', 1, '-1.000'),
(876, 341, 4, '2019-11-12 05:39:09', 'Edición Manual de Cantidad', 1, '500.000'),
(877, 135, 5, '2019-11-12 05:42:20', 'POS 146', 1, '-1.000'),
(878, 342, 4, '2019-11-12 05:46:29', 'Edición Manual de Cantidad', 1, '500.000'),
(879, 343, 4, '2019-11-12 05:52:08', 'Edición Manual de Cantidad', 1, '500.000'),
(880, 342, 5, '2019-11-12 05:54:57', 'POS 147', 1, '-1.000'),
(881, 341, 5, '2019-11-12 05:54:57', 'POS 147', 1, '-1.000'),
(882, 260, 5, '2019-11-12 05:54:57', 'POS 147', 1, '-5.000'),
(883, 343, 5, '2019-11-12 05:54:57', 'POS 147', 1, '-1.000'),
(884, 344, 4, '2019-11-12 07:24:19', 'Edición Manual de Cantidad', 1, '0.000'),
(885, 344, 4, '2019-11-12 07:33:04', 'RECV 264', 1, '2.000'),
(886, 125, 12, '2019-11-12 08:06:55', 'POS 148', 1, '-1.000'),
(887, 4, 12, '2019-11-12 08:06:55', 'POS 148', 1, '-1.000'),
(888, 18, 12, '2019-11-12 09:34:56', 'POS 149', 1, '-1.000'),
(889, 345, 4, '2019-11-12 09:49:20', 'Edición Manual de Cantidad', 1, '24.000'),
(890, 346, 4, '2019-11-12 10:07:59', 'Edición Manual de Cantidad', 1, '0.000'),
(891, 346, 4, '2019-11-12 10:08:14', 'RECV 265', 1, '18.000'),
(892, 42, 12, '2019-11-12 11:30:13', 'POS 150', 1, '-1.000'),
(893, 328, 12, '2019-11-12 12:24:49', 'POS 151', 1, '-1.000'),
(894, 326, 12, '2019-11-12 13:34:27', 'POS 152', 1, '-1.000'),
(895, 260, 12, '2019-11-12 13:34:27', 'POS 152', 1, '-1.000'),
(896, 347, 4, '2019-11-12 13:37:32', 'Edición Manual de Cantidad', 1, '8.000'),
(897, 347, 12, '2019-11-12 13:37:45', 'POS 153', 1, '-1.000'),
(898, 348, 4, '2019-11-12 14:42:36', 'Edición Manual de Cantidad', 1, '12.000'),
(899, 186, 5, '2019-11-12 14:44:52', 'POS 154', 1, '-1.000'),
(900, 68, 5, '2019-11-12 15:55:22', 'POS 155', 1, '-2.000'),
(901, 29, 5, '2019-11-12 15:55:22', 'POS 155', 1, '-1.000'),
(902, 287, 5, '2019-11-12 15:55:22', 'POS 155', 1, '-1.000'),
(903, 35, 5, '2019-11-12 15:55:22', 'POS 155', 1, '-1.000'),
(904, 184, 5, '2019-11-12 15:55:22', 'POS 155', 1, '-1.000'),
(905, 92, 5, '2019-11-12 15:55:22', 'POS 155', 1, '-1.000'),
(906, 27, 5, '2019-11-12 15:55:22', 'POS 155', 1, '-1.000'),
(907, 89, 5, '2019-11-12 15:55:22', 'POS 155', 1, '-1.000'),
(908, 171, 5, '2019-11-12 15:55:22', 'POS 155', 1, '-1.000'),
(909, 324, 5, '2019-11-12 15:55:22', 'POS 155', 1, '-1.000'),
(910, 298, 5, '2019-11-12 16:05:12', 'POS 156', 1, '-2.000'),
(911, 158, 5, '2019-11-12 16:50:10', 'POS 157', 1, '-1.000'),
(912, 171, 5, '2019-11-12 16:50:10', 'POS 157', 1, '-1.000'),
(913, 5, 5, '2019-11-12 16:50:10', 'POS 157', 1, '-1.000'),
(914, 349, 4, '2019-11-12 17:00:19', 'Edición Manual de Cantidad', 1, '12.000'),
(915, 298, 5, '2019-11-12 17:03:56', 'POS 158', 1, '-1.000'),
(916, 102, 5, '2019-11-12 17:03:56', 'POS 158', 1, '-1.000'),
(917, 349, 5, '2019-11-12 17:03:56', 'POS 158', 1, '-1.000'),
(918, 57, 5, '2019-11-12 17:10:02', 'POS 159', 1, '-1.000'),
(919, 179, 5, '2019-11-12 17:17:34', 'POS 160', 1, '-1.000'),
(920, 167, 4, '2019-11-12 17:35:57', 'Edición Manual de Cantidad', 1, '6.000'),
(921, 23, 5, '2019-11-12 17:55:46', 'POS 161', 1, '-1.000'),
(922, 350, 4, '2019-11-12 17:56:27', 'Edición Manual de Cantidad', 1, '12.000'),
(923, 43, 4, '2019-11-12 18:00:06', 'Edición Manual de Cantidad', 1, '12.000'),
(924, 90, 5, '2019-11-12 18:02:45', 'POS 162', 1, '-1.000'),
(925, 165, 4, '2019-11-12 18:10:05', 'Edición Manual de Cantidad', 1, '12.000'),
(926, 351, 4, '2019-11-12 18:23:25', 'Edición Manual de Cantidad', 1, '12.000'),
(927, 26, 5, '2019-11-12 18:38:20', 'POS 163', 1, '-2.000'),
(928, 186, 5, '2019-11-12 18:53:44', 'POS 164', 1, '-1.000'),
(929, 186, 5, '2019-11-12 18:58:49', 'POS 165', 1, '-1.000'),
(930, 352, 4, '2019-11-12 19:09:06', 'Edición Manual de Cantidad', 1, '6.000'),
(931, 352, 4, '2019-11-12 19:10:06', 'Edición Manual de Cantidad', 1, '6.000'),
(932, 55, 5, '2019-11-12 19:59:11', 'POS 166', 1, '-2.000'),
(933, 55, 5, '2019-11-12 20:24:30', 'POS 168', 1, '-1.000'),
(934, 186, 5, '2019-11-12 20:25:30', 'POS 167', 1, '-2.000'),
(935, 179, 5, '2019-11-12 20:25:30', 'POS 167', 1, '-2.000'),
(936, 186, 5, '2019-11-12 20:40:17', 'POS 169', 1, '-2.000'),
(937, 324, 5, '2019-11-12 20:45:55', 'POS 170', 1, '-1.000'),
(938, 119, 5, '2019-11-12 20:45:55', 'POS 170', 1, '-1.000'),
(939, 353, 4, '2019-11-12 20:52:13', 'Edición Manual de Cantidad', 1, '500.000'),
(940, 188, 5, '2019-11-12 20:54:43', 'POS 171', 1, '-1.000'),
(941, 186, 5, '2019-11-12 20:54:43', 'POS 171', 1, '-1.000'),
(942, 353, 5, '2019-11-12 20:54:43', 'POS 171', 1, '-1.000'),
(943, 84, 5, '2019-11-12 21:17:55', 'POS 174', 1, '-1.000'),
(944, 115, 5, '2019-11-12 21:18:40', 'POS 172', 1, '-1.000'),
(945, 21, 5, '2019-11-12 21:20:17', 'POS 175', 1, '-1.000'),
(946, 148, 5, '2019-11-12 21:20:17', 'POS 175', 1, '-2.000'),
(947, 186, 5, '2019-11-12 21:21:05', 'POS 176', 1, '-2.000'),
(948, 354, 4, '2019-11-12 21:28:05', 'Edición Manual de Cantidad', 1, '500.000'),
(949, 257, 5, '2019-11-12 21:31:01', 'POS 177', 1, '-1.000'),
(950, 51, 5, '2019-11-12 21:31:01', 'POS 177', 1, '-1.000'),
(951, 354, 5, '2019-11-12 21:31:01', 'POS 177', 1, '-1.000'),
(952, 125, 5, '2019-11-12 22:18:10', 'POS 179', 1, '-1.000'),
(953, 186, 5, '2019-11-12 22:32:35', 'POS 180', 1, '-1.000'),
(954, 54, 5, '2019-11-12 23:08:40', 'POS 181', 1, '-2.000'),
(955, 56, 5, '2019-11-12 23:12:32', 'POS 182', 1, '-1.000'),
(956, 55, 5, '2019-11-12 23:12:32', 'POS 182', 1, '-1.000'),
(957, 34, 5, '2019-11-13 00:39:12', 'POS 184', 1, '-4.000'),
(958, 148, 5, '2019-11-13 00:39:12', 'POS 184', 1, '-1.000'),
(959, 125, 5, '2019-11-13 01:42:33', 'POS 183', 1, '-1.000'),
(960, 262, 5, '2019-11-13 01:45:56', 'POS 185', 1, '-1.000'),
(961, 112, 5, '2019-11-13 01:45:56', 'POS 185', 1, '-1.000'),
(962, 48, 5, '2019-11-13 01:49:09', 'POS 186', 1, '-1.000'),
(963, 297, 5, '2019-11-13 01:49:09', 'POS 186', 1, '-1.000'),
(964, 106, 5, '2019-11-13 01:50:55', 'POS 187', 1, '-2.000'),
(965, 33, 5, '2019-11-13 01:50:55', 'POS 187', 1, '-2.000'),
(966, 295, 5, '2019-11-13 01:52:49', 'POS 188', 1, '-4.000'),
(967, 54, 5, '2019-11-13 01:52:49', 'POS 188', 1, '-1.000'),
(968, 252, 5, '2019-11-13 01:58:37', 'POS 189', 1, '-1.000'),
(969, 52, 5, '2019-11-13 01:58:37', 'POS 189', 1, '-1.000'),
(970, 354, 5, '2019-11-13 02:04:20', 'POS 190', 1, '-1.000'),
(971, 179, 5, '2019-11-13 02:04:20', 'POS 190', 1, '-2.000'),
(972, 355, 4, '2019-11-13 03:12:23', 'Edición Manual de Cantidad', 1, '0.000'),
(973, 355, 4, '2019-11-13 03:12:57', 'Edición Manual de Cantidad', 1, '500.000'),
(974, 356, 4, '2019-11-13 03:16:54', 'Edición Manual de Cantidad', 1, '0.000'),
(975, 357, 4, '2019-11-13 03:24:02', 'Edición Manual de Cantidad', 1, '0.000'),
(976, 358, 4, '2019-11-13 03:28:38', 'Edición Manual de Cantidad', 1, '0.000'),
(977, 359, 4, '2019-11-13 03:41:26', 'Edición Manual de Cantidad', 1, '0.000'),
(978, 360, 4, '2019-11-13 03:50:24', 'Edición Manual de Cantidad', 1, '0.000'),
(979, 361, 4, '2019-11-13 03:54:04', 'Edición Manual de Cantidad', 1, '100.000'),
(980, 362, 4, '2019-11-13 04:05:21', 'Edición Manual de Cantidad', 1, '0.000'),
(981, 363, 4, '2019-11-13 06:51:48', 'Edición Manual de Cantidad', 1, '0.000'),
(982, 41, 12, '2019-11-13 07:38:28', 'POS 191', 1, '-1.000'),
(983, 6, 12, '2019-11-13 07:38:28', 'POS 191', 1, '-1.000'),
(984, 347, 12, '2019-11-13 07:38:28', 'POS 191', 1, '-1.000'),
(985, 138, 12, '2019-11-13 07:43:52', 'POS 192', 1, '-2.000'),
(986, 8, 12, '2019-11-13 07:43:52', 'POS 192', 1, '-2.000'),
(987, 20, 12, '2019-11-13 07:43:52', 'POS 192', 1, '-2.000'),
(988, 279, 12, '2019-11-13 07:43:52', 'POS 192', 1, '-1.000'),
(989, 109, 12, '2019-11-13 07:43:52', 'POS 192', 1, '-1.000'),
(990, 54, 12, '2019-11-13 07:52:45', 'POS 193', 1, '-2.000'),
(991, 192, 12, '2019-11-13 07:52:45', 'POS 193', 1, '-2.000'),
(992, 137, 12, '2019-11-13 07:52:45', 'POS 193', 1, '-2.000'),
(993, 142, 12, '2019-11-13 07:52:45', 'POS 193', 1, '-3.000'),
(994, 135, 12, '2019-11-13 07:52:45', 'POS 193', 1, '-2.000'),
(995, 361, 12, '2019-11-13 07:52:45', 'POS 193', 1, '-2.000'),
(996, 189, 4, '2019-11-13 07:55:16', 'Edición Manual de Cantidad', 1, '1.000'),
(997, 42, 12, '2019-11-13 08:00:25', 'POS 194', 1, '-2.000'),
(998, 55, 12, '2019-11-13 08:00:25', 'POS 194', 1, '-2.000'),
(999, 137, 12, '2019-11-13 08:00:25', 'POS 194', 1, '-1.000'),
(1000, 52, 12, '2019-11-13 08:00:25', 'POS 194', 1, '-1.000'),
(1001, 54, 12, '2019-11-13 08:00:25', 'POS 194', 1, '-1.000'),
(1002, 45, 12, '2019-11-13 08:00:25', 'POS 194', 1, '-1.000'),
(1003, 364, 4, '2019-11-13 08:25:52', 'Edición Manual de Cantidad', 1, '5.000'),
(1004, 364, 12, '2019-11-13 08:26:11', 'POS 195', 1, '-1.000'),
(1005, 355, 12, '2019-11-13 08:29:00', 'POS 196', 1, '-1.000'),
(1006, 260, 12, '2019-11-13 08:29:00', 'POS 196', 1, '-1.000'),
(1007, 326, 12, '2019-11-13 08:30:27', 'POS 197', 1, '-2.000'),
(1008, 77, 12, '2019-11-13 08:30:27', 'POS 197', 1, '-2.000'),
(1009, 260, 12, '2019-11-13 08:30:27', 'POS 197', 1, '-2.000'),
(1010, 77, 12, '2019-11-13 08:30:54', 'POS 198', 1, '-1.000'),
(1011, 297, 12, '2019-11-13 08:31:55', 'POS 199', 1, '-1.000'),
(1012, 261, 12, '2019-11-13 08:31:55', 'POS 199', 1, '-1.000'),
(1013, 260, 12, '2019-11-13 08:31:55', 'POS 199', 1, '-2.000'),
(1014, 55, 12, '2019-11-13 08:33:03', 'POS 200', 1, '-3.000'),
(1015, 282, 12, '2019-11-13 08:33:03', 'POS 200', 1, '-1.000'),
(1016, 356, 4, '2019-11-13 09:35:42', 'RECV 266', 1, '18.000'),
(1017, 357, 4, '2019-11-13 09:36:09', 'RECV 267', 1, '6.000'),
(1018, 358, 4, '2019-11-13 09:36:53', 'RECV 268', 1, '12.000'),
(1019, 359, 4, '2019-11-13 09:37:17', 'RECV 269', 1, '12.000'),
(1020, 360, 4, '2019-11-13 09:37:43', 'RECV 270', 1, '100.000'),
(1021, 361, 4, '2019-11-13 09:38:24', 'RECV 271', 1, '100.000'),
(1022, 362, 4, '2019-11-13 09:39:48', 'RECV 272', 1, '3.000'),
(1023, 361, 12, '2019-11-13 12:07:54', 'POS 201', 1, '-1.000'),
(1024, 22, 12, '2019-11-13 13:07:30', 'POS 202', 1, '-1.000'),
(1025, 86, 12, '2019-11-13 13:57:30', 'POS 203', 1, '-1.000'),
(1026, 365, 4, '2019-11-13 14:30:23', 'Edición Manual de Cantidad', 1, '500.000'),
(1027, 366, 4, '2019-11-13 14:40:33', 'Edición Manual de Cantidad', 1, '500.000'),
(1028, 87, 5, '2019-11-13 15:10:29', 'POS 205', 1, '-1.000'),
(1029, 286, 5, '2019-11-13 15:10:29', 'POS 205', 1, '-1.000'),
(1030, 71, 5, '2019-11-13 15:17:41', 'POS 207', 1, '-1.000'),
(1031, 346, 5, '2019-11-13 15:17:41', 'POS 207', 1, '-1.000'),
(1032, 138, 5, '2019-11-13 15:17:41', 'POS 207', 1, '-1.000'),
(1033, 365, 5, '2019-11-13 15:20:58', 'POS 206', 1, '-2.000'),
(1034, 193, 5, '2019-11-13 15:20:58', 'POS 206', 1, '-3.000'),
(1035, 242, 5, '2019-11-13 15:20:58', 'POS 206', 1, '-4.000'),
(1036, 183, 5, '2019-11-13 15:20:58', 'POS 206', 1, '-2.000'),
(1037, 366, 5, '2019-11-13 15:20:58', 'POS 206', 1, '-2.000'),
(1038, 295, 5, '2019-11-13 15:20:58', 'POS 206', 1, '-4.000'),
(1039, 78, 5, '2019-11-13 15:20:58', 'POS 206', 1, '-2.000'),
(1040, 241, 5, '2019-11-13 15:20:58', 'POS 206', 1, '-1.000'),
(1041, 79, 5, '2019-11-13 15:20:58', 'POS 206', 1, '-1.000'),
(1042, 367, 4, '2019-11-13 16:17:11', 'Edición Manual de Cantidad', 1, '500.000'),
(1043, 132, 5, '2019-11-13 16:23:56', 'POS 208', 1, '-1.000'),
(1044, 367, 5, '2019-11-13 16:40:03', 'POS 210', 1, '-1.000'),
(1045, 326, 5, '2019-11-13 16:40:03', 'POS 210', 1, '-1.000'),
(1046, 338, 5, '2019-11-13 16:40:03', 'POS 210', 1, '-2.000'),
(1047, 179, 5, '2019-11-13 16:40:04', 'POS 210', 1, '-2.000'),
(1048, 192, 5, '2019-11-13 16:40:04', 'POS 210', 1, '-1.000'),
(1049, 62, 5, '2019-11-13 16:56:53', 'POS 211', 1, '-1.000'),
(1050, 132, 5, '2019-11-13 16:56:53', 'POS 211', 1, '-1.000'),
(1051, 156, 5, '2019-11-13 16:56:53', 'POS 211', 1, '-1.000'),
(1052, 264, 5, '2019-11-13 16:56:53', 'POS 211', 1, '-1.000'),
(1053, 368, 4, '2019-11-13 17:05:56', 'Edición Manual de Cantidad', 1, '1.000'),
(1054, 179, 5, '2019-11-13 17:22:28', 'POS 212', 1, '-1.000'),
(1055, 266, 5, '2019-11-13 17:24:15', 'POS 213', 1, '-1.000'),
(1056, 139, 5, '2019-11-13 17:28:30', 'POS 214', 1, '-1.000'),
(1057, 52, 5, '2019-11-13 17:47:42', 'POS 215', 1, '-1.000'),
(1058, 167, 5, '2019-11-13 17:47:42', 'POS 215', 1, '-1.000'),
(1059, 118, 5, '2019-11-13 17:47:42', 'POS 215', 1, '-1.000'),
(1060, 369, 4, '2019-11-13 17:50:52', 'Edición Manual de Cantidad', 1, '1.000'),
(1061, 152, 5, '2019-11-13 18:08:00', 'POS 216', 1, '-1.000'),
(1062, 115, 5, '2019-11-13 18:08:00', 'POS 216', 1, '-1.000'),
(1063, 20, 5, '2019-11-13 18:37:26', 'POS 217', 1, '-1.000'),
(1064, 186, 5, '2019-11-13 18:41:36', 'POS 218', 1, '-1.000'),
(1065, 126, 5, '2019-11-13 19:46:41', 'POS 219', 1, '-1.000'),
(1066, 112, 5, '2019-11-13 19:46:41', 'POS 219', 1, '-1.000'),
(1067, 54, 5, '2019-11-13 19:48:07', 'POS 220', 1, '-1.000'),
(1068, 125, 5, '2019-11-13 19:48:07', 'POS 220', 1, '-1.000'),
(1069, 46, 5, '2019-11-13 20:09:30', 'POS 221', 1, '-1.000'),
(1070, 162, 5, '2019-11-13 20:38:38', 'POS 222', 1, '-1.000'),
(1071, 26, 5, '2019-11-13 20:38:38', 'POS 222', 1, '-1.000'),
(1072, 370, 4, '2019-11-13 21:18:36', 'Edición Manual de Cantidad', 1, '15.000');

-- --------------------------------------------------------

--
-- Estructura de tabla para la tabla `ospos_items`
--

DROP TABLE IF EXISTS `ospos_items`;
CREATE TABLE `ospos_items` (
  `name` varchar(255) NOT NULL,
  `category` varchar(255) NOT NULL,
  `supplier_id` int(11) DEFAULT NULL,
  `item_number` varchar(255) DEFAULT NULL,
  `description` varchar(255) NOT NULL,
  `cost_price` decimal(15,2) NOT NULL,
  `unit_price` decimal(15,2) NOT NULL,
  `reorder_level` decimal(15,3) NOT NULL DEFAULT '0.000',
  `receiving_quantity` decimal(15,3) NOT NULL DEFAULT '1.000',
  `item_id` int(10) NOT NULL,
  `pic_filename` varchar(255) DEFAULT NULL,
  `allow_alt_description` tinyint(1) NOT NULL,
  `is_serialized` tinyint(1) NOT NULL,
  `stock_type` tinyint(2) NOT NULL DEFAULT '0',
  `item_type` tinyint(2) NOT NULL DEFAULT '0',
  `deleted` int(1) NOT NULL DEFAULT '0',
  `tax_category_id` int(10) DEFAULT NULL,
  `qty_per_pack` decimal(15,3) NOT NULL DEFAULT '1.000',
  `pack_name` varchar(8) DEFAULT 'Each',
  `low_sell_item_id` int(10) DEFAULT '0',
  `hsn_code` varchar(32) NOT NULL DEFAULT ''
) ENGINE=InnoDB DEFAULT CHARSET=utf8;

--
-- Volcado de datos para la tabla `ospos_items`
--

INSERT INTO `ospos_items` (`name`, `category`, `supplier_id`, `item_number`, `description`, `cost_price`, `unit_price`, `reorder_level`, `receiving_quantity`, `item_id`, `pic_filename`, `allow_alt_description`, `is_serialized`, `stock_type`, `item_type`, `deleted`, `tax_category_id`, `qty_per_pack`, `pack_name`, `low_sell_item_id`, `hsn_code`) VALUES
('TORTEES PICANTE', 'SNAK\'S', 8, '7758574001710', '', '1.00', '1.44', '5.000', '1.000', 1, NULL, 0, 0, 0, 0, 0, 0, '1.000', 'items_de', 1, ''),
('PIQUEO SNAX PICANTE', 'SNAK\'S', 8, '7758574001901', '', '1.01', '1.44', '5.000', '1.000', 2, NULL, 0, 0, 0, 0, 0, 0, '1.000', 'items_de', 2, ''),
('CHEESETRIS SABOR A QUESO', 'SNAK\'S', 8, '7758574001864', '', '0.84', '1.44', '5.000', '1.000', 3, NULL, 0, 0, 0, 0, 0, 0, '1.000', 'items_de', 3, ''),
('CHEETOS  PICANTES', 'SNAK\'S', 8, '7758574001642', '', '0.84', '1.44', '5.000', '1.000', 4, NULL, 0, 0, 0, 0, 0, 0, '1.000', 'items_de', 4, ''),
('MANI SALADO', 'SNAK\'S', 8, '7758574001550', '', '0.85', '1.27', '5.000', '1.000', 5, NULL, 0, 0, 0, 0, 0, 0, '1.000', 'items_de', 5, ''),
('CUATES PICANTES', 'SNAK\'S', 8, '7758574001512', '', '0.84', '1.27', '5.000', '1.000', 6, NULL, 0, 0, 0, 0, 0, 0, '1.000', 'items_de', 6, ''),
('TORTEES CLASICO', 'SNAK\'S', 8, '7758574001703', '', '1.01', '1.44', '5.000', '1.000', 7, NULL, 0, 0, 0, 0, 0, 0, '1.000', 'items_de', 7, ''),
('PIQUEO SNAX ORIGINAL', 'SNAK\'S', 8, '7758574002045', '', '1.01', '1.44', '5.000', '1.000', 8, NULL, 0, 0, 0, 0, 0, 0, '1.000', 'items_de', 8, ''),
('LAY\'S CLASICAS', 'SNAK\'S', 8, '7758574001871', '', '0.84', '1.44', '5.000', '1.000', 9, NULL, 0, 0, 0, 0, 0, 0, '1.000', 'items_de', 9, ''),
('DORITOS QUESO ATREVIDO', 'SNAK\'S', 8, '7758574001932', '', '2.02', '1.44', '1.000', '1.000', 10, NULL, 0, 0, 0, 0, 0, 0, '1.000', 'items_de', 10, ''),
('DORITOS QUESO FUEGO', 'SNAK\'S', 8, '7752025007382', '', '2.02', '1.44', '5.000', '1.000', 11, NULL, 0, 0, 0, 0, 0, 0, '1.000', 'items_de', 11, ''),
('DORITOS RULETA', 'SNAK\'S', 8, '7752025008587', '', '2.02', '1.44', '5.000', '1.000', 12, NULL, 0, 0, 0, 0, 0, 0, '1.000', 'items_de', 12, ''),
('CRACKELET JAMON AHUMADO', 'GALLETAS', 9, '7750885017305', '', '0.77', '1.44', '1.000', '1.000', 13, NULL, 0, 0, 0, 0, 0, 0, '1.000', 'items_de', 13, ''),
('GALLETA QUAKER GRANOLA', 'GALLETAS', 8, '7702189053473', '', '0.85', '1.27', '5.000', '1.000', 14, NULL, 0, 0, 0, 0, 0, 0, '1.000', 'items_de', 14, ''),
('GALLETAS CHOKIS CLASICA', 'GALLETAS', 8, '7702189053558', '', '0.85', '1.27', '5.000', '1.000', 15, NULL, 0, 0, 0, 0, 0, 0, '1.000', 'items_de', 15, ''),
('CHIFLES', 'SNAK\'S', 8, '7752025008839', '', '0.85', '1.27', '5.000', '1.000', 16, NULL, 0, 0, 0, 0, 0, 0, '1.000', 'items_de', 16, ''),
('LAY\'S CLASICAS', 'SNAK\'S', NULL, '7758574002090', '', '4.58', '5.08', '5.000', '1.000', 17, NULL, 0, 0, 0, 0, 0, 0, '1.000', 'items_de', 17, ''),
('CHEETOS HORNEADOS MEGA QUESO', 'SNAK\'S', 8, '7758574000836', '', '0.84', '1.44', '5.000', '1.000', 18, NULL, 0, 0, 0, 0, 0, 0, '1.000', 'items_de', 18, ''),
('GALLETAS PICARAS CHOCOLATE', 'GALLETAS', 9, '7752748005924', '', '0.65', '0.85', '5.000', '1.000', 19, NULL, 0, 0, 0, 0, 0, 0, '1.000', 'items_de', 19, ''),
('OREO CHOCOLATE', 'GALLETAS', 9, '7750168002240', '', '0.48', '0.85', '5.000', '1.000', 20, NULL, 0, 0, 0, 0, 0, 0, '1.000', 'items_de', 20, ''),
('OREO ORIGINAL', 'GALLETAS', 9, '7590011251100', '', '0.48', '0.85', '5.000', '1.000', 21, NULL, 0, 0, 0, 0, 0, 0, '1.000', 'items_de', 21, ''),
('GALLETA FIELD VAINILLA', 'GALLETAS', 9, '7622300279783', '', '0.41', '0.68', '5.000', '1.000', 22, NULL, 0, 0, 0, 0, 0, 0, '1.000', 'items_de', 22, ''),
('GALLETAS RITZ ', 'GALLETAS', 9, '7622300116521', '', '0.40', '0.85', '5.000', '1.000', 23, NULL, 0, 0, 0, 0, 0, 0, '1.000', 'items_de', 23, ''),
('CHOCOLATE CUA CUA', 'GALLETAS', 9, '7750168799584', '', '0.47', '0.68', '5.000', '1.000', 24, NULL, 0, 0, 0, 0, 0, 0, '1.000', 'items_de', 24, ''),
('CHOCOLATE DOÑA PEPA', 'GALLETAS', 9, '7622300095888', '', '0.47', '0.68', '5.000', '1.000', 25, NULL, 0, 0, 0, 0, 0, 0, '1.000', 'items_de', 25, ''),
('WAFER NIK CHOCOLATE', 'GALLETAS', 9, '7750885434614', '', '0.34', '0.85', '5.000', '1.000', 26, NULL, 0, 0, 0, 0, 0, 0, '1.000', 'items_de', 26, ''),
('BIZCOCHO CHOCMAN', 'GALLETAS', 9, '7750885438759', '', '0.34', '0.85', '5.000', '1.000', 27, NULL, 0, 0, 0, 0, 0, 0, '1.000', 'items_de', 27, ''),
('GALLETA SODA FIELD', 'GALLETAS', 9, '7622300513917', '', '0.33', '0.68', '5.000', '1.000', 28, NULL, 0, 0, 0, 0, 0, 0, '1.000', 'items_de', 28, ''),
('GALLETAS FITNESS INTEGRAL', 'GALLETAS', 9, '7702024059158', '', '0.55', '0.85', '5.000', '1.000', 29, NULL, 0, 0, 0, 0, 0, 0, '1.000', 'items_de', 29, ''),
('GALLETA PICARAS MINI', 'GALLETAS', 9, '7752748008222', '', '0.91', '1.27', '5.000', '1.000', 30, NULL, 0, 0, 0, 0, 0, 0, '1.000', 'items_de', 30, ''),
('WAFER NIK FRESA', 'GALLETAS', 9, '7750885434607', '', '0.79', '1.27', '5.000', '1.000', 31, NULL, 0, 0, 0, 0, 0, 0, '1.000', 'items_de', 31, ''),
('GALLETA GRAN CEREAL MANZANA', 'GALLETAS', 9, '7750885012379', '', '0.50', '0.85', '5.000', '1.000', 32, NULL, 0, 0, 0, 0, 0, 0, '1.000', 'items_de', 32, ''),
('GALLETA MARGARITA SAYON', 'GALLETAS', 9, '7750243053037', '', '0.42', '0.85', '5.000', '1.000', 33, NULL, 0, 0, 0, 0, 0, 0, '1.000', 'items_de', 33, ''),
('GALLETA CHIN CHIN CHOCOFORMAS', 'GALLETAS', 9, '7752748009168', '', '0.51', '0.85', '5.000', '1.000', 34, NULL, 0, 0, 0, 0, 0, 0, '1.000', 'items_de', 34, ''),
('GALLETA INCA SUR QUINUA Y AJONJOLI', 'GALLETAS', 9, '7750960004473', '', '0.43', '0.85', '5.000', '1.000', 35, NULL, 0, 0, 0, 0, 0, 0, '1.000', 'items_de', 35, ''),
('GALLETA OREO COOKIES&CREAM', 'GALLETAS', 9, '7702133006661', '', '0.48', '0.85', '5.000', '1.000', 36, NULL, 0, 0, 0, 0, 0, 0, '1.000', 'items_de', 36, ''),
('PEPSI DE 355 ml', 'BEBIDAS', 9, '7751580000715', '', '0.90', '2.12', '5.000', '1.000', 37, NULL, 0, 0, 0, 0, 0, 0, '1.000', 'items_de', 37, ''),
('CONCORDIA FRESA 500 ml', 'BEBIDAS', 9, '7751912000109', '', '0.99', '2.12', '5.000', '1.000', 38, NULL, 0, 0, 0, 0, 0, 0, '1.000', 'items_de', 38, ''),
('TRIPLE KOLA 500 ml', 'BEBIDAS', 9, '7751912117753', '', '0.83', '2.12', '5.000', '1.000', 39, NULL, 0, 0, 0, 0, 0, 0, '1.000', 'items_de', 39, ''),
('GUARANA 450 ml', 'BEBIDAS', 9, '7753749003186', '', '1.29', '2.54', '5.000', '1.000', 40, NULL, 0, 0, 0, 0, 0, 0, '1.000', 'items_de', 40, ''),
('CIFRUT CITRUS PUNCH NARANJA LIMON', 'BEBIDAS', 9, '7750670014625', '', '0.76', '1.69', '5.000', '1.000', 41, NULL, 0, 0, 0, 0, 0, 0, '1.000', 'items_de', 41, ''),
('VOLT GINSENG', 'BEBIDAS', 9, '7750670012218', '', '1.37', '2.12', '5.000', '1.000', 42, NULL, 0, 0, 0, 0, 0, 0, '1.000', 'items_de', 42, ''),
('VOLT MACA', 'BEBIDAS', 9, '7750670013154', '', '1.37', '2.12', '5.000', '1.000', 43, NULL, 0, 0, 0, 0, 0, 0, '1.000', 'items_de', 43, ''),
('VOLT COCA', 'BEBIDAS', 9, '7750670014045', '', '1.37', '2.12', '5.000', '1.000', 44, NULL, 0, 0, 0, 0, 0, 0, '1.000', 'items_de', 44, ''),
('SPORADE TROPICAL', 'BEBIDAS', 9, '7750670010238', '', '1.50', '2.12', '5.000', '1.000', 45, NULL, 0, 0, 0, 0, 0, 0, '1.000', 'items_de', 45, ''),
('SPORADE BLUEBERRY', 'BEBIDAS', 9, '7750670004329', '', '1.50', '2.12', '5.000', '1.000', 46, NULL, 0, 0, 0, 0, 0, 0, '1.000', 'items_de', 46, ''),
('FANTA NARANJA', 'BEBIDAS', 9, '7750182004374', '', '1.33', '2.54', '5.000', '1.000', 47, NULL, 0, 0, 0, 0, 0, 0, '1.000', 'items_de', 47, ''),
('TAMPICO CITRUS PUNCH', 'BEBIDAS', 9, '095188441035', '', '1.48', '2.12', '5.000', '1.000', 48, NULL, 0, 0, 0, 0, 0, 0, '1.000', 'items_de', 48, ''),
('SEVEN UP 500 ml', 'BEBIDAS', 9, '7751912148467', '', '1.20', '2.54', '5.000', '1.000', 49, NULL, 0, 0, 0, 0, 0, 0, '1.000', 'items_de', 49, ''),
('FRUGOS DEL VALLE FRESH', 'BEBIDAS', 9, '7750182005982', '', '0.92', '2.12', '5.000', '1.000', 50, NULL, 0, 0, 0, 0, 0, 0, '1.000', 'items_de', 50, ''),
('INCA KOLA', 'BEBIDAS', 9, '7750236173896', '', '1.75', '2.54', '5.000', '1.000', 51, NULL, 0, 0, 0, 0, 0, 0, '1.000', 'items_de', 51, ''),
('COCA COLA ORIGINAL 500 ml', 'BEBIDAS', 9, '7750182155656', '', '1.75', '2.54', '5.000', '1.000', 52, NULL, 0, 0, 0, 0, 0, 0, '1.000', 'items_de', 52, ''),
('H2OH LIMONETO', 'BEBIDAS', 9, '7758282000098', '', '1.10', '2.12', '5.000', '1.000', 53, NULL, 0, 0, 0, 0, 0, 0, '1.000', 'items_de', 53, ''),
('SAN LUIS SIN GAS', 'BEBIDAS', 9, '7750182001205', '', '1.14', '1.69', '5.000', '1.000', 54, NULL, 0, 0, 0, 0, 0, 0, '1.000', 'items_de', 54, ''),
('SAN CARLOS SIN GAS 625 ml', 'BEBIDAS', 9, '7751580001118', '', '0.58', '1.27', '0.000', '1.000', 55, NULL, 0, 0, 0, 0, 0, 0, '1.000', 'items_de', 55, ''),
('GATORADE TROPICAL ', 'BEBIDAS', 9, '7751655000251', '', '1.54', '2.54', '5.000', '1.000', 56, NULL, 0, 0, 0, 0, 0, 0, '1.000', 'items_de', 56, ''),
('SPORADE TROPICAL ', 'BEBIDAS', 9, '7750670000369', '', '1.50', '2.97', '5.000', '1.000', 57, NULL, 0, 0, 0, 0, 0, 0, '1.000', 'items_de', 57, ''),
('GLORIA NARANJA', 'BEBIDAS', 9, '7751271025829', '', '1.00', '1.27', '5.000', '1.000', 58, NULL, 0, 0, 0, 0, 0, 0, '1.000', 'items_de', 58, ''),
('GLORIA PIÑA', 'BEBIDAS', 9, '7751271025751', '', '2.69', '5.08', '5.000', '1.000', 59, NULL, 0, 0, 0, 0, 0, 0, '1.000', 'items_de', 59, ''),
('FRUGOS DEL VALLE NARANJA', 'BEBIDAS', 9, '7750182001328', '', '1.15', '1.27', '5.000', '1.000', 60, NULL, 0, 0, 0, 0, 0, 0, '1.000', 'items_de', 60, ''),
('FRUGOS DEL VALLE NARANJA', 'BEBIDAS', 9, '7750182003377', '', '3.90', '4.66', '5.000', '1.000', 61, NULL, 0, 0, 0, 0, 0, 0, '1.000', 'items_de', 61, ''),
('PULP DURAZNO', 'BEBIDAS', 9, '7750670011839', '', '1.04', '1.27', '5.000', '1.000', 62, NULL, 0, 0, 0, 0, 0, 0, '1.000', 'items_de', 62, ''),
('BATTI MIX GLORIA', 'YOGURT', 9, '7751271012263', '', '2.78', '2.97', '5.000', '1.000', 63, NULL, 0, 0, 0, 0, 0, 0, '1.000', 'items_de', 63, ''),
('MIO MIX', 'YOGURT', 9, '7755073001395', '', '1.99', '2.54', '5.000', '1.000', 64, NULL, 0, 0, 0, 0, 0, 0, '1.000', 'items_de', 64, ''),
('BATTI SHAKE DURAZNO', 'YOGURT', 9, '7751271012331', '', '1.14', '2.12', '5.000', '1.000', 65, NULL, 0, 0, 0, 0, 0, 0, '1.000', 'items_de', 65, ''),
('BATTI SHAKE FRESA', 'YOGURT', 9, '7751271012317', '', '1.14', '2.12', '5.000', '1.000', 66, NULL, 0, 0, 0, 0, 0, 0, '1.000', 'items_de', 66, ''),
('GLORIA FRUTADO FRESA', 'YOGURT', 9, '7751271012348', '', '1.45', '2.12', '5.000', '1.000', 67, NULL, 0, 0, 0, 0, 0, 0, '1.000', 'items_de', 67, ''),
('SBELT LAIVE FRESA', 'YOGURT', 9, '7750151003896', '', '1.45', '2.12', '5.000', '1.000', 68, NULL, 0, 0, 0, 0, 0, 0, '1.000', 'items_de', 68, ''),
('TAMPICO CITRUS PUNCH', 'BEBIDAS', 9, '095188016004', '', '2.33', '2.97', '5.000', '1.000', 69, NULL, 0, 0, 0, 0, 0, 0, '1.000', 'items_de', 69, ''),
('MONSTER ENERGY', 'BEBIDAS ENEREGIZANTES', 9, '070847010500', '', '6.73', '6.78', '5.000', '1.000', 70, NULL, 0, 0, 0, 0, 0, 0, '1.000', 'items_de', 70, ''),
('RED BULL ENERGY DRINK', 'BEBIDAS ENEREGIZANTES', 9, '9002490100070', '', '5.31', '6.69', '5.000', '1.000', 71, NULL, 0, 0, 0, 0, 0, 0, '1.000', 'items_de', 71, ''),
('GUARANA BACKUS ', 'BEBIDAS', 9, '77542502', '', '1.99', '2.97', '5.000', '1.000', 72, NULL, 0, 0, 0, 0, 0, 0, '1.000', 'items_de', 72, ''),
('CORONA EXTRA', 'BEBIDAS ALCOHOLICAS', 9, '75032715', '', '4.33', '5.08', '5.000', '1.000', 73, NULL, 0, 0, 0, 0, 0, 0, '1.000', 'items_de', 73, ''),
('MICHELOB ULTRA', 'BEBIDAS ALCOHOLICAS', 9, '01833225', '', '3.41', '3.39', '5.000', '1.000', 74, NULL, 0, 0, 0, 0, 0, 0, '1.000', 'items_de', 74, ''),
('STELLA ARTOIS', 'BEBIDAS ALCOHOLICAS', 9, '5410228141266', '', '4.26', '5.08', '5.000', '1.000', 75, NULL, 0, 0, 0, 0, 0, 0, '1.000', 'items_de', 75, ''),
('BUDWEISER', 'BEBIDAS ALCOHOLICAS', 9, '7861122301245', '', '3.50', '3.81', '5.000', '1.000', 76, NULL, 0, 0, 0, 0, 0, 0, '1.000', 'items_de', 76, ''),
('CUSQUEÑA DORADA', 'BEBIDAS ALCOHOLICAS', 9, '77506658', '', '3.66', '4.24', '5.000', '1.000', 77, NULL, 0, 0, 0, 0, 0, 0, '1.000', 'items_de', 77, ''),
('CUSQUEÑA NEGRA', 'BEBIDAS ALCOHOLICAS', 9, '77506672', '', '3.66', '4.66', '5.000', '1.000', 78, NULL, 0, 0, 0, 0, 0, 0, '1.000', 'items_de', 78, ''),
('CUSQUEÑA TRIGO', 'BEBIDAS ALCOHOLICAS', 9, '77536495', '', '3.66', '4.24', '5.000', '1.000', 79, NULL, 0, 0, 0, 0, 0, 0, '1.000', 'items_de', 79, ''),
('PILSEN CALLAO', 'BEBIDAS ALCOHOLICAS', 9, '7753749001533', '', '3.00', '3.81', '5.000', '1.000', 80, NULL, 0, 0, 0, 0, 0, 0, '1.000', 'items_de', 80, ''),
('CERVEZA CRISTAL', 'BEBIDAS ALCOHOLICAS', 9, '7753749000918', '', '3.00', '3.81', '5.000', '1.000', 81, NULL, 0, 0, 0, 0, 0, 0, '1.000', 'items_de', 81, ''),
('HEINEKEN', 'BEBIDAS ALCOHOLICAS', 9, '87120158', '', '4.11', '3.81', '5.000', '1.000', 82, NULL, 0, 0, 0, 0, 0, 0, '1.000', 'items_de', 82, ''),
('CERVEZA CRISTAL', 'BEBIDAS ALCOHOLICAS', 9, '7753749121453', '', '2.70', '3.81', '5.000', '1.000', 83, NULL, 0, 0, 0, 0, 0, 0, '1.000', 'items_de', 83, ''),
('CUSQUEÑA DORADA', 'BEBIDAS ALCOHOLICAS', 9, '77512369', '', '3.48', '3.81', '5.000', '1.000', 84, NULL, 0, 0, 0, 0, 0, 0, '1.000', 'items_de', 84, ''),
('TRES CRUCES', 'BEBIDAS ALCOHOLICAS', 9, '7750670013611', '', '2.58', '3.39', '5.000', '1.000', 85, NULL, 0, 0, 0, 0, 0, 0, '1.000', 'items_de', 85, ''),
('FRUNA JIRAFA AMBROSOLI', 'GOLOCINA', 9, '7750885016889', '', '0.26', '0.85', '5.000', '1.000', 86, NULL, 0, 0, 0, 0, 0, 0, '1.000', 'items_de', 86, ''),
('COSTA VIZZIO', 'GOLOCINA', 9, '7750885011778', '', '0.79', '1.02', '5.000', '1.000', 87, NULL, 0, 0, 0, 0, 0, 0, '1.000', 'items_de', 87, ''),
('MENTOS MAGIC', 'GOLOCINA', 9, '78930650', '', '1.20', '1.69', '5.000', '1.000', 88, NULL, 0, 0, 0, 0, 0, 0, '1.000', 'items_de', 88, ''),
('FRUGOS DEL VALLE DURAZNO', 'BEBIDAS', 7, '7750182003315', '', '1.83', '2.54', '5.000', '1.000', 89, NULL, 0, 0, 0, 0, 0, 0, '1.000', 'items_de', 89, ''),
('MALTIN POWER', 'BEBIDAS ENEREGIZANTES', 7, '77531704', '', '0.58', '1.27', '5.000', '1.000', 90, NULL, 0, 0, 0, 0, 0, 0, '1.000', 'items_de', 90, ''),
('TITO ALMOHADA', 'CEREAL', 10, '7759826006156', '', '0.34', '0.51', '5.000', '1.000', 91, NULL, 0, 0, 0, 0, 0, 0, '1.000', 'items_de', 91, ''),
('CASINO SABOR MENTA', 'GALLETAS', 10, '7750243052658', '', '0.51', '0.68', '5.000', '1.000', 92, NULL, 0, 0, 0, 0, 0, 0, '1.000', 'items_de', 92, ''),
('CASINO SABOR FRESA', 'GALLETAS', 10, '7750243052672', '', '0.51', '0.68', '5.000', '1.000', 93, NULL, 0, 0, 0, 0, 0, 0, '1.000', 'items_de', 93, ''),
('CASINO SABOR ALFAJOR', 'GALLETAS', 10, '7750243052702', '', '0.51', '0.68', '5.000', '1.000', 94, NULL, 0, 0, 0, 0, 0, 0, '1.000', 'items_de', 94, ''),
('CASINO BLACK MENTA', 'GALLETAS', 10, '7750243050159', '', '0.51', '0.68', '5.000', '1.000', 95, NULL, 0, 0, 0, 0, 0, 0, '1.000', 'items_de', 95, ''),
('ANGEL ZUCK ', 'CEREAL', 10, '7759826005319', '', '0.34', '0.51', '5.000', '1.000', 96, NULL, 0, 0, 0, 0, 0, 0, '1.000', 'items_de', 96, ''),
('ANGEL CHOCK', 'CEREAL', 10, '7759826005333', '', '0.34', '0.51', '5.000', '1.000', 97, NULL, 0, 0, 0, 0, 0, 0, '1.000', 'items_de', 97, ''),
('ANGEL COPIX', 'CEREAL', 10, '7759826006095', '', '0.34', '0.51', '5.000', '1.000', 98, NULL, 0, 0, 0, 0, 0, 0, '1.000', 'items_de', 98, ''),
('FRESIA ALMOHADA', 'CEREAL', 10, '7759826006163', '', '0.34', '0.51', '5.000', '1.000', 99, NULL, 0, 0, 0, 0, 0, 0, '1.000', 'items_de', 99, ''),
('ANGEL ZUCK BARRA', 'CEREAL', 10, '7759826005364', '', '0.32', '0.51', '5.000', '1.000', 100, NULL, 0, 0, 0, 0, 0, 0, '1.000', 'items_de', 100, ''),
('ANGEL COPIX BARRA', 'CEREAL', 10, '7759826005395', '', '0.32', '0.51', '5.000', '1.000', 101, NULL, 0, 0, 0, 0, 0, 0, '1.000', 'items_de', 101, ''),
('INTEGRACKERS FRUTOS ROJOS', 'GALLETAS', 10, '7750243053051', '', '0.47', '0.68', '5.000', '1.000', 102, NULL, 0, 0, 0, 0, 0, 0, '1.000', 'items_de', 102, ''),
('INTEGRACKERS MANZANA&CANELA', 'GALLETAS', 10, '7750243053075', '', '0.46', '0.68', '5.000', '1.000', 103, NULL, 0, 0, 0, 0, 0, 0, '1.000', 'items_de', 103, ''),
('CHOMP CHOCOLATE', 'GALLETAS', 10, '7750243058247', '', '0.46', '0.68', '5.000', '1.000', 104, NULL, 0, 0, 0, 0, 0, 0, '1.000', 'items_de', 104, ''),
('CHOMP NARANJA', 'GALLETAS', 10, '7750243058261', '', '0.46', '0.68', '5.000', '1.000', 105, NULL, 0, 0, 0, 0, 0, 0, '1.000', 'items_de', 105, ''),
('GLACITAS SABOR FRESA', 'GALLETAS', 10, '7750243031448', '', '0.52', '0.68', '5.000', '1.000', 106, NULL, 0, 0, 0, 0, 0, 0, '1.000', 'items_de', 106, ''),
('GLACITAS SABOR TOFFEE', 'GALLETAS', 10, '7750243031455', '', '0.52', '0.68', '5.000', '1.000', 107, NULL, 0, 0, 0, 0, 0, 0, '1.000', 'items_de', 107, ''),
('CASINO BLACK FRESA', 'GALLETAS', 10, '7750243048873', '', '0.51', '0.68', '5.000', '1.000', 108, NULL, 0, 0, 0, 0, 0, 0, '1.000', 'items_de', 108, ''),
('INTEGRACKERS MIEL', 'GALLETAS', 10, '7750243047357', '', '0.46', '0.85', '5.000', '1.000', 109, NULL, 0, 0, 0, 0, 0, 0, '1.000', 'items_de', 109, ''),
('INTEGRACKERS SALVADO TRIGO', 'GALLETAS', 10, '7750243047364', '', '0.46', '0.85', '5.000', '1.000', 110, NULL, 0, 0, 0, 0, 0, 0, '1.000', 'items_de', 110, ''),
('TENTACION MINI CHOCOLATE', 'GALLETAS', 10, '7750243057899', '', '0.76', '0.85', '5.000', '1.000', 111, NULL, 0, 0, 0, 0, 0, 0, '1.000', 'items_de', 111, ''),
('TENTACION MINI NARANJA', 'GALLETAS', 10, '7750243057905', '', '0.76', '0.85', '5.000', '1.000', 112, NULL, 0, 0, 0, 0, 0, 0, '1.000', 'items_de', 112, ''),
('DIVAS MANTEQUILLA', 'GALLETAS', 10, '7750243024228', '', '0.43', '0.68', '5.000', '1.000', 113, NULL, 0, 0, 0, 0, 0, 0, '1.000', 'items_de', 113, ''),
('GLACITAS SABOR CHOCOLATE', 'GALLETAS', 10, '7750243031479', '', '0.52', '0.68', '5.000', '1.000', 114, NULL, 0, 0, 0, 0, 0, 0, '1.000', 'items_de', 114, ''),
('GLACITAS CHOCONIEVE', 'GALLETAS', 10, '7750243031486', '', '0.52', '0.68', '5.000', '1.000', 115, NULL, 0, 0, 0, 0, 0, 0, '1.000', 'items_de', 115, ''),
('CHOCO V ', 'GALLETAS', 10, '7750243058520', '', '0.49', '0.85', '5.000', '1.000', 116, NULL, 0, 0, 0, 0, 0, 0, '1.000', 'items_de', 116, ''),
('TENTACION CHOCOLATE', 'GALLETAS', 10, '7750243047395', '', '0.42', '0.85', '5.000', '1.000', 117, NULL, 0, 0, 0, 0, 0, 0, '1.000', 'items_de', 117, ''),
('TENTACION NARANJA', 'GALLETAS', 10, '7750243047418', '', '0.42', '0.85', '5.000', '1.000', 118, NULL, 0, 0, 0, 0, 0, 0, '1.000', 'items_de', 118, ''),
('FRANC MENTA', 'GALLETAS', 9, '7750885016643', '', '0.49', '0.85', '5.000', '1.000', 119, NULL, 0, 0, 0, 0, 0, 0, '1.000', 'items_de', 119, ''),
('PICARAS CHIPS ', 'GALLETAS', 9, '7752748009373', '', '0.65', '0.85', '5.000', '1.000', 120, NULL, 0, 0, 0, 0, 0, 0, '1.000', 'items_de', 120, ''),
('PICARAS CHOCOLATE EXTREMO', 'GALLETAS', NULL, '7752748005481', '', '0.65', '0.85', '5.000', '1.000', 121, NULL, 0, 0, 0, 0, 0, 0, '1.000', 'items_de', 121, ''),
('CASINO SABOR VAINILLA', 'GALLETAS', 7, '7750243052641', '', '0.50', '0.85', '5.000', '1.000', 122, NULL, 0, 0, 0, 0, 0, 0, '1.000', 'items_de', 122, ''),
('CHIPS AHOY', 'GALLETAS', 7, '7750168214292', '', '0.87', '1.02', '5.000', '1.000', 123, NULL, 0, 0, 0, 0, 0, 0, '1.000', 'items_de', 123, ''),
('SUBLIME EXTREMO', 'CHOCOLATE', 9, '7613036156103', '', '2.04', '2.97', '5.000', '1.000', 124, NULL, 0, 0, 0, 0, 0, 0, '1.000', 'items_de', 124, ''),
('SUBLIME CLASICO', 'CHOCOLATE', 9, '7613035049628', '', '1.04', '1.27', '5.000', '1.000', 125, NULL, 0, 0, 0, 0, 0, 0, '1.000', 'items_de', 125, ''),
('TRIANGULO CLASICO', 'CHOCOLATE', 9, '7613035379022', '', '1.25', '1.69', '5.000', '1.000', 126, NULL, 0, 0, 0, 0, 0, 0, '1.000', 'items_de', 126, ''),
('MINI BON O BON', 'CHOCOLATE', 9, '7757174007245', '', '0.57', '0.85', '5.000', '1.000', 127, NULL, 0, 0, 0, 0, 0, 0, '1.000', 'items_de', 127, ''),
('BON O BON CORAZON', 'CHOCOLATE', 9, '7757174008570', '', '2.63', '7.63', '5.000', '1.000', 128, NULL, 0, 0, 0, 0, 0, 0, '1.000', 'items_de', 128, ''),
('CHOCOLATE VIZZIO', 'CHOCOLATE', 9, '7750885011792', '', '1.70', '3.81', '5.000', '1.000', 129, NULL, 0, 0, 0, 0, 0, 0, '1.000', 'items_de', 129, ''),
('CHOCOLATE VIZZIO', 'CHOCOLATE', 7, '7750885011808', '', '6.69', '6.78', '5.000', '1.000', 130, NULL, 0, 0, 0, 0, 0, 0, '1.000', 'items_de', 130, ''),
('CHOCOLATE VIZZIO BITER', 'CHOCOLATE', 9, '7750885011921', '', '3.29', '3.81', '5.000', '1.000', 131, NULL, 0, 0, 0, 0, 0, 0, '1.000', 'items_de', 131, ''),
('CLUB SOCIAL MANTEQUILLA', 'GALLETAS', 7, '7622300758943', '', '0.13', '0.85', '5.000', '1.000', 132, NULL, 0, 0, 0, 0, 0, 0, '1.000', 'items_de', 132, ''),
('SUBLIME SONRISA', 'CHOCOLATE', 7, '7613036524667', '', '1.30', '2.12', '5.000', '1.000', 133, NULL, 0, 0, 0, 0, 0, 0, '1.000', 'items_de', 133, ''),
('CLUB SOCIAL ORIGINAL', 'GALLETAS', 7, '7590011205158', '', '0.15', '0.85', '5.000', '1.000', 134, NULL, 0, 0, 0, 0, 0, 0, '1.000', 'items_de', 134, ''),
('NEXT MASTICABLE', 'GOLOCINA', 9, '7702993023600', '', '0.20', '0.59', '5.000', '1.000', 135, NULL, 0, 0, 0, 0, 0, 0, '1.000', 'items_de', 135, ''),
('TRIDENT FRESA', 'GOLOCINA', 9, '7622210461674', '', '0.71', '1.27', '5.000', '1.000', 136, NULL, 0, 0, 0, 0, 0, 0, '1.000', 'items_de', 136, ''),
('TRIDENT MORA', 'GOLOCINA', 9, '7702133862816', '', '0.71', '1.27', '5.000', '1.000', 137, NULL, 0, 0, 0, 0, 0, 0, '1.000', 'items_de', 137, ''),
('CHICLETS ADAMS MENTA', 'GOLOCINA', 9, '7622210429209', '', '0.79', '1.27', '5.000', '1.000', 138, NULL, 0, 0, 0, 0, 0, 0, '1.000', 'items_de', 138, ''),
('CLORETS ', 'GOLOCINA', 9, '7622210451835', '', '0.77', '1.27', '5.000', '1.000', 139, NULL, 0, 0, 0, 0, 0, 0, '1.000', 'items_de', 139, ''),
('CLORETS MASTICABLE', 'GOLOCINA', 9, '7622210811349', '', '0.41', '0.85', '5.000', '1.000', 140, NULL, 0, 0, 0, 0, 0, 0, '1.000', 'items_de', 140, ''),
('HALLS CEREZA', 'GOLOCINA', 9, '7622210427045', '', '0.78', '1.27', '5.000', '1.000', 141, NULL, 0, 0, 0, 0, 0, 0, '1.000', 'items_de', 141, ''),
('HALLS MORA', 'GOLOCINA', 9, '7622210427137', '', '0.78', '1.27', '5.000', '1.000', 142, NULL, 0, 0, 0, 0, 0, 0, '1.000', 'items_de', 142, ''),
('FULL CHERRY', 'GOLOCINA', 9, '7750885008877', '', '0.43', '0.85', '5.000', '1.000', 143, NULL, 0, 0, 0, 0, 0, 0, '1.000', 'items_de', 143, ''),
('GOLPE CLASICO', 'CHOCOLATE', 7, '7757174007900', '', '0.35', '0.68', '5.000', '1.000', 144, NULL, 0, 0, 0, 0, 0, 0, '1.000', 'items_de', 144, ''),
('BON O BON CLASICO', 'CHOCOLATE', 7, '77958921', '', '0.45', '0.68', '5.000', '1.000', 145, NULL, 0, 0, 0, 0, 0, 0, '1.000', 'items_de', 145, ''),
('CANCUN CHOCOLATE', 'CHOCOLATE', 7, '7750885010269', '', '0.41', '0.68', '5.000', '1.000', 146, NULL, 0, 0, 0, 0, 0, 0, '1.000', 'items_de', 146, ''),
('CAREZZA BARRA', 'CHOCOLATE', 7, '7750885014687', '', '0.08', '1.27', '5.000', '1.000', 147, NULL, 0, 0, 0, 0, 0, 0, '1.000', 'items_de', 147, ''),
('CEREAL BAR CHIPS', 'GOLOCINA', NULL, '7750885016261', '', '0.38', '0.68', '5.000', '1.000', 148, NULL, 0, 0, 0, 0, 0, 0, '1.000', 'items_de', 148, ''),
('CEREAL BAR CHOCO', 'GOLOCINA', 7, '7750885016292', '', '0.38', '0.68', '5.000', '1.000', 149, NULL, 0, 0, 0, 0, 0, 0, '1.000', 'items_de', 149, ''),
('CEREAL BAR GOLDEN', 'GOLOCINA', 7, '7750885016384', '', '0.38', '0.68', '5.000', '1.000', 150, NULL, 0, 0, 0, 0, 0, 0, '1.000', 'items_de', 150, ''),
('TUYO COSTA', 'CHOCOLATE', 7, '7750885016483', '', '0.39', '0.85', '5.000', '1.000', 151, NULL, 0, 0, 0, 0, 0, 0, '1.000', 'items_de', 151, ''),
('CAÑONAZO', 'CHOCOLATE', 7, '7750885016445', '', '0.35', '0.85', '5.000', '1.000', 152, NULL, 0, 0, 0, 0, 0, 0, '1.000', 'items_de', 152, ''),
('BIMBOLETES NARANJA', 'QUEQUITOS', 7, '7750727003831', '', '1.00', '1.69', '5.000', '1.000', 153, NULL, 0, 0, 0, 0, 0, 0, '1.000', 'items_de', 153, ''),
('LENTEJITAS CAJA', 'CHOCOLATE', 7, '7613035196865', '', '0.85', '1.27', '5.000', '1.000', 154, NULL, 0, 0, 0, 0, 0, 0, '1.000', 'items_de', 154, ''),
('PULP FORTI HIERRO', 'BEBIDAS', 9, '7750670015004', '', '0.41', '0.68', '5.000', '1.000', 155, NULL, 0, 0, 0, 0, 0, 0, '1.000', 'items_de', 155, ''),
('INCA SUR QUINUA FRUTOS ROJOS', 'GALLETAS', 9, '7750960004497', '', '0.43', '0.85', '5.000', '1.000', 156, NULL, 0, 0, 0, 0, 0, 0, '1.000', 'items_de', 156, ''),
('INTEGRALES COSTA', 'GALLETAS', 7, '7750885002738', '', '0.47', '0.85', '5.000', '1.000', 157, NULL, 0, 0, 0, 0, 0, 0, '1.000', 'items_de', 157, ''),
('SODA LINE COSTA', 'GALLETAS', 7, '7750885015387', '', '0.42', '0.85', '5.000', '1.000', 158, NULL, 0, 0, 0, 0, 0, 0, '1.000', 'items_de', 158, ''),
('AGUA LINE COSTA', 'GALLETAS', 7, '7750885015363', '', '0.42', '0.85', '5.000', '1.000', 159, NULL, 0, 0, 0, 0, 0, 0, '1.000', 'items_de', 159, ''),
('CHOCOLATE HUEVO SAPITO', 'CHOCOLATE', 9, '77960672', '', '1.59', '2.12', '5.000', '1.000', 160, NULL, 0, 0, 0, 0, 0, 0, '1.000', 'items_de', 160, ''),
('ORO ', 'BEBIDAS', 11, '7750670013468', '', '0.82', '1.27', '5.000', '1.000', 161, NULL, 0, 0, 0, 0, 0, 0, '1.000', 'items_de', 161, ''),
('BIG COLA', 'BEBIDAS', 11, '7750670014250', '', '0.84', '1.27', '5.000', '1.000', 162, NULL, 0, 0, 0, 0, 0, 0, '1.000', 'items_de', 162, ''),
('AGUA VIDA', 'BEBIDAS', 11, '7750430000219', '', '0.74', '0.85', '5.000', '1.000', 163, NULL, 0, 0, 0, 0, 0, 0, '1.000', 'items_de', 163, ''),
('AGUA CIELO 625 ml', 'BEBIDAS', 11, '7750670244954', '', '0.82', '1.27', '5.000', '1.000', 164, NULL, 0, 0, 0, 0, 0, 0, '1.000', 'items_de', 164, ''),
('SPORADE MARACUYA', 'BEBIDAS ENEREGIZANTES', 11, '7750670010474', '', '1.63', '2.12', '5.000', '1.000', 165, NULL, 0, 0, 0, 0, 0, 0, '1.000', 'items_de', 165, ''),
('BIO CAMU CAMU', 'BEBIDAS', 11, '7750670014793', '', '2.04', '2.54', '5.000', '1.000', 166, NULL, 0, 0, 0, 0, 0, 0, '1.000', 'items_de', 166, ''),
('BIO ARANDANO', 'BEBIDAS', 11, '7750670014809', '', '2.04', '2.54', '5.000', '1.000', 167, NULL, 0, 0, 0, 0, 0, 0, '1.000', 'items_de', 167, ''),
('CIFRUT PIÑA, GRANADILLA Y MARACUYA', 'BEBIDAS', 11, '7750670014632', '', '0.84', '1.27', '5.000', '1.000', 168, NULL, 0, 0, 0, 0, 0, 0, '1.000', 'items_de', 168, ''),
('FREE TEA LIMON', 'BEBIDAS', 11, '7750670012164', '', '0.84', '2.12', '5.000', '1.000', 169, NULL, 0, 0, 0, 0, 0, 0, '1.000', 'items_de', 169, ''),
('TRES CRUCES', 'BEBIDAS ALCOHOLICAS', 11, '7750670012102', '', '2.04', '2.97', '5.000', '1.000', 170, NULL, 0, 0, 0, 0, 0, 0, '1.000', 'items_de', 170, ''),
('AGUA CIELO 1 lt.', 'BEBIDAS', 11, '7750670009041', '', '1.23', '2.54', '5.000', '1.000', 171, NULL, 0, 0, 0, 0, 0, 0, '1.000', 'items_de', 171, ''),
('DESAYUNO', 'MENU', NULL, NULL, '', '5.00', '8.47', '1.000', '1.000', 172, NULL, 0, 0, 0, 0, 0, 0, '1.000', 'items_de', 172, ''),
('CIFRUT NARANJA, MANDARINA, MARACUYA', 'BEBIDAS', 11, '7750670014687', '', '2.50', '3.81', '5.000', '1.000', 173, NULL, 0, 0, 0, 0, 0, 0, '1.000', 'items_de', 173, ''),
('TEQUEÑOS DE LOMO', 'PIQUEOS', NULL, NULL, '', '7.50', '12.70', '1.000', '1.000', 174, NULL, 0, 0, 0, 0, 0, 0, '1.000', 'items_de', 174, ''),
('ORO', 'BEBIDAS', 11, '7750670000574', '', '5.00', '5.93', '1.000', '1.000', 175, NULL, 0, 0, 0, 0, 0, 0, '1.000', 'items_de', 175, ''),
('TEQUEÑOS MARISCOS', 'PIQUEOS', NULL, NULL, '', '7.50', '12.70', '1.000', '1.000', 176, NULL, 0, 0, 0, 0, 0, 0, '1.000', 'items_de', 176, ''),
('TEQUEÑOS DE JAMÓN Y QUESO', 'PIQUEOS', NULL, NULL, '', '7.50', '12.70', '1.000', '1.000', 177, NULL, 0, 0, 0, 0, 0, 0, '1.000', 'items_de', 177, ''),
('PAPA HUANCAINA', 'ENTRADAS', NULL, NULL, '', '3.00', '6.80', '1.000', '1.000', 178, NULL, 0, 0, 0, 0, 0, 0, '1.000', 'items_de', 178, ''),
('PAPA RELLENA', 'ENTRADAS', NULL, NULL, '', '3.00', '4.24', '1.000', '1.000', 179, NULL, 0, 0, 0, 0, 0, 0, '1.000', 'items_de', 179, ''),
('PULP DURAZNO', 'BEBIDAS', 11, '7750670000758', '', '2.60', '3.81', '1.000', '1.000', 180, NULL, 0, 0, 0, 0, 0, 0, '1.000', 'items_de', 180, ''),
('ENSALADA NIKE', 'ENSALDAS', NULL, NULL, '', '7.50', '12.70', '1.000', '1.000', 181, NULL, 0, 0, 0, 0, 0, 0, '1.000', 'items_de', 181, ''),
('ENSALADA RUTA DEL SABOR', 'ENSALADAS', NULL, NULL, '', '10.00', '16.93', '1.000', '1.000', 182, NULL, 0, 0, 0, 0, 0, 0, '1.000', 'items_de', 182, ''),
('CEVICHE DE LA CASA', 'CEVICHES', NULL, NULL, 'SOLO PARA CONOCEDORES DEL AJÍ', '15.00', '25.42', '1.000', '1.000', 183, NULL, 0, 0, 0, 0, 0, 0, '1.000', 'items_de', 183, ''),
('KEKILLOS VAINILLA', 'QUEQUITOS', 9, '7750727004647', '', '1.79', '2.12', '1.000', '1.000', 184, NULL, 0, 0, 0, 0, 0, 0, '1.000', 'items_de', 184, ''),
('GRISSLY', 'GOLOCINA', 9, '7702011075185', '', '0.47', '0.85', '1.000', '1.000', 185, NULL, 0, 0, 0, 0, 0, 0, '1.000', 'items_de', 185, ''),
('ALMUERZO', 'MENU', NULL, NULL, '', '4.00', '6.77', '1.000', '1.000', 186, NULL, 0, 0, 0, 0, 0, 0, '1.000', 'items_de', 186, ''),
('AGUA SAN LUIS', 'BEBIDAS', 13, '7750298000727', '', '2.52', '3.81', '1.000', '1.000', 187, NULL, 0, 0, 0, 0, 0, 0, '1.000', 'items_de', 187, ''),
('CEVICHE MIXTO', 'CEVICHES', NULL, NULL, '', '15.00', '21.19', '1.000', '1.000', 188, NULL, 0, 0, 0, 0, 0, 0, '1.000', 'items_de', 188, ''),
('AGUA SAN CARLOS 3 ltS', 'BEBIDAS', 14, '7751655000763', '', '2.33', '4.23', '1.000', '1.000', 189, NULL, 0, 0, 0, 0, 0, 0, '1.000', 'items_de', 189, ''),
('COCA COLA 1.5 lt', 'BEBIDAS', 13, '7750182000703', '', '4.37', '5.93', '1.000', '1.000', 190, NULL, 0, 0, 0, 0, 0, 0, '1.000', 'items_de', 190, ''),
('POWER ADE', 'BEBIDAS ENEREGIZANTES', 13, '7750182002561', '', '1.72', '2.54', '1.000', '1.000', 191, NULL, 0, 0, 0, 0, 0, 0, '1.000', 'items_de', 191, ''),
('SAN LUIS 1 lt  ', 'BEBIDAS', 13, '7750182001229', '', '1.95', '2.97', '1.000', '1.000', 192, NULL, 0, 0, 0, 0, 0, 0, '1.000', 'items_de', 192, ''),
('CHALACAS', 'ENTRADAS', NULL, NULL, '', '7.50', '12.71', '1.000', '1.000', 193, NULL, 0, 0, 0, 0, 0, 0, '1.000', 'items_de', 193, ''),
('DADO DE PESCADO C/ GALLETA DE CHOCLO', 'ENTRADAS', NULL, NULL, '', '6.00', '10.20', '1.000', '1.000', 194, NULL, 0, 0, 0, 0, 0, 0, '1.000', 'items_de', 194, ''),
('BALLANTINES FINEST', 'BEBIDAS ALCOHOLICAS', NULL, '5010106111536', '', '29.90', '38.13', '1.000', '1.000', 195, NULL, 0, 0, 0, 0, 0, 0, '1.000', 'items_de', 195, ''),
('RON APPLETON DORADO ESPECIAL', 'BEBIDAS ALCOHOLICAS', 15, '636191007407', '', '19.90', '29.66', '1.000', '1.000', 196, NULL, 0, 0, 0, 0, 0, 0, '1.000', 'items_de', 196, ''),
('BOLIYUCAS C/SALSA HUANCAINA', 'PIQUEOS', NULL, NULL, '', '7.50', '12.71', '1.000', '1.000', 197, NULL, 0, 0, 0, 0, 0, 0, '1.000', 'items_de', 197, ''),
('RON BACARDI CARTA DE ORO', 'BEBIDAS ALCOHOLICAS', 15, '7501008604014', '', '22.00', '33.90', '1.000', '1.000', 198, NULL, 0, 0, 0, 0, 0, 0, '1.000', 'items_de', 198, ''),
('CHILCANO CLÁSICO', 'APERITIVOS', NULL, NULL, '', '7.50', '12.71', '1.000', '1.000', 199, NULL, 0, 0, 0, 0, 0, 0, '1.000', 'items_de', 199, ''),
('TEQUILA JOSE CUERVO SILVER TEQUILA ', 'BEBIDAS ALCOHOLICAS', 15, '7501035042322', '', '52.00', '67.80', '1.000', '1.000', 200, NULL, 0, 0, 0, 0, 0, 0, '1.000', 'items_de', 200, ''),
('CHILCANO MARACUYA', 'APERITIVOS', NULL, NULL, '', '7.50', '12.80', '1.000', '1.000', 201, NULL, 0, 0, 0, 0, 0, 0, '1.000', 'items_de', 201, ''),
('TEQUILA JOSE CUERVO REPOSADO', 'BEBIDAS ALCOHOLICAS', 15, '7501035010109', '', '52.00', '67.80', '1.000', '1.000', 202, NULL, 0, 0, 0, 0, 0, 0, '1.000', 'items_de', 202, ''),
('VINO TACAMA ROSE SEMI SECO', 'BEBIDAS ALCOHOLICAS', 15, '7750359000369', '', '18.60', '25.42', '1.000', '1.000', 203, NULL, 0, 0, 0, 0, 0, 0, '1.000', 'items_de', 203, ''),
('CHILCANO AGUAIMANTO', 'APERITIVOS', NULL, NULL, '', '7.50', '12.80', '1.000', '1.000', 204, NULL, 0, 0, 0, 0, 0, 0, '1.000', 'items_de', 204, ''),
('SIMGAPUR', 'APERITIVOS', NULL, NULL, '', '7.50', '12.80', '1.000', '1.000', 205, NULL, 0, 0, 0, 0, 0, 0, '1.000', 'items_de', 205, ''),
('ALGARROBINA', 'APERITIVOS', NULL, NULL, '', '7.50', '12.80', '1.000', '1.000', 206, NULL, 0, 0, 0, 0, 0, 0, '1.000', 'items_de', 206, ''),
('SOUR MARACUYA', 'APERITIVOS', NULL, NULL, '', '7.50', '12.80', '1.000', '1.000', 207, NULL, 0, 0, 0, 0, 0, 0, '1.000', 'items_de', 207, ''),
('WHISKY JOHNNIE WALKER ET NEGRA ', 'BEBIDAS ALCOHOLICAS', 15, '5000267024004', '', '85.20', '101.69', '1.000', '1.000', 208, NULL, 0, 0, 0, 0, 0, 0, '1.000', 'items_de', 208, ''),
('SOUR AGUAIMANTO', 'APERITIVOS', NULL, NULL, '', '7.50', '12.80', '1.000', '1.000', 209, NULL, 0, 0, 0, 0, 0, 0, '1.000', 'items_de', 209, ''),
('CEVICHE ROSA', 'CEVICHES', NULL, NULL, '', '12.50', '21.15', '1.000', '1.000', 210, NULL, 0, 0, 0, 0, 0, 0, '1.000', 'items_de', 210, ''),
('CEVICHE DIABLO', 'CEVICHES', NULL, NULL, '', '15.00', '25.42', '1.000', '1.000', 211, NULL, 0, 0, 0, 0, 0, 0, '1.000', 'items_de', 211, ''),
('WHISKY JOHNNIE WALKER ET ROJA ', 'BEBIDAS ALCOHOLICAS', 15, '5000267014074', '', '41.90', '55.08', '1.000', '1.000', 212, NULL, 0, 0, 0, 0, 0, 0, '1.000', 'items_de', 212, ''),
('CORDON BLUE', 'AVES', NULL, NULL, '', '15.00', '25.42', '1.000', '1.000', 213, NULL, 0, 0, 0, 0, 0, 0, '1.000', 'items_de', 213, ''),
('FILETE EN SALSA DE CHAMPIGNONES', 'AVES', NULL, NULL, '', '12.50', '21.15', '1.000', '1.000', 214, NULL, 0, 0, 0, 0, 0, 0, '1.000', 'items_de', 214, ''),
('WHISKY SOMETHING SPECIAL ', 'BEBIDA ALCOHOLICA', 15, '080432402795', '', '34.10', '42.37', '1.000', '1.000', 215, NULL, 0, 0, 0, 0, 0, 0, '1.000', 'items_de', 215, ''),
('POLLO AL GRILL', 'AVES', NULL, NULL, '', '12.50', '21.15', '1.000', '1.000', 216, NULL, 0, 0, 0, 0, 0, 0, '1.000', 'items_de', 216, ''),
('ALITAS A LA BBQ', 'AVES', NULL, NULL, '', '12.50', '21.15', '1.000', '1.000', 217, NULL, 0, 0, 0, 0, 0, 0, '1.000', 'items_de', 217, ''),
('TACU TACU CON SALTADO DE POLLO', 'AVES', NULL, NULL, '', '12.50', '21.15', '1.000', '1.000', 218, NULL, 0, 0, 0, 0, 0, 0, '1.000', 'items_de', 218, ''),
('RON FLOR DE CAÑA GRAN RESERVA 7 AÑOS', 'BEBIDA ALCOHOLICA', 15, '026964852745', '', '53.00', '76.27', '1.000', '1.000', 219, NULL, 0, 0, 0, 0, 0, 0, '1.000', 'items_de', 219, ''),
('LOMO FINO A LA PIMIENTA', 'VACUNO', NULL, NULL, '', '15.00', '25.42', '1.000', '1.000', 220, NULL, 0, 0, 0, 0, 0, 0, '1.000', 'items_de', 220, ''),
('FILETG MIGNON', 'VACUNO', NULL, NULL, '', '17.50', '29.60', '1.000', '1.000', 221, NULL, 0, 0, 0, 0, 0, 0, '1.000', 'items_de', 221, ''),
('LOMO EN SALSA DE CHANPIGNOGNES', 'VACUNO', NULL, NULL, '', '17.50', '29.60', '1.000', '1.000', 222, NULL, 0, 0, 0, 0, 0, 0, '1.000', 'items_de', 222, ''),
('RON FLOR DE CAÑA AÑEJO ORO 4 AÑOS', 'BEBIDA ALCOHOLICA', 15, '026964177190', '', '24.99', '33.90', '1.000', '1.000', 223, NULL, 0, 0, 0, 0, 0, 0, '1.000', 'items_de', 223, ''),
('SABANA DE LOMO FINO', 'VACUNO', NULL, NULL, '', '17.50', '29.60', '1.000', '1.000', 224, NULL, 0, 0, 0, 0, 0, 0, '1.000', 'items_de', 224, ''),
('FILETE AL AJO CON SALSA A LA MANTEQUILLA', 'PESCADO', NULL, NULL, '', '15.00', '25.42', '1.000', '1.000', 225, NULL, 0, 0, 0, 0, 0, 0, '1.000', 'items_de', 225, ''),
('TACU TACU CON SALTADO DE PESCADO', 'PESCADO', NULL, NULL, '', '15.00', '25.42', '1.000', '1.000', 226, NULL, 0, 0, 0, 0, 0, 0, '1.000', 'items_de', 226, ''),
('CROCANTE DE PESCADO A LO MACHO', 'PESCADO', NULL, NULL, '', '15.00', '25.42', '1.000', '1.000', 227, NULL, 0, 0, 0, 0, 0, 0, '1.000', 'items_de', 227, ''),
('ARROZ CHAUFA DE MARISCOS', 'PESCADO', NULL, NULL, '', '12.50', '21.15', '1.000', '1.000', 228, NULL, 0, 0, 0, 0, 0, 0, '1.000', 'items_de', 228, ''),
('SECO DE CABRITO', 'CRIOLLOS', NULL, NULL, '', '10.00', '16.90', '1.000', '1.000', 229, NULL, 0, 0, 0, 0, 0, 0, '1.000', 'items_de', 229, ''),
('TACU TACU C/ CABRITO', 'CRIOLLOS', NULL, NULL, '', '12.50', '21.15', '1.000', '1.000', 230, NULL, 0, 0, 0, 0, 0, 0, '1.000', 'items_de', 230, ''),
('ARROZ C/ PATO', 'CRIOLLOS', NULL, NULL, '', '12.50', '21.15', '1.000', '1.000', 231, NULL, 0, 0, 0, 0, 0, 0, '1.000', 'items_de', 231, ''),
('WHISKY CHIVAS REGAL 12 AÑOS ', 'BEBIDA ALCOHOLICA', 15, '080432400395', '', '69.90', '101.69', '1.000', '1.000', 232, NULL, 0, 0, 0, 0, 0, 0, '1.000', 'items_de', 232, ''),
('CAUSA CHICLAYANA', 'CRIOLLOS', NULL, NULL, '', '12.50', '21.15', '1.000', '1.000', 233, NULL, 0, 0, 0, 0, 0, 0, '1.000', 'items_de', 233, ''),
('FRITO', 'CRIOLLOS', NULL, NULL, '', '10.00', '16.90', '1.000', '1.000', 234, NULL, 0, 0, 0, 0, 0, 0, '1.000', 'items_de', 234, ''),
('TALLARINES AL PESTO', 'PASTAS', NULL, NULL, '', '10.00', '16.90', '1.000', '1.000', 235, NULL, 0, 0, 0, 0, 0, 0, '1.000', 'items_de', 235, ''),
('TALLARINES A LA HUANCAINA', 'PASTAS', NULL, NULL, '', '10.00', '16.90', '1.000', '1.000', 236, NULL, 0, 0, 0, 0, 0, 0, '1.000', 'items_de', 236, ''),
('TALLARINES A LA BOLOGNESA', 'PASTAS', NULL, NULL, '', '10.00', '16.90', '1.000', '1.000', 237, NULL, 0, 0, 0, 0, 0, 0, '1.000', 'items_de', 237, ''),
('ARROZ BLANCO', 'GUARNICIONES', NULL, NULL, '', '1.00', '2.52', '1.000', '1.000', 238, NULL, 0, 0, 0, 0, 0, 0, '1.000', 'items_de', 238, ''),
('WHISKY CHIVAS REGAL 12 AÑOS', 'BEBIDA ALCOHOLICA', 15, '080432400432', '', '95.00', '118.64', '1.000', '1.000', 239, NULL, 0, 0, 0, 0, 0, 0, '1.000', 'items_de', 239, ''),
('TACU-TACU', 'GUARNICIONES', NULL, NULL, '', '2.50', '4.20', '1.000', '1.000', 240, NULL, 0, 0, 0, 0, 0, 0, '1.000', 'items_de', 240, ''),
('CAMOTES GLASEADOS', 'GUARNICIONES', NULL, NULL, '', '2.50', '4.24', '1.000', '1.000', 241, NULL, 0, 0, 0, 0, 0, 0, '1.000', 'items_de', 241, ''),
('TORTITAS', 'GUARNICIONES', NULL, NULL, '', '2.50', '4.24', '1.000', '1.000', 242, NULL, 0, 0, 0, 0, 0, 0, '1.000', 'items_de', 242, ''),
('VINO TABERNERO BORGOÑA SEMI SECO', 'BEBIDA ALCOHOLICA', 15, '7750533000147', '', '12.62', '16.95', '1.000', '1.000', 243, NULL, 0, 0, 0, 0, 0, 0, '1.000', 'items_de', 243, ''),
('YUCAS COCIDAS', 'GUARNICIONES', NULL, NULL, '', '1.00', '2.52', '1.000', '1.000', 244, NULL, 0, 0, 0, 0, 0, 0, '1.000', 'items_de', 244, ''),
('TIRADITO DOS SABORES', 'TIRADITOS', NULL, NULL, '', '12.50', '21.15', '1.000', '1.000', 245, NULL, 0, 0, 0, 0, 0, 0, '1.000', 'items_de', 245, ''),
('TIRADITO AL GOURMET', 'TIRADITOS', NULL, NULL, '', '12.50', '21.15', '1.000', '1.000', 246, NULL, 0, 0, 0, 0, 0, 0, '1.000', 'items_de', 246, ''),
('TIRADITO NIKEI', 'TIRADITOS', NULL, NULL, '', '12.50', '21.15', '1.000', '1.000', 247, NULL, 0, 0, 0, 0, 0, 0, '1.000', 'items_de', 247, ''),
('VINO TABERNERO GRAN ROSE ', 'BEBIDA ALCOHOLICA', 15, '7750533017749', '', '12.62', '16.95', '1.000', '1.000', 248, NULL, 0, 0, 0, 0, 0, 0, '1.000', 'items_de', 248, ''),
('CHICHARRON DE LANGOSTINO', 'MARISCOS', NULL, NULL, '', '17.50', '29.60', '1.000', '1.000', 249, NULL, 0, 0, 0, 0, 0, 0, '1.000', 'items_de', 249, ''),
('ARROZ CON MARISCO RULETA DEL SABOR', 'MARISCOS', NULL, NULL, '', '15.00', '25.42', '1.000', '1.000', 250, NULL, 0, 0, 0, 0, 0, 0, '1.000', 'items_de', 250, ''),
('CHICHARRÓN DE CALAMAR', 'MARISCOS', NULL, NULL, '', '15.00', '25.42', '1.000', '1.000', 251, NULL, 0, 0, 0, 0, 0, 0, '1.000', 'items_de', 251, ''),
('ARROZ CON MARISCOS', 'MARISCOS', NULL, NULL, '', '12.50', '21.19', '1.000', '1.000', 252, NULL, 0, 0, 0, 0, 0, 0, '1.000', 'items_de', 252, ''),
('JALEA', 'MARISCOS', NULL, NULL, '', '20.00', '33.90', '1.000', '1.000', 253, NULL, 0, 0, 0, 0, 0, 0, '1.000', 'items_de', 253, ''),
('CHICHA MORADA', 'BEBIDAS', NULL, NULL, '', '6.00', '10.18', '1.000', '1.000', 254, NULL, 0, 0, 0, 0, 0, 0, '1.000', 'items_de', 254, ''),
('LIMONADA FROZEN ', 'BEBIDAS', NULL, NULL, '', '7.50', '12.71', '1.000', '1.000', 255, NULL, 0, 0, 0, 0, 0, 0, '1.000', 'items_de', 255, ''),
('ALMUERZO 2', 'MENU', NULL, NULL, '', '5.00', '8.47', '1.000', '1.000', 256, NULL, 0, 0, 0, 0, 0, 0, '1.000', 'items_de', 256, ''),
('CHICHARRON DE POLLO', 'AVES', NULL, NULL, '', '12.50', '21.19', '1.000', '1.000', 257, NULL, 0, 0, 0, 0, 0, 0, '1.000', 'items_de', 257, ''),
('SPRITE LIMA LIMON', 'BEBIDAS', NULL, '7750182000321', '', '1.30', '2.54', '1.000', '1.000', 258, NULL, 0, 0, 0, 0, 0, 0, '1.000', 'items_de', 258, ''),
('LOMO DE POLLO', 'AVES', NULL, NULL, '', '10.00', '16.94', '1.000', '1.000', 259, NULL, 0, 0, 0, 0, 0, 0, '1.000', 'items_de', 259, ''),
('INFUCIONES', 'BEBIDAS', NULL, NULL, '', '0.50', '1.69', '1.000', '1.000', 260, NULL, 0, 0, 0, 0, 0, 0, '1.000', 'items_de', 260, ''),
('SALTADO DE POLLO', 'AVES', NULL, NULL, '', '10.00', '16.95', '1.000', '1.000', 261, NULL, 0, 0, 0, 0, 0, 0, '1.000', 'items_de', 261, ''),
('MILLOWS MASMELOS SURTIDO ', 'GOLOCINA', 9, '7702011075291', '', '2.09', '2.54', '1.000', '1.000', 262, NULL, 0, 0, 0, 0, 0, 0, '1.000', 'items_de', 262, ''),
('CHICOLAC ', 'BEBIDAS', 9, '7751271000086', '', '0.96', '1.69', '1.000', '1.000', 263, NULL, 0, 0, 0, 0, 0, 0, '1.000', 'items_de', 263, ''),
('LECHE CHOCOLATADA GLORIA', 'BEBIDAS', 9, '7751271016681', '', '0.99', '1.69', '1.000', '1.000', 264, NULL, 0, 0, 0, 0, 0, 0, '1.000', 'items_de', 264, ''),
('LECHE CHOCOLATADA LAIVE ', 'BEBIDAS', 9, '7750151004565', '', '4.45', '4.66', '1.000', '1.000', 265, NULL, 0, 0, 0, 0, 0, 0, '1.000', 'items_de', 265, ''),
('GOMITAS AMBROSIA ', 'GOLOCINA', 9, '7750885007757', '', '0.44', '1.01', '1.000', '1.000', 266, NULL, 0, 0, 0, 0, 0, 0, '1.000', 'items_de', 266, ''),
('FRAC ', 'GOLOCINA', 9, '7750885012881', '', '0.50', '0.85', '1.000', '1.000', 267, NULL, 0, 0, 0, 0, 0, 0, '1.000', 'items_de', 267, ''),
('OBSESION', 'GOLOCINA', 9, '7750885011983', '', '0.48', '0.85', '1.000', '1.000', 268, NULL, 0, 0, 0, 0, 0, 0, '1.000', 'items_de', 268, ''),
('PRESTOBARBA GILLETTE 3', 'MAQUINA DE AFEITAR', 9, '7702018880409', '', '3.09', '3.39', '1.000', '1.000', 269, NULL, 0, 0, 0, 0, 0, 0, '1.000', 'items_de', 269, ''),
('CHOCOLATE PRINCESA', 'GOLOCINA', 9, '7613035863569', '', '1.15', '1.69', '1.000', '1.000', 270, NULL, 0, 0, 0, 0, 0, 0, '1.000', 'items_de', 270, ''),
('PACK CHOCOLATE SUB PRINC TRIANG', 'GOLOCINA', 9, '7613036880565', '', '13.99', '15.25', '1.000', '1.000', 271, NULL, 0, 0, 0, 0, 0, 0, '1.000', 'items_de', 271, ''),
('TOALLAS HIGIENICAS LADYSOFT', 'CUIDADO PERSONAL', 9, '7759185003674', '', '2.45', '2.97', '1.000', '1.000', 272, NULL, 0, 0, 0, 0, 0, 0, '1.000', 'items_de', 272, ''),
('BOOGIE', 'GOLOCINA', 9, NULL, '', '0.08', '0.17', '1.000', '1.000', 273, NULL, 0, 0, 0, 0, 0, 0, '1.000', 'items_de', 273, ''),
('BURBUJITAS 2 CERRITOS', 'GOLOCINA', 9, NULL, '', '0.52', '0.68', '1.000', '1.000', 274, NULL, 0, 0, 0, 0, 0, 0, '1.000', 'items_de', 274, ''),
('SUDADO', 'PESCADO', NULL, NULL, '', '17.50', '29.60', '1.000', '1.000', 275, NULL, 0, 0, 0, 0, 0, 0, '1.000', 'items_de', 275, ''),
('CHOCO YOGURT 2 CERRITOS', 'GOLOCINA', 9, NULL, '', '0.45', '0.68', '1.000', '1.000', 276, NULL, 0, 0, 0, 0, 0, 0, '1.000', 'items_de', 276, ''),
('PARIHUELA', 'PESCADO', NULL, NULL, '', '25.00', '38.13', '1.000', '1.000', 277, NULL, 0, 0, 0, 0, 0, 0, '1.000', 'items_de', 277, ''),
('GASEOSA PEPSI', 'BEBIDAS', NULL, '7751580000968', '', '6.80', '7.62', '1.000', '1.000', 278, NULL, 0, 0, 0, 0, 0, 0, '1.000', 'items_de', 278, ''),
('MANI CONFITADO KARINTO', 'GOLOCINA', NULL, '7752025008693', '', '1.00', '1.27', '1.000', '1.000', 279, NULL, 0, 0, 0, 0, 0, 0, '1.000', 'items_de', 279, ''),
('BUBBALOO SPARKIES', 'GOLOCINA', NULL, '7702133879494', '', '0.38', '0.85', '1.000', '1.000', 280, NULL, 0, 0, 0, 0, 0, 0, '1.000', 'items_de', 280, ''),
('KITKAT', 'GOLOCINA', NULL, '7891000248362', '', '1.35', '1.69', '1.000', '1.000', 281, NULL, 0, 0, 0, 0, 0, 0, '1.000', 'items_de', 281, ''),
('MECANO', 'GOLOCINA', NULL, '7750885002554', '', '0.38', '0.85', '1.000', '1.000', 282, NULL, 0, 0, 0, 0, 0, 0, '1.000', 'items_de', 282, ''),
('CLORETS MINTS', 'GOLOCINA', NULL, '7622210939234', '', '1.20', '1.69', '1.000', '1.000', 283, NULL, 0, 0, 0, 0, 0, 0, '1.000', 'items_de', 283, ''),
('MINI MINTY ', 'GOLOCINA', NULL, '7896451909008', '', '1.05', '1.27', '1.000', '1.000', 284, NULL, 0, 0, 0, 0, 0, 0, '1.000', 'items_de', 284, ''),
('MARSHMALLOW CHIN CHIN  CHOCO PALETON', 'GOLOCINA', NULL, '7752748007126', '', '1.05', '1.27', '1.000', '1.000', 285, NULL, 0, 0, 0, 0, 0, 0, '1.000', 'items_de', 285, ''),
('CHOCOLATE DE MANI 2 CERRITOS', 'GOLOCINA', NULL, NULL, '', '0.35', '0.51', '1.000', '1.000', 286, NULL, 0, 0, 0, 0, 0, 0, '1.000', 'items_de', 286, ''),
('MENTOS MINT', 'GOLOCINA', NULL, '78916418', '', '1.20', '1.69', '1.000', '1.000', 287, NULL, 0, 0, 0, 0, 0, 0, '1.000', 'items_de', 287, ''),
('KEKITO MARMOLEADO', 'QUEQUITOS', NULL, '7750727001042', '', '1.25', '1.69', '1.000', '1.000', 288, NULL, 0, 0, 0, 0, 0, 0, '1.000', 'items_de', 288, ''),
('SEVEN UP 3 lt', 'BEBIDAS', NULL, '7751580000982', '', '5.00', '5.93', '1.000', '1.000', 289, NULL, 0, 0, 0, 0, 0, 0, '1.000', 'items_de', 289, ''),
('CARAMELOS MENTOS BEATS FRUIT', 'GOLOCINA', 9, '7895144295466', '', '0.80', '1.27', '1.000', '1.000', 290, NULL, 0, 0, 0, 0, 0, 0, '1.000', 'items_de', 290, ''),
('LECHE CONDENSADA', 'GOLOCINA', NULL, '7751271024679', '', '3.69', '5.08', '1.000', '1.000', 291, NULL, 0, 0, 0, 0, 0, 0, '1.000', 'items_de', 291, ''),
('OCUCAJE ITALIA', 'BEBIDA ALCOHOLICA', 15, '7752933001298', '', '23.00', '29.66', '1.000', '1.000', 292, NULL, 0, 0, 0, 0, 0, 0, '1.000', 'items_de', 292, ''),
('OCUCAJE QUEBRANTA', 'BEBIDA ALCOHOLICA', 15, '7752933001304', '', '23.00', '29.66', '1.000', '1.000', 293, NULL, 0, 0, 0, 0, 0, 0, '1.000', 'items_de', 293, ''),
('OCUCAJE ACHOLADO', 'BEBIDA ALCOHOLICA', 15, '7752933001281', '', '23.00', '29.66', '1.000', '1.000', 294, NULL, 0, 0, 0, 0, 0, 0, '1.000', 'items_de', 294, ''),
('CERVEZA CRISTAL 650 ml', 'BEBIDA ALCOHOLICA', NULL, NULL, '', '5.00', '5.93', '1.000', '1.000', 295, NULL, 0, 0, 0, 0, 0, 0, '1.000', 'items_de', 295, ''),
('WISKY VASO', 'BEBIDA ALCOHOLICA', NULL, NULL, '', '9.00', '15.25', '1.000', '1.000', 296, NULL, 0, 0, 0, 0, 0, 0, '1.000', 'items_de', 296, ''),
('POLLO A LA PLANCHA', 'AVES', NULL, NULL, '', '9.00', '15.25', '1.000', '1.000', 297, NULL, 0, 0, 0, 0, 0, 0, '1.000', 'items_de', 297, ''),
('AGUA SAN CARLOS CON GAS 500 ml', 'BEBIDAS', NULL, '7751912000291', '', '1.02', '1.69', '1.000', '1.000', 298, NULL, 0, 0, 0, 0, 0, 0, '1.000', 'items_de', 298, ''),
('PEKE LAYS 135 gr', 'GOLOCINA', 7, '6917554956353', '', '4.80', '6.36', '1.000', '1.000', 299, NULL, 0, 0, 0, 0, 0, 0, '1.000', 'items_de', 299, ''),
('PRINGLES ORIGINAL 124 gr', 'LAYS EN LATA ', 7, '038000184932', '', '6.50', '7.63', '1.000', '1.000', 300, NULL, 0, 0, 0, 0, 0, 0, '1.000', 'items_de', 300, ''),
('CHOCO DONUTS', 'GOLOCINA', 7, '7750885017039', '', '5.35', '9.23', '1.000', '1.000', 301, NULL, 0, 0, 0, 0, 0, 0, '1.000', 'items_de', 301, ''),
('BOMBONES DE CHOCOLATE 2 CERRITOS 150 gr', 'CHOCOLATE', 7, '7751584001541', '', '7.50', '8.05', '1.000', '1.000', 302, NULL, 0, 0, 0, 0, 0, 0, '1.000', 'items_de', 302, ''),
('BOMBONES FINOS ', 'CHOCOLATE', 7, '7751584002289', '', '10.50', '11.01', '1.000', '1.000', 303, NULL, 0, 0, 0, 0, 0, 0, '1.000', 'items_de', 303, ''),
('BOMBONES DE CHOCOLATE 2 CERRITOS 100 gr ', 'CHOCOLATE', 7, '7751584001411', '', '7.25', '8.90', '1.000', '1.000', 304, NULL, 0, 0, 0, 0, 0, 0, '1.000', 'items_de', 304, ''),
('BOM BOM RELLENO DE CHOCOLATE GINNOU CORAZON 33 gr', 'CHOCOLATE', 7, '4897033224789', '', '4.67', '5.51', '1.000', '1.000', 305, NULL, 0, 0, 0, 0, 0, 0, '1.000', 'items_de', 305, ''),
('BOMBONES SURTIDOS CADENA DE AMOR ', 'CHOCOLATE', 7, '7756695000155', '', '13.25', '15.25', '1.000', '1.000', 306, NULL, 0, 0, 0, 0, 0, 0, '1.000', 'items_de', 306, ''),
('CONCHAS NEGRAS', 'CEVICHES', NULL, NULL, '', '16.00', '27.12', '1.000', '1.000', 307, NULL, 0, 0, 0, 0, 0, 0, '1.000', 'items_de', 307, ''),
('LIMONADA SIMPLE', 'BEBIDAS', NULL, NULL, '', '4.00', '10.17', '1.000', '1.000', 308, NULL, 0, 0, 0, 0, 0, 0, '1.000', 'items_de', 308, ''),
('ARROZ CHAUFA ', 'CARTA', NULL, NULL, '', '10.00', '16.95', '1.000', '1.000', 309, NULL, 0, 0, 0, 0, 0, 0, '1.000', 'items_de', 309, ''),
('TOFFES', 'CHOCOLATE', 7, NULL, '', '6.50', '8.47', '1.000', '1.000', 310, NULL, 0, 0, 0, 0, 1, 0, '1.000', 'items_de', 310, ''),
('TOFEES SURTIDOS 100 gr', 'CHOCOLATE', 7, '7750060000795', '', '6.50', '8.47', '1.000', '1.000', 311, NULL, 0, 0, 0, 0, 0, 0, '1.000', 'items_de', 311, ''),
('BIMBOLETES VAINILLA', 'QUEQUITOS', 7, '7750727006061', '', '1.00', '1.69', '1.000', '1.000', 312, NULL, 0, 0, 0, 0, 0, 0, '1.000', 'items_de', 312, ''),
('1/2 JARRA LIMONADA SIMPLE', 'BEBIDAS', NULL, NULL, '', '3.00', '5.08', '1.000', '1.000', 313, NULL, 0, 0, 0, 0, 0, 0, '1.000', 'items_de', 313, ''),
('ACONCAGUA DURAZNO EN MITADES 820 gr', 'CONSERVA', 7, '7750885006088', '', '6.50', '7.20', '1.000', '1.000', 314, NULL, 0, 0, 0, 0, 0, 0, '1.000', 'items_de', 314, ''),
('GALLETAS CAJA SURTIDA AZUL 256 gr', 'GALLETAS', 7, '7750885012614', '', '6.00', '7.20', '1.000', '1.000', 315, NULL, 0, 0, 0, 0, 0, 0, '1.000', 'items_de', 315, ''),
('ACONCAGUA DURAZNO MITADES 822 gr', 'CONSERVA', 7, '7801800100012', '', '6.35', '7.03', '1.000', '1.000', 316, NULL, 0, 0, 0, 0, 0, 0, '1.000', 'items_de', 316, ''),
('BOMBONES RELLENO DE FRESA Y CAFE 60 gr', 'CHOCOLATE', 7, '7756695000230', '', '4.25', '6.78', '1.000', '1.000', 317, NULL, 0, 0, 0, 0, 0, 0, '1.000', 'items_de', 317, ''),
('BOMBONES DE CHOCOLATE 60 gr', 'CHOCOLATE', 7, '7756695000643', '', '4.25', '6.78', '1.000', '1.000', 318, NULL, 0, 0, 0, 0, 0, 0, '1.000', 'items_de', 318, ''),
('BOMBONES CON RELLENOS 130 gr', 'CHOCOLATE', 7, '7756695000513', '', '8.50', '11.01', '1.000', '1.000', 319, NULL, 0, 0, 0, 0, 0, 0, '1.000', 'items_de', 319, ''),
('ACONCAGUA DOS CABALLOS DURAZNO 820 gr', 'CONSERVA', 7, '7801380101522', '', '6.50', '6.77', '1.000', '1.000', 320, NULL, 0, 0, 0, 0, 0, 0, '1.000', 'items_de', 320, ''),
('LICORINAS BOMBONES DE CHOCOLATE RELLENOS CON PISCO Y PASAS', 'CHOCOLATE', 7, '7752339002387', '', '7.25', '8.47', '1.000', '1.000', 321, NULL, 0, 0, 0, 0, 0, 0, '1.000', 'items_de', 321, ''),
('PANETON DONOFRIO 900 gr', 'PANETON', 9, '7613032657062', '', '19.50', '22.03', '1.000', '1.000', 322, NULL, 0, 0, 0, 0, 0, 0, '1.000', 'items_de', 322, ''),
('PANETON SAYON 900 gr', 'PANETON', 9, '7750243042277', '', '6.50', '19.49', '1.000', '1.000', 323, NULL, 0, 0, 0, 0, 0, 0, '1.000', 'items_de', 323, ''),
('CHOCMAN DOBLE MANJAR ', 'CHOCOLATE', 9, '7750885017657', '', '0.86', '1.01', '1.000', '1.000', 324, NULL, 0, 0, 0, 0, 0, 0, '1.000', 'items_de', 324, ''),
('BOMBONES DE CHOCOLATE 60 gr ', 'CHOCOLATE', 7, '7756695000315', '', '6.25', '6.78', '1.000', '1.000', 325, NULL, 0, 0, 0, 0, 0, 0, '1.000', 'items_de', 325, ''),
('LOMO SALTADO', 'MENU', NULL, NULL, '', '12.50', '21.19', '1.000', '1.000', 326, NULL, 0, 0, 0, 0, 0, 0, '1.000', 'items_de', 326, ''),
('JABON PALMOLIVE NATURALS 120 gr', 'CUIDADO PERSONAL', 9, '7702010410864', '', '2.10', '2.71', '1.000', '1.000', 327, NULL, 0, 0, 0, 0, 0, 0, '1.000', 'items_de', 327, ''),
('PASTA DENTAL COLGATE 75 ml', 'CUIDADO PERSONAL', 9, '7509546000985', '', '4.41', '5.08', '1.000', '1.000', 328, NULL, 0, 0, 0, 0, 0, 0, '1.000', 'items_de', 328, ''),
('JUGOS DE FRGUOS DEL VALLE DE MANZANA 1 lt', 'BEBIDAS', 9, '7750182003384', '', '3.89', '4.66', '1.000', '1.000', 329, NULL, 0, 0, 0, 0, 0, 0, '1.000', 'items_de', 329, '');
INSERT INTO `ospos_items` (`name`, `category`, `supplier_id`, `item_number`, `description`, `cost_price`, `unit_price`, `reorder_level`, `receiving_quantity`, `item_id`, `pic_filename`, `allow_alt_description`, `is_serialized`, `stock_type`, `item_type`, `deleted`, `tax_category_id`, `qty_per_pack`, `pack_name`, `low_sell_item_id`, `hsn_code`) VALUES
('FRUGOS DEL VALLE DURAZNO 1 lt', 'BEBIDAS', 9, '7750182003346', '', '3.89', '4.66', '1.000', '1.000', 330, NULL, 0, 0, 0, 0, 0, 0, '1.000', 'items_de', 330, ''),
('PANETON GLORIA 900 gr', 'PANETON', NULL, '7751271026116', '', '19.00', '22.03', '1.000', '1.000', 331, NULL, 0, 0, 0, 0, 0, 0, '1.000', 'items_de', 331, ''),
('PANETON BIMBO 900 gr', 'PANETON', 9, '7750727865477', '', '16.50', '21.18', '1.000', '1.000', 332, NULL, 0, 0, 0, 0, 0, 0, '1.000', 'items_de', 332, ''),
('MOJITO CLASICO', 'BEBIDA ALCOHOLICA', NULL, NULL, '', '7.50', '12.71', '1.000', '1.000', 333, NULL, 0, 0, 0, 0, 0, 0, '1.000', 'items_de', 333, ''),
('HUEVOS FRITOS', 'AVES', NULL, NULL, '', '0.50', '0.85', '1.000', '1.000', 334, NULL, 0, 0, 0, 0, 0, 0, '1.000', 'items_de', 334, ''),
('AQUARIUS GRANADILLA', 'BEBIDAS', 9, '7750182006453', '', '1.23', '2.12', '1.000', '1.000', 335, NULL, 0, 0, 0, 0, 0, 0, '1.000', 'items_de', 335, ''),
('AQUARIUS PERA', 'BEBIDAS', 9, '7750182006484', '', '1.23', '2.12', '1.000', '1.000', 336, NULL, 0, 0, 0, 0, 0, 0, '1.000', 'items_de', 336, ''),
('ARROZ CHAUFA 2', 'CARTA', NULL, NULL, '', '7.50', '12.71', '1.000', '1.000', 337, NULL, 0, 0, 0, 0, 0, 0, '1.000', 'items_de', 337, ''),
('JUGO DE PIÑA', 'BEBIDAS', NULL, NULL, '', '2.50', '4.24', '1.000', '1.000', 338, NULL, 0, 0, 0, 0, 0, 0, '1.000', 'items_de', 338, ''),
('GATORADE TROPICAL', 'BEBIDAS ENEREGIZANTES', 14, '7751655000596', '', '1.67', '2.97', '1.000', '1.000', 339, NULL, 0, 0, 0, 0, 0, 0, '1.000', 'items_de', 339, ''),
('GUARANA CONCORDIA', 'BEBIDAS', 14, '7401005909511', '', '0.89', '1.69', '1.000', '1.000', 340, NULL, 0, 0, 0, 0, 0, 0, '1.000', 'items_de', 340, ''),
('CALDO DE GALLINA', 'MENU', NULL, NULL, '', '4.00', '6.78', '1.000', '1.000', 341, NULL, 0, 0, 0, 0, 0, 0, '1.000', 'items_de', 341, ''),
('SALTADO DE POLLO 2', 'CARTA', NULL, NULL, '', '7.50', '12.71', '1.000', '1.000', 342, NULL, 0, 0, 0, 0, 0, 0, '1.000', 'items_de', 342, ''),
('PORCIONES DE ARROZ CON HUEVO', 'PORCIONES', NULL, NULL, '', '2.00', '3.39', '1.000', '1.000', 343, NULL, 0, 0, 0, 0, 0, 0, '1.000', 'items_de', 343, ''),
('AGUA SAN LUIS BIDON 7 lts', 'BEBIDAS', NULL, NULL, '', '7.75', '9.32', '1.000', '1.000', 344, NULL, 0, 0, 0, 0, 0, 0, '1.000', 'items_de', 344, ''),
('CHUPETIN GLOBO POP LED', 'GOLOCINA', NULL, '7758102005081', '', '0.85', '1.27', '1.000', '1.000', 345, NULL, 0, 0, 0, 0, 0, 0, '1.000', 'items_de', 345, ''),
('TRIDENT TROPICAL MIX', 'GOLOCINA', NULL, '7702133863271', '', '0.71', '1.27', '1.000', '1.000', 346, NULL, 0, 0, 0, 0, 0, 0, '1.000', 'items_de', 346, ''),
('PAPEL HIGIENICO SUAVE', 'CUIDADO PERSONAL', NULL, NULL, '', '0.75', '0.85', '1.000', '1.000', 347, NULL, 0, 0, 0, 0, 0, 0, '1.000', 'items_de', 347, ''),
('220V ORIGINAL', 'BEBIDAS ENEREGIZANTES', 14, '024474005866', '', '1.57', '2.12', '1.000', '1.000', 348, NULL, 0, 0, 0, 0, 0, 0, '1.000', 'items_de', 348, ''),
('PALITOS CON AJONJOLI Y LINAZA', 'CEREAL', 9, '7752056001656', '', '1.29', '1.69', '1.000', '1.000', 349, NULL, 0, 0, 0, 0, 0, 0, '1.000', 'items_de', 349, ''),
('SPORADE MANDARINA', 'BEBIDAS ENEREGIZANTES', 11, '7750670010221', '', '1.63', '2.12', '1.000', '1.000', 350, NULL, 0, 0, 0, 0, 0, 0, '1.000', 'items_de', 350, ''),
('CIELO ALCALINA', 'BEBIDAS', 11, '7750670014779', '', '0.98', '1.69', '1.000', '1.000', 351, NULL, 0, 0, 0, 0, 0, 0, '1.000', 'items_de', 351, ''),
('ATUN FLORIDA FILETE', 'CONSERVAS', 9, '7751158007016', '', '4.71', '0.00', '1.000', '1.000', 352, NULL, 0, 0, 0, 0, 0, 0, '1.000', 'items_de', 352, ''),
('JARRA DE LIMA', 'BEBIDAS', NULL, NULL, '', '6.00', '10.17', '1.000', '1.000', 353, NULL, 0, 0, 0, 0, 0, 0, '1.000', 'items_de', 353, ''),
('CEVICHE ENCREMADO', 'CEVICHES', NULL, NULL, '', '15.00', '21.19', '1.000', '1.000', 354, NULL, 0, 0, 0, 0, 0, 0, '1.000', 'items_de', 354, ''),
('MILANESA', 'CENA', NULL, NULL, '', '10.00', '16.95', '1.000', '1.000', 355, NULL, 0, 0, 0, 0, 0, 0, '1.000', 'items_de', 355, ''),
('GALLETA GRETEL DE CHOCOLATE 34 gr', 'GALLETAS', 9, '7750885011907', '', '0.50', '0.85', '1.000', '1.000', 356, NULL, 0, 0, 0, 0, 0, 0, '1.000', 'items_de', 356, ''),
('GALLETA GRETEL MANJAR 34 gr', 'GALLETAS', NULL, '7750885011884', '', '0.50', '0.85', '1.000', '1.000', 357, NULL, 0, 0, 0, 0, 0, 0, '1.000', 'items_de', 357, ''),
('TROZOS DE ATUN COMPASS 170 gr', 'CONSERVA', NULL, '7751158007078', '', '4.17', '5.00', '1.000', '1.000', 358, NULL, 0, 0, 0, 0, 0, 0, '1.000', 'items_de', 358, ''),
('FIELTE DE ATUN LA FLORIDA 170 gr', 'CONSERVA', 9, '7751158000437', '', '4.71', '5.51', '1.000', '1.000', 359, NULL, 0, 0, 0, 0, 0, 0, '1.000', 'items_de', 359, ''),
('GOMA DE MASCAR CLORETS 2.8 gr', 'GOLOCINA', NULL, '75019907', '', '0.12', '0.25', '1.000', '1.000', 360, NULL, 0, 0, 0, 0, 0, 0, '1.000', 'items_de', 360, ''),
('GOMA DE MASCAR CHICLETS 2.8 gr', 'GOLOCINA', NULL, NULL, '', '0.12', '0.25', '1.000', '1.000', 361, NULL, 0, 0, 0, 0, 0, 0, '1.000', 'items_de', 361, ''),
('FERRERO ROCHER 100 gr', 'CHOCOLATE', NULL, '7861002900117', '', '15.00', '15.25', '1.000', '1.000', 362, NULL, 0, 0, 0, 0, 0, 0, '1.000', 'items_de', 362, ''),
('GASEOSA PEPSI 2 LT', 'BEBIDAS', NULL, '7751580000883', '', '4.80', '5.93', '1.000', '1.000', 363, NULL, 0, 0, 0, 0, 0, 0, '1.000', 'items_de', 363, ''),
('SEVEN UP 1.5 lt', 'BEBIDAS', NULL, NULL, '', '3.90', '4.23', '1.000', '1.000', 364, NULL, 0, 0, 0, 0, 0, 0, '1.000', 'items_de', 364, ''),
('PARIHUELA DE CABRILLA', 'PESCADO', NULL, NULL, '', '20.00', '33.90', '1.000', '1.000', 365, NULL, 0, 0, 0, 0, 0, 0, '1.000', 'items_de', 365, ''),
('MARACUYA', 'BEBIDAS', NULL, NULL, '', '6.00', '10.17', '1.000', '1.000', 366, NULL, 0, 0, 0, 0, 0, 0, '1.000', 'items_de', 366, ''),
('TACU TACU C/ SALSA DE MARISCO', 'CARTA', NULL, NULL, '', '12.50', '21.19', '1.000', '1.000', 367, NULL, 0, 0, 0, 0, 0, 0, '1.000', 'items_de', 367, ''),
('PANETON BOUN NATALE 800 gr', 'PANETON', 9, '7613037554748', '', '16.50', '18.64', '1.000', '1.000', 368, NULL, 0, 0, 0, 0, 0, 0, '1.000', 'items_de', 368, ''),
('PANETON BLANCA FLOR 900 gr', 'PANETON', 9, '7750243040631', '', '18.50', '20.34', '1.000', '1.000', 369, NULL, 0, 0, 0, 0, 0, 0, '1.000', 'items_de', 369, ''),
('PEPSI 500 ml', 'BEBIDAS', 14, '7751912148450', '', '1.41', '2.15', '1.000', '1.000', 370, NULL, 0, 0, 0, 0, 0, 0, '1.000', 'items_de', 370, '');

-- --------------------------------------------------------

--
-- Estructura de tabla para la tabla `ospos_items_taxes`
--

DROP TABLE IF EXISTS `ospos_items_taxes`;
CREATE TABLE `ospos_items_taxes` (
  `item_id` int(10) NOT NULL,
  `name` varchar(255) NOT NULL,
  `percent` decimal(15,3) NOT NULL
) ENGINE=InnoDB DEFAULT CHARSET=utf8;

--
-- Volcado de datos para la tabla `ospos_items_taxes`
--

INSERT INTO `ospos_items_taxes` (`item_id`, `name`, `percent`) VALUES
(1, 'IGV', '18.000'),
(2, 'IGV', '18.000'),
(3, 'IGV', '18.000'),
(4, 'IGV', '18.000'),
(5, 'IGV', '18.000'),
(6, 'IGV', '18.000'),
(7, 'IGV', '18.000'),
(8, 'IGV', '18.000'),
(9, 'IGV', '18.000'),
(10, 'IGV', '18.000'),
(11, 'IGV', '18.000'),
(12, 'IGV', '18.000'),
(13, 'IGV', '18.000'),
(14, 'IGV', '18.000'),
(15, 'IGV', '18.000'),
(16, 'IGV', '18.000'),
(17, 'IGV', '18.000'),
(18, 'IGV', '18.000'),
(19, 'IGV', '18.000'),
(20, 'IGV', '18.000'),
(21, 'IGV', '18.000'),
(22, 'IGV', '18.000'),
(23, 'IGV', '18.000'),
(24, 'IGV', '18.000'),
(25, 'IGV', '18.000'),
(26, 'IGV', '18.000'),
(27, 'IGV', '18.000'),
(28, 'IGV', '18.000'),
(29, 'IGV', '18.000'),
(30, 'IGV', '18.000'),
(31, 'IGV', '18.000'),
(32, 'IGV', '18.000'),
(33, 'IGV', '18.000'),
(34, 'IGV', '18.000'),
(35, 'IGV', '18.000'),
(36, 'IGV', '18.000'),
(37, 'IGV', '18.000'),
(38, 'IGV', '18.000'),
(39, 'IGV', '18.000'),
(40, 'IGV', '18.000'),
(41, 'IGV', '18.000'),
(42, 'IGV', '18.000'),
(43, 'IGV', '18.000'),
(44, 'IGV', '18.000'),
(45, 'IGV', '18.000'),
(46, 'IGV', '18.000'),
(47, 'IGV', '18.000'),
(48, 'IGV', '18.000'),
(49, 'IGV', '18.000'),
(50, 'IGV', '18.000'),
(51, 'IGV', '18.000'),
(52, 'IGV', '18.000'),
(53, 'IGV', '18.000'),
(54, 'IGV', '18.000'),
(55, 'IGV', '18.000'),
(56, 'IGV', '18.000'),
(57, 'IGV', '18.000'),
(58, 'IGV', '18.000'),
(59, 'IGV', '18.000'),
(60, 'IGV', '18.000'),
(61, 'IGV', '18.000'),
(62, 'IGV', '18.000'),
(63, 'IGV', '18.000'),
(64, 'IGV', '18.000'),
(65, 'IGV', '18.000'),
(66, 'IGV', '18.000'),
(67, 'IGV', '18.000'),
(68, 'IGV', '18.000'),
(69, 'IGV', '18.000'),
(70, 'IGV', '18.000'),
(71, 'IGV', '18.000'),
(72, 'IGV', '18.000'),
(73, 'IGV', '18.000'),
(74, 'IGV', '18.000'),
(75, 'IGV', '18.000'),
(76, 'IGV', '18.000'),
(77, 'IGV', '18.000'),
(78, 'IGV', '18.000'),
(79, 'IGV', '18.000'),
(80, 'IGV', '18.000'),
(81, 'IGV', '18.000'),
(82, 'IGV', '18.000'),
(83, 'IGV', '18.000'),
(84, 'IGV', '18.000'),
(85, 'IGV', '18.000'),
(86, 'IGV', '18.000'),
(87, 'IGV', '18.000'),
(88, 'IGV', '18.000'),
(89, 'IGV', '18.000'),
(90, 'IGV', '18.000'),
(91, 'IGV', '18.000'),
(92, 'IGV', '18.000'),
(93, 'IGV', '18.000'),
(94, 'IGV', '18.000'),
(95, 'IGV', '18.000'),
(96, 'IGV', '18.000'),
(97, 'IGV', '18.000'),
(98, 'IGV', '18.000'),
(99, 'IGV', '18.000'),
(100, 'IGV', '18.000'),
(101, 'IGV', '18.000'),
(102, 'IGV', '18.000'),
(103, 'IGV', '18.000'),
(104, 'IGV', '18.000'),
(105, 'IGV', '18.000'),
(106, 'IGV', '18.000'),
(107, 'IGV', '18.000'),
(108, 'IGV', '18.000'),
(109, 'IGV', '18.000'),
(110, 'IGV', '18.000'),
(111, 'IGV', '18.000'),
(112, 'IGV', '18.000'),
(113, 'IGV', '18.000'),
(114, 'IGV', '18.000'),
(115, 'IGV', '18.000'),
(116, 'IGV', '18.000'),
(117, 'IGV', '18.000'),
(118, 'IGV', '18.000'),
(119, 'IGV', '18.000'),
(120, 'IGV', '18.000'),
(121, 'IGV', '18.000'),
(122, 'IGV', '18.000'),
(123, 'IGV', '18.000'),
(124, 'IGV', '18.000'),
(125, 'IGV', '18.000'),
(126, 'IGV', '18.000'),
(127, 'IGV', '18.000'),
(128, 'IGV', '18.000'),
(129, 'IGV', '18.000'),
(130, 'IGV', '18.000'),
(131, 'IGV', '18.000'),
(132, 'IGV', '18.000'),
(133, 'IGV', '18.000'),
(134, 'IGV', '18.000'),
(135, 'IGV', '18.000'),
(136, 'IGV', '18.000'),
(137, 'IGV', '18.000'),
(138, 'IGV', '18.000'),
(139, 'IGV', '18.000'),
(140, 'IGV', '18.000'),
(141, 'IGV', '18.000'),
(142, 'IGV', '18.000'),
(143, 'IGV', '18.000'),
(144, 'IGV', '18.000'),
(145, 'IGV', '18.000'),
(146, 'igv', '18.000'),
(147, 'IGV', '18.000'),
(148, 'IGV', '18.000'),
(149, 'IGV', '18.000'),
(150, 'IGV', '18.000'),
(151, 'IGV', '18.000'),
(152, 'IGV', '18.000'),
(153, 'IGV', '18.000'),
(154, 'IGV', '18.000'),
(155, 'IGV', '18.000'),
(156, 'IGV', '18.000'),
(157, 'IGV', '18.000'),
(158, 'IGV', '18.000'),
(159, 'IGV', '18.000'),
(160, 'IGV', '18.000'),
(161, 'IGV', '18.000'),
(162, 'IGV', '18.000'),
(163, 'IGV', '18.000'),
(164, 'IGV', '18.000'),
(165, 'IGV', '18.000'),
(166, 'IGV', '18.000'),
(167, 'IGV', '18.000'),
(168, 'IGV', '18.000'),
(169, 'IGV', '18.000'),
(170, 'IGV', '18.000'),
(171, 'IGV', '18.000'),
(172, 'IGV', '18.000'),
(173, 'IGV', '18.000'),
(174, 'IGV', '18.000'),
(175, 'IGV', '18.000'),
(176, 'IGV', '18.000'),
(177, 'IGV', '18.000'),
(178, 'IGV', '18.000'),
(179, 'IGV', '18.000'),
(180, 'IGV', '18.000'),
(181, 'IGV', '18.000'),
(182, 'IGV', '18.000'),
(183, 'IGV', '18.000'),
(184, 'IGV', '18.000'),
(185, 'IGV', '18.000'),
(186, 'IGV', '18.000'),
(187, 'IGV', '18.000'),
(188, 'IGV', '18.000'),
(189, 'IGV', '18.000'),
(190, 'IGV', '18.000'),
(191, 'IGV', '18.000'),
(192, 'IGV', '18.000'),
(193, 'IGV', '18.000'),
(194, 'IGV', '18.000'),
(195, 'IGV', '18.000'),
(196, 'IGV', '18.000'),
(197, 'IGV', '18.000'),
(198, 'IGV', '18.000'),
(199, 'IGV', '18.000'),
(200, 'IGV', '18.000'),
(201, 'IGV', '18.000'),
(202, 'IGV', '18.000'),
(203, 'IGV', '18.000'),
(204, 'IGV', '18.000'),
(205, 'IGV', '18.000'),
(206, 'IGV', '18.000'),
(207, 'IGV', '18.000'),
(208, 'IGV', '18.000'),
(209, 'IGV', '18.000'),
(210, 'IGV', '18.000'),
(211, 'IGV', '18.000'),
(212, 'IGV', '18.000'),
(213, 'IGV', '18.000'),
(214, 'IGV', '18.000'),
(215, 'IGV', '18.000'),
(216, 'IGV', '18.000'),
(217, 'IGV', '18.000'),
(218, 'IGV', '18.000'),
(219, 'IGV', '18.000'),
(220, 'IGV', '18.000'),
(221, 'IGV', '18.000'),
(222, 'IGV', '18.000'),
(223, 'IGV', '18.000'),
(224, 'IGV', '18.000'),
(225, 'IGV', '18.000'),
(226, 'IGV', '18.000'),
(227, 'IGV', '18.000'),
(228, 'IGV', '18.000'),
(229, 'IGV', '18.000'),
(230, 'IGV', '18.000'),
(231, 'IGV', '18.000'),
(232, 'IGV', '18.000'),
(233, 'IGV', '18.000'),
(234, 'IGV', '18.000'),
(235, 'IGV', '18.000'),
(236, 'IGV', '18.000'),
(237, 'IGV', '18.000'),
(238, 'IGV', '18.000'),
(239, 'IGV', '18.000'),
(240, 'IGV', '18.000'),
(241, 'IGV', '18.000'),
(242, 'IGV', '18.000'),
(243, 'IGV', '18.000'),
(244, 'IGV', '18.000'),
(245, 'IGV', '18.000'),
(246, 'IGV', '18.000'),
(247, 'IGV', '18.000'),
(248, 'IGV', '18.000'),
(249, 'IGV', '18.000'),
(250, 'IGV', '18.000'),
(251, 'IGV', '18.000'),
(252, 'IGV', '18.000'),
(253, 'IGV', '18.000'),
(254, 'IGV', '18.000'),
(255, 'IGV', '18.000'),
(256, 'IGV', '18.000'),
(257, 'IGV', '18.000'),
(258, 'IGV', '18.000'),
(259, 'IGV', '18.000'),
(260, 'IGV', '18.000'),
(261, 'IGV', '18.000'),
(262, 'IGV', '18.000'),
(263, 'IGV', '18.000'),
(264, 'IGV', '18.000'),
(265, 'IGV', '18.000'),
(266, 'IGV', '18.000'),
(267, 'IGV', '18.000'),
(268, 'IGV', '18.000'),
(269, 'IGV', '18.000'),
(270, 'IGV', '18.000'),
(271, 'IGV', '18.000'),
(272, 'IGV', '18.000'),
(273, 'IGV', '18.000'),
(274, 'IGV', '18.000'),
(275, 'IGV', '18.000'),
(276, 'IGV', '18.000'),
(277, 'IGV', '18.000'),
(278, 'IGV', '18.000'),
(279, 'igv', '18.000'),
(280, 'IGV', '18.000'),
(281, 'IGV', '18.000'),
(282, 'IGV', '18.000'),
(283, 'IGV', '18.000'),
(284, 'IGV', '18.000'),
(285, 'IGV', '18.000'),
(286, 'IGV', '18.000'),
(287, 'IGV', '18.000'),
(288, 'IGV', '18.000'),
(289, 'IGV', '18.000'),
(290, 'IGV', '18.000'),
(291, 'IGV', '18.000'),
(292, 'IGV', '18.000'),
(293, 'IGV', '18.000'),
(294, 'IGV', '18.000'),
(295, 'IGV', '18.000'),
(296, 'IGV', '18.000'),
(297, 'IGV', '18.000'),
(298, 'IGV', '18.000'),
(299, 'IGV', '18.000'),
(300, 'IGV', '18.000'),
(301, 'IGV', '18.000'),
(302, 'IGV', '18.000'),
(303, 'IGV', '18.000'),
(304, 'IGV', '18.000'),
(305, 'IGV', '18.000'),
(306, 'IGV', '18.000'),
(307, 'IGV', '18.000'),
(308, 'IGV', '18.000'),
(309, 'IGV', '18.000'),
(310, 'IGV', '18.000'),
(311, 'IGV', '18.000'),
(312, 'IGV', '18.000'),
(313, 'IGV', '18.000'),
(314, 'IGV', '18.000'),
(315, 'IGV', '18.000'),
(316, 'IGV', '18.000'),
(317, 'IGV', '18.000'),
(318, 'IGV', '18.000'),
(319, 'IGV', '18.000'),
(320, 'IGV', '18.000'),
(321, 'IGV', '18.000'),
(322, 'IGV', '18.000'),
(323, 'IGV', '18.000'),
(324, 'IGV', '18.000'),
(325, 'IGV', '18.000'),
(326, 'IGV', '18.000'),
(327, 'IGV', '18.000'),
(328, 'IGV', '18.000'),
(329, 'IGV', '18.000'),
(330, 'IGV', '18.000'),
(331, 'IGV', '18.000'),
(332, 'IGV', '18.000'),
(333, 'IGV', '18.000'),
(334, 'IGV', '18.000'),
(335, 'IGV', '18.000'),
(336, 'IGV', '18.000'),
(337, 'IGV', '18.000'),
(338, 'IGV', '18.000'),
(339, 'IGV', '18.000'),
(340, 'IGV', '18.000'),
(341, 'IGV', '18.000'),
(342, 'IGV', '18.000'),
(343, 'IGV', '18.000'),
(344, 'IGV', '18.000'),
(345, 'IGV', '18.000'),
(346, 'IGV', '18.000'),
(347, 'IGV', '18.000'),
(348, 'IGV', '18.000'),
(349, 'IGV', '18.000'),
(350, 'IGV', '18.000'),
(351, 'IGV', '18.000'),
(352, 'IGV', '18.000'),
(353, 'IGV', '18.000'),
(354, 'IGV', '18.000'),
(355, 'IGV', '18.000'),
(356, 'IGV', '18.000'),
(357, 'IGV', '18.000'),
(358, 'IGV', '18.000'),
(359, 'IGV', '18.000'),
(360, 'IGV', '18.000'),
(361, 'IGV', '18.000'),
(362, 'IGV', '18.000'),
(364, 'IGV', '18.000'),
(365, 'IGV', '18.000'),
(366, 'IGV', '18.000'),
(367, 'IGV', '18.000'),
(368, 'IGV', '18.000'),
(369, 'IGV', '18.000'),
(370, 'IGV', '18.000');

-- --------------------------------------------------------

--
-- Estructura de tabla para la tabla `ospos_item_kits`
--

DROP TABLE IF EXISTS `ospos_item_kits`;
CREATE TABLE `ospos_item_kits` (
  `item_kit_id` int(11) NOT NULL,
  `name` varchar(255) NOT NULL,
  `item_id` int(10) NOT NULL DEFAULT '0',
  `kit_discount` decimal(15,2) NOT NULL DEFAULT '0.00',
  `kit_discount_type` tinyint(2) NOT NULL DEFAULT '0',
  `price_option` tinyint(2) NOT NULL DEFAULT '0',
  `print_option` tinyint(2) NOT NULL DEFAULT '0',
  `description` varchar(255) NOT NULL
) ENGINE=InnoDB DEFAULT CHARSET=utf8;

-- --------------------------------------------------------

--
-- Estructura de tabla para la tabla `ospos_item_kit_items`
--

DROP TABLE IF EXISTS `ospos_item_kit_items`;
CREATE TABLE `ospos_item_kit_items` (
  `item_kit_id` int(11) NOT NULL,
  `item_id` int(11) NOT NULL,
  `quantity` decimal(15,3) NOT NULL,
  `kit_sequence` int(3) NOT NULL DEFAULT '0'
) ENGINE=InnoDB DEFAULT CHARSET=utf8;

-- --------------------------------------------------------

--
-- Estructura de tabla para la tabla `ospos_item_quantities`
--

DROP TABLE IF EXISTS `ospos_item_quantities`;
CREATE TABLE `ospos_item_quantities` (
  `item_id` int(11) NOT NULL,
  `location_id` int(11) NOT NULL,
  `quantity` decimal(15,3) NOT NULL DEFAULT '0.000'
) ENGINE=InnoDB DEFAULT CHARSET=utf8;

--
-- Volcado de datos para la tabla `ospos_item_quantities`
--

INSERT INTO `ospos_item_quantities` (`item_id`, `location_id`, `quantity`) VALUES
(1, 1, '6.000'),
(2, 1, '5.000'),
(3, 1, '10.000'),
(4, 1, '10.000'),
(5, 1, '10.000'),
(6, 1, '5.000'),
(7, 1, '5.000'),
(8, 1, '13.000'),
(9, 1, '11.000'),
(10, 1, '3.000'),
(11, 1, '3.000'),
(12, 1, '6.000'),
(13, 1, '6.000'),
(14, 1, '6.000'),
(15, 1, '6.000'),
(16, 1, '6.000'),
(17, 1, '7.000'),
(18, 1, '3.000'),
(19, 1, '10.000'),
(20, 1, '2.000'),
(21, 1, '5.000'),
(22, 1, '17.000'),
(23, 1, '34.000'),
(24, 1, '27.000'),
(25, 1, '27.000'),
(26, 1, '15.000'),
(27, 1, '35.000'),
(28, 1, '31.000'),
(29, 1, '17.000'),
(30, 1, '6.000'),
(31, 1, '11.000'),
(32, 1, '12.000'),
(33, 1, '20.000'),
(34, 1, '14.000'),
(35, 1, '11.000'),
(36, 1, '16.000'),
(37, 1, '15.000'),
(38, 1, '15.000'),
(39, 1, '13.000'),
(40, 1, '12.000'),
(41, 1, '14.000'),
(42, 1, '21.000'),
(43, 1, '12.000'),
(44, 1, '6.000'),
(45, 1, '17.000'),
(46, 1, '11.000'),
(47, 1, '11.000'),
(48, 1, '10.000'),
(49, 1, '32.000'),
(50, 1, '9.000'),
(51, 1, '44.000'),
(52, 1, '43.000'),
(53, 1, '11.000'),
(54, 1, '14.000'),
(55, 1, '0.000'),
(56, 1, '11.000'),
(57, 1, '7.000'),
(58, 1, '12.000'),
(59, 1, '3.000'),
(60, 1, '12.000'),
(61, 1, '3.000'),
(62, 1, '9.000'),
(63, 1, '1.000'),
(64, 1, '3.000'),
(65, 1, '6.000'),
(66, 1, '2.000'),
(67, 1, '5.000'),
(68, 1, '2.000'),
(69, 1, '5.000'),
(70, 1, '8.000'),
(71, 1, '2.000'),
(72, 1, '6.000'),
(73, 1, '24.000'),
(74, 1, '6.000'),
(75, 1, '6.000'),
(76, 1, '6.000'),
(77, 1, '13.000'),
(78, 1, '16.000'),
(79, 1, '9.000'),
(80, 1, '18.000'),
(81, 1, '18.000'),
(82, 1, '12.000'),
(83, 1, '12.000'),
(84, 1, '10.000'),
(85, 1, '12.000'),
(86, 1, '38.000'),
(87, 1, '19.000'),
(88, 1, '12.000'),
(89, 1, '15.000'),
(90, 1, '9.000'),
(91, 1, '11.000'),
(92, 1, '16.000'),
(93, 1, '18.000'),
(94, 1, '18.000'),
(95, 1, '18.000'),
(96, 1, '12.000'),
(97, 1, '12.000'),
(98, 1, '12.000'),
(99, 1, '24.000'),
(100, 1, '30.000'),
(101, 1, '30.000'),
(102, 1, '33.000'),
(103, 1, '36.000'),
(104, 1, '17.000'),
(105, 1, '17.000'),
(106, 1, '15.000'),
(107, 1, '18.000'),
(108, 1, '18.000'),
(109, 1, '26.000'),
(110, 1, '27.000'),
(111, 1, '27.000'),
(112, 1, '21.000'),
(113, 1, '18.000'),
(114, 1, '18.000'),
(115, 1, '16.000'),
(116, 1, '18.000'),
(117, 1, '28.000'),
(118, 1, '9.000'),
(119, 1, '11.000'),
(120, 1, '12.000'),
(121, 1, '12.000'),
(122, 1, '12.000'),
(123, 1, '18.000'),
(124, 1, '11.000'),
(125, 1, '14.000'),
(126, 1, '19.000'),
(127, 1, '24.000'),
(128, 1, '5.000'),
(129, 1, '5.000'),
(130, 1, '8.000'),
(131, 1, '6.000'),
(132, 1, '7.000'),
(133, 1, '18.000'),
(134, 1, '11.000'),
(135, 1, '19.000'),
(136, 1, '15.000'),
(137, 1, '8.000'),
(138, 1, '16.000'),
(139, 1, '17.000'),
(140, 1, '18.000'),
(141, 1, '12.000'),
(142, 1, '9.000'),
(143, 1, '24.000'),
(144, 1, '24.000'),
(145, 1, '29.000'),
(146, 1, '47.000'),
(147, 1, '20.000'),
(148, 1, '4.000'),
(149, 1, '12.000'),
(150, 1, '12.000'),
(151, 1, '40.000'),
(152, 1, '47.000'),
(153, 1, '2.000'),
(154, 1, '40.000'),
(155, 1, '24.000'),
(156, 1, '10.000'),
(157, 1, '6.000'),
(158, 1, '5.000'),
(159, 1, '6.000'),
(160, 1, '12.000'),
(161, 1, '15.000'),
(162, 1, '14.000'),
(163, 1, '17.000'),
(164, 1, '17.000'),
(165, 1, '24.000'),
(166, 1, '6.000'),
(167, 1, '11.000'),
(168, 1, '15.000'),
(169, 1, '12.000'),
(170, 1, '6.000'),
(171, 1, '10.000'),
(172, 1, '496.000'),
(173, 1, '5.000'),
(174, 1, '500.000'),
(175, 1, '4.000'),
(176, 1, '500.000'),
(177, 1, '500.000'),
(178, 1, '499.000'),
(179, 1, '492.000'),
(180, 1, '5.000'),
(181, 1, '500.000'),
(182, 1, '500.000'),
(183, 1, '492.000'),
(184, 1, '10.000'),
(185, 1, '24.000'),
(186, 1, '458.000'),
(187, 1, '4.000'),
(188, 1, '497.000'),
(189, 1, '3.000'),
(190, 1, '6.000'),
(191, 1, '6.000'),
(192, 1, '12.000'),
(193, 1, '497.000'),
(194, 1, '500.000'),
(195, 1, '3.000'),
(196, 1, '3.000'),
(197, 1, '499.000'),
(198, 1, '3.000'),
(199, 1, '499.000'),
(200, 1, '3.000'),
(201, 1, '500.000'),
(202, 1, '3.000'),
(203, 1, '3.000'),
(204, 1, '500.000'),
(205, 1, '500.000'),
(206, 1, '500.000'),
(207, 1, '500.000'),
(208, 1, '3.000'),
(209, 1, '500.000'),
(210, 1, '498.000'),
(211, 1, '500.000'),
(212, 1, '3.000'),
(213, 1, '500.000'),
(214, 1, '500.000'),
(215, 1, '3.000'),
(216, 1, '500.000'),
(217, 1, '500.000'),
(218, 1, '500.000'),
(219, 1, '3.000'),
(220, 1, '500.000'),
(221, 1, '500.000'),
(222, 1, '500.000'),
(223, 1, '6.000'),
(224, 1, '500.000'),
(225, 1, '500.000'),
(226, 1, '500.000'),
(227, 1, '500.000'),
(228, 1, '500.000'),
(229, 1, '498.000'),
(230, 1, '500.000'),
(231, 1, '493.000'),
(232, 1, '3.000'),
(233, 1, '500.000'),
(234, 1, '500.000'),
(235, 1, '500.000'),
(236, 1, '500.000'),
(237, 1, '500.000'),
(238, 1, '499.000'),
(239, 1, '3.000'),
(240, 1, '500.000'),
(241, 1, '499.000'),
(242, 1, '496.000'),
(243, 1, '6.000'),
(244, 1, '500.000'),
(245, 1, '500.000'),
(246, 1, '500.000'),
(247, 1, '500.000'),
(248, 1, '6.000'),
(249, 1, '499.000'),
(250, 1, '499.000'),
(251, 1, '500.000'),
(252, 1, '495.000'),
(253, 1, '500.000'),
(254, 1, '498.000'),
(255, 1, '496.000'),
(256, 1, '498.000'),
(257, 1, '493.000'),
(258, 1, '9.000'),
(259, 1, '499.000'),
(260, 1, '486.000'),
(261, 1, '498.000'),
(262, 1, '3.000'),
(263, 1, '12.000'),
(264, 1, '11.000'),
(265, 1, '3.000'),
(266, 1, '23.000'),
(267, 1, '23.000'),
(268, 1, '24.000'),
(269, 1, '20.000'),
(270, 1, '20.000'),
(271, 1, '3.000'),
(272, 1, '6.000'),
(273, 1, '480.000'),
(274, 1, '48.000'),
(275, 1, '500.000'),
(276, 1, '12.000'),
(277, 1, '499.000'),
(278, 1, '5.000'),
(279, 1, '11.000'),
(280, 1, '24.000'),
(281, 1, '18.000'),
(282, 1, '23.000'),
(283, 1, '24.000'),
(284, 1, '24.000'),
(285, 1, '23.000'),
(286, 1, '28.000'),
(287, 1, '11.000'),
(288, 1, '11.000'),
(289, 1, '4.000'),
(290, 1, '72.000'),
(291, 1, '6.000'),
(292, 1, '1.000'),
(293, 1, '1.000'),
(294, 1, '1.000'),
(295, 1, '22.000'),
(296, 1, '499.000'),
(297, 1, '497.000'),
(298, 1, '15.000'),
(299, 1, '8.000'),
(300, 1, '4.000'),
(301, 1, '3.000'),
(302, 1, '4.000'),
(303, 1, '3.000'),
(304, 1, '3.000'),
(305, 1, '6.000'),
(306, 1, '3.000'),
(307, 1, '498.000'),
(308, 1, '500.000'),
(309, 1, '495.000'),
(310, 1, '0.000'),
(311, 1, '3.000'),
(312, 1, '9.000'),
(313, 1, '498.000'),
(314, 1, '2.000'),
(315, 1, '3.000'),
(316, 1, '2.000'),
(317, 1, '3.000'),
(318, 1, '2.000'),
(319, 1, '2.000'),
(320, 1, '2.000'),
(321, 1, '3.000'),
(322, 1, '6.000'),
(323, 1, '12.000'),
(324, 1, '20.000'),
(325, 1, '2.000'),
(326, 1, '494.000'),
(327, 1, '12.000'),
(328, 1, '11.000'),
(329, 1, '2.000'),
(330, 1, '4.000'),
(331, 1, '2.000'),
(332, 1, '2.000'),
(333, 1, '499.000'),
(334, 1, '498.000'),
(335, 1, '6.000'),
(336, 1, '5.000'),
(337, 1, '499.000'),
(338, 1, '497.000'),
(339, 1, '12.000'),
(340, 1, '29.000'),
(341, 1, '499.000'),
(342, 1, '499.000'),
(343, 1, '499.000'),
(344, 1, '2.000'),
(345, 1, '24.000'),
(346, 1, '17.000'),
(347, 1, '6.000'),
(348, 1, '12.000'),
(349, 1, '11.000'),
(350, 1, '12.000'),
(351, 1, '12.000'),
(352, 1, '12.000'),
(353, 1, '499.000'),
(354, 1, '498.000'),
(355, 1, '499.000'),
(356, 1, '18.000'),
(357, 1, '6.000'),
(358, 1, '12.000'),
(359, 1, '12.000'),
(360, 1, '100.000'),
(361, 1, '197.000'),
(362, 1, '3.000'),
(363, 1, '0.000'),
(364, 1, '4.000'),
(365, 1, '498.000'),
(366, 1, '498.000'),
(367, 1, '499.000'),
(368, 1, '1.000'),
(369, 1, '1.000'),
(370, 1, '15.000');

-- --------------------------------------------------------

--
-- Estructura de tabla para la tabla `ospos_migrations`
--

DROP TABLE IF EXISTS `ospos_migrations`;
CREATE TABLE `ospos_migrations` (
  `version` bigint(20) NOT NULL
) ENGINE=InnoDB DEFAULT CHARSET=utf8;

--
-- Volcado de datos para la tabla `ospos_migrations`
--

INSERT INTO `ospos_migrations` (`version`) VALUES
(20191008100000);

-- --------------------------------------------------------

--
-- Estructura de tabla para la tabla `ospos_modules`
--

DROP TABLE IF EXISTS `ospos_modules`;
CREATE TABLE `ospos_modules` (
  `name_lang_key` varchar(255) NOT NULL,
  `desc_lang_key` varchar(255) NOT NULL,
  `sort` int(10) NOT NULL,
  `module_id` varchar(255) NOT NULL
) ENGINE=InnoDB DEFAULT CHARSET=utf8;

--
-- Volcado de datos para la tabla `ospos_modules`
--

INSERT INTO `ospos_modules` (`name_lang_key`, `desc_lang_key`, `sort`, `module_id`) VALUES
('module_attributes', 'module_attributes_desc', 107, 'attributes'),
('module_cash', 'module_cash_desc', 777, 'cash'),
('module_cashups', 'module_cashups_desc', 110, 'cashups'),
('module_cash_books', 'module_cash_books_desc', 70, 'cash_books'),
('module_cash_concepts', 'module_cash_concepts_desc', 48, 'cash_concepts'),
('module_config', 'module_config_desc', 900, 'config'),
('module_customers', 'module_customers_desc', 10, 'customers'),
('module_doctypesequences', 'module_doctypesequences_desc', 520, 'doctypesequences'),
('module_employees', 'module_employees_desc', 80, 'employees'),
('module_giftcards', 'module_giftcards_desc', 90, 'giftcards'),
('module_home', 'module_home_desc', 1, 'home'),
('module_items', 'module_items_desc', 20, 'items'),
('module_item_kits', 'module_item_kits_desc', 30, 'item_kits'),
('module_messages', 'module_messages_desc', 98, 'messages'),
('module_office', 'module_office_desc', 999, 'office'),
('module_overall_cashs', 'module_overall_cashs_desc', 799, 'overall_cashs'),
('module_pay_cash', 'module_pay_cash_desc', 788, 'pay_cash'),
('module_receivings', 'module_receivings_desc', 60, 'receivings'),
('module_reports', 'module_reports_desc', 50, 'reports'),
('module_sales', 'module_sales_desc', 70, 'sales'),
('module_suppliers', 'module_suppliers_desc', 40, 'suppliers'),
('module_taxes', 'module_taxes_desc', 105, 'taxes');

-- --------------------------------------------------------

--
-- Estructura de tabla para la tabla `ospos_overallcash_currencys`
--

DROP TABLE IF EXISTS `ospos_overallcash_currencys`;
CREATE TABLE `ospos_overallcash_currencys` (
  `overallcash_currency_id` int(10) NOT NULL,
  `overall_cash_id` int(10) NOT NULL,
  `currency` char(3) CHARACTER SET utf8 COLLATE utf8_spanish2_ci NOT NULL DEFAULT 'PEN',
  `denomination` varchar(100) NOT NULL,
  `quantity` int(10) NOT NULL DEFAULT '0',
  `amount` decimal(10,2) NOT NULL DEFAULT '0.00',
  `deleted` int(1) NOT NULL DEFAULT '0'
) ENGINE=InnoDB DEFAULT CHARSET=utf8;

--
-- Volcado de datos para la tabla `ospos_overallcash_currencys`
--

INSERT INTO `ospos_overallcash_currencys` (`overallcash_currency_id`, `overall_cash_id`, `currency`, `denomination`, `quantity`, `amount`, `deleted`) VALUES
(1, 1, 'PEN', '200 - Billete', 30, '6000.00', 0),
(2, 1, 'PEN', '100 - Billete', 9, '900.00', 0),
(3, 1, 'PEN', '10 - Billete', 9, '90.00', 0),
(4, 1, 'PEN', '1 - Moneda', 3, '3.00', 0),
(5, 1, 'PEN', '0.10 - Moneda', 9, '0.90', 0),
(6, 1, 'PEN', '0.05 - Moneda', 1, '0.05', 0),
(7, 2, 'PEN', '200 - Billete', 30, '6000.00', 0),
(8, 2, 'PEN', '100 - Billete', 5, '500.00', 0),
(9, 2, 'PEN', '50 - Billete', 1, '50.00', 0),
(10, 2, 'PEN', '20 - Billete', 1, '20.00', 0),
(11, 2, 'PEN', '1 - Moneda', 3, '3.00', 0),
(12, 2, 'PEN', '0.50 - Moneda', 1, '0.50', 0),
(13, 2, 'PEN', '0.20 - Moneda', 1, '0.20', 0),
(14, 2, 'PEN', '10 - Billete', 1, '10.00', 0),
(15, 2, 'PEN', '0.10 - Moneda', 1, '0.10', 0),
(16, 3, 'PEN', '200 - Billete', 30, '6000.00', 0),
(17, 3, 'PEN', '100 - Billete', 5, '500.00', 0),
(18, 3, 'PEN', '50 - Billete', 1, '50.00', 0),
(19, 3, 'PEN', '20 - Billete', 1, '20.00', 0),
(20, 3, 'PEN', '10 - Billete', 1, '10.00', 0),
(21, 3, 'PEN', '1 - Moneda', 3, '3.00', 0),
(22, 3, 'PEN', '0.50 - Moneda', 1, '0.50', 0),
(23, 3, 'PEN', '0.20 - Moneda', 1, '0.20', 0),
(24, 3, 'PEN', '0.10 - Moneda', 1, '0.10', 0),
(25, 4, 'PEN', '200 - Billete', 30, '6000.00', 0),
(26, 4, 'PEN', '100 - Billete', 2, '200.00', 0),
(27, 4, 'PEN', '50 - Billete', 1, '50.00', 0),
(28, 4, 'PEN', '5 - Moneda', 1, '5.00', 0),
(29, 4, 'PEN', '2 - Moneda', 1, '2.00', 0),
(30, 4, 'PEN', '0.10 - Moneda', 1, '0.10', 0),
(31, 5, 'PEN', '200 - Billete', 25, '5000.00', 0),
(32, 5, 'PEN', '200 - Billete', 4, '800.00', 0),
(33, 5, 'PEN', '50 - Billete', 1, '50.00', 0),
(34, 5, 'PEN', '20 - Billete', 2, '40.00', 0),
(35, 5, 'PEN', '2 - Moneda', 2, '4.00', 0),
(36, 5, 'PEN', '0.10 - Moneda', 1, '0.10', 0),
(37, 6, 'PEN', '200 - Billete', 20, '4000.00', 0),
(38, 6, 'PEN', '100 - Billete', 6, '600.00', 0),
(39, 6, 'PEN', '20 - Billete', 2, '40.00', 0),
(40, 6, 'PEN', '5 - Moneda', 1, '5.00', 0),
(41, 6, 'PEN', '2 - Moneda', 2, '4.00', 0),
(42, 6, 'PEN', '0.50 - Moneda', 1, '0.50', 0),
(43, 6, 'PEN', '0.20 - Moneda', 1, '0.20', 0),
(44, 6, 'PEN', '0.10 - Moneda', 1, '0.10', 0),
(45, 7, 'PEN', '200 - Billete', 10, '2000.00', 0),
(46, 7, 'PEN', '200 - Billete', 1, '200.00', 0),
(47, 7, 'PEN', '50 - Billete', 1, '50.00', 0),
(48, 7, 'PEN', '10 - Billete', 1, '10.00', 0),
(49, 7, 'PEN', '5 - Moneda', 1, '5.00', 0),
(50, 7, 'PEN', '2 - Moneda', 1, '2.00', 0),
(51, 7, 'PEN', '0.50 - Moneda', 1, '0.50', 0),
(52, 8, 'PEN', '200 - Billete', 9, '1800.00', 0),
(53, 8, 'PEN', '100 - Billete', 1, '100.00', 0),
(54, 8, 'PEN', '50 - Billete', 1, '50.00', 0),
(55, 8, 'PEN', '20 - Billete', 1, '20.00', 0),
(56, 8, 'PEN', '10 - Billete', 1, '10.00', 0),
(57, 8, 'PEN', '2 - Moneda', 1, '2.00', 0),
(58, 8, 'PEN', '0.50 - Moneda', 1, '0.50', 0),
(59, 9, 'PEN', '200 - Billete', 5, '1000.00', 0),
(60, 9, 'PEN', '100 - Billete', 3, '300.00', 0),
(61, 9, 'PEN', '50 - Billete', 1, '50.00', 0),
(62, 9, 'PEN', '20 - Billete', 1, '20.00', 0),
(63, 9, 'PEN', '5 - Moneda', 1, '5.00', 0),
(64, 9, 'PEN', '2 - Moneda', 2, '4.00', 0),
(65, 9, 'PEN', '0.50 - Moneda', 1, '0.50', 0),
(66, 11, 'PEN', '200 - Billete', 5, '1000.00', 0),
(67, 11, 'PEN', '100 - Billete', 3, '300.00', 0),
(68, 11, 'PEN', '50 - Billete', 1, '50.00', 0),
(69, 11, 'PEN', '1 - Moneda', 1, '1.00', 0),
(70, 12, 'PEN', '200 - Billete', 5, '1000.00', 0),
(71, 12, 'PEN', '100 - Billete', 3, '300.00', 0),
(72, 12, 'PEN', '50 - Billete', 1, '50.00', 0),
(73, 12, 'PEN', '1 - Moneda', 1, '1.00', 0),
(74, 13, 'PEN', '200 - Billete', 5, '1000.00', 0),
(75, 13, 'PEN', '100 - Billete', 3, '300.00', 0),
(76, 13, 'PEN', '50 - Billete', 1, '50.00', 0),
(77, 13, 'PEN', '1 - Moneda', 1, '1.00', 0);

-- --------------------------------------------------------

--
-- Estructura de tabla para la tabla `ospos_overall_cashs`
--

DROP TABLE IF EXISTS `ospos_overall_cashs`;
CREATE TABLE `ospos_overall_cashs` (
  `overall_cash_id` int(10) NOT NULL,
  `opendate` timestamp NOT NULL DEFAULT CURRENT_TIMESTAMP ON UPDATE CURRENT_TIMESTAMP,
  `startbalance` decimal(10,2) NOT NULL DEFAULT '0.00',
  `openingbalance` decimal(10,2) NOT NULL DEFAULT '0.00',
  `closedate` timestamp NULL DEFAULT NULL,
  `endingbalance` decimal(10,2) NOT NULL DEFAULT '0.00',
  `usdstartbalance` decimal(10,2) NOT NULL DEFAULT '0.00',
  `usdopeningbalance` decimal(10,2) NOT NULL DEFAULT '0.00',
  `usdendingbalance` decimal(10,2) NOT NULL DEFAULT '0.00',
  `state` int(1) NOT NULL DEFAULT '0'
) ENGINE=InnoDB DEFAULT CHARSET=utf8;

--
-- Volcado de datos para la tabla `ospos_overall_cashs`
--

INSERT INTO `ospos_overall_cashs` (`overall_cash_id`, `opendate`, `startbalance`, `openingbalance`, `closedate`, `endingbalance`, `usdstartbalance`, `usdopeningbalance`, `usdendingbalance`, `state`) VALUES
(1, '2019-11-01 23:12:04', '0.00', '7000.00', '2019-11-01 23:10:19', '6993.95', '0.00', '0.00', '0.00', 1),
(2, '2019-11-03 01:10:10', '6993.95', '6993.95', '2019-11-03 01:05:39', '6583.80', '0.00', '0.00', '0.00', 1),
(3, '2019-11-03 23:17:12', '6583.80', '6583.80', '2019-11-04 00:14:14', '6583.80', '0.00', '0.00', '0.00', 1),
(4, '2019-11-05 00:17:34', '6583.80', '6583.80', '2019-11-05 01:16:18', '6257.10', '0.00', '0.00', '0.00', 1),
(5, '2019-11-07 01:32:20', '6257.10', '6257.10', '2019-11-07 02:30:53', '5894.10', '0.00', '0.00', '0.00', 1),
(6, '2019-11-08 01:29:45', '5894.10', '5894.10', '2019-11-08 02:24:50', '4649.80', '0.00', '0.00', '0.00', 1),
(7, '2019-11-09 03:32:31', '4649.80', '4649.80', '2019-11-09 04:28:53', '2267.50', '0.00', '0.00', '0.00', 1),
(8, '2019-11-10 02:38:30', '2267.50', '2267.50', '2019-11-10 03:36:48', '1982.50', '0.00', '0.00', '0.00', 1),
(9, '2019-11-11 00:36:36', '1982.50', '1982.50', '2019-11-11 01:35:42', '1379.50', '0.00', '0.00', '0.00', 1),
(10, '2019-11-11 14:57:02', '1379.50', '1379.50', NULL, '0.00', '0.00', '0.00', '0.00', 0),
(11, '2019-11-13 01:33:59', '1379.50', '1379.50', '2019-11-13 02:33:33', '1351.00', '0.00', '0.00', '0.00', 1),
(12, '2019-11-13 01:38:10', '1351.00', '1351.00', '2019-11-13 02:37:41', '1351.00', '0.00', '0.00', '0.00', 1),
(13, '2019-11-13 01:43:42', '1351.00', '1351.00', '2019-11-13 02:43:09', '1351.00', '0.00', '0.00', '0.00', 1),
(14, '2019-11-13 06:32:40', '1351.00', '1351.00', NULL, '0.00', '0.00', '0.00', '0.00', 0);

-- --------------------------------------------------------

--
-- Estructura de tabla para la tabla `ospos_people`
--

DROP TABLE IF EXISTS `ospos_people`;
CREATE TABLE `ospos_people` (
  `dni` varchar(20) DEFAULT NULL,
  `first_name` varchar(255) NOT NULL,
  `last_name` varchar(255) NOT NULL,
  `gender` int(1) DEFAULT NULL,
  `phone_number` varchar(255) NOT NULL,
  `email` varchar(255) NOT NULL,
  `address_1` varchar(255) NOT NULL,
  `address_2` varchar(255) NOT NULL,
  `city` varchar(255) NOT NULL,
  `state` varchar(255) NOT NULL,
  `zip` varchar(255) NOT NULL,
  `country` varchar(255) NOT NULL,
  `comments` text NOT NULL,
  `person_id` int(10) NOT NULL
) ENGINE=InnoDB DEFAULT CHARSET=utf8;

--
-- Volcado de datos para la tabla `ospos_people`
--

INSERT INTO `ospos_people` (`dni`, `first_name`, `last_name`, `gender`, `phone_number`, `email`, `address_1`, `address_2`, `city`, `state`, `zip`, `country`, `comments`, `person_id`) VALUES
('40729918', 'Cesar Manuel', 'Jimenez Castillo', 1, '921465974', 'cmjimenez@outlook.com', 'Jr. Cuzco 804', '', 'San Ignacio', 'Cajamarca', '', 'Perú', '', 1),
('40183466', 'Angelica Noemi', 'Serrano Ramirez', 0, '934258289', 'angieserra@gmail.com', 'MZ A LOTE 10 URB. SANTA ANGELA', '', 'CHICLAYO', 'LAMBAYEQUE', '', 'PERU', '', 4),
('75185175', 'Jonathan Ismael', 'Bereche Namuche', 1, '963995516', 'jois.bena.116@gmail.com', 'TUPAC AMARU MZ B LOTE 31', '', 'CHICLAYO', 'LAMBAYEQUE', '', 'PERU', '', 5),
('40475013', 'Jhon Pool', 'Serrano Ramirez', 1, '943218219', 'sersotec.sm@gmail.com', 'CHICLAYO', '', 'CHICLAYO', 'LAMBAYEQUE', '', 'PERU', '', 6),
('2060078351', 'Dulcemania y Service e.i.R.L.', 'Dulcemania y Service e.i.R.L.', 1, '978080096', '', 'AV. LUIS GONZALES 1432 - CHICLAYO', '', 'CHICLAYO', 'LAMBAYEQUE', '', 'PERU', '', 7),
('20603418515', 'Leslie ', 'Cajusol', 0, '965899032', 'leslie_cajusol@hotmail.com', 'AV. TUMBES NRO. 305 URB. JOSE QUIÑONES ', '', 'CHICLAYO', 'LAMBAYEQUE', '', 'PERU', '', 8),
('20492092313', 'Makro Supermayorista S.A', 'Makro Supermayorista S.A', 1, '074-605900', '', 'AV. JORGE  BASADRE 299', '', 'CHICLAYO', 'LAMBAYEQUE', '', 'PERU', '', 9),
('20561201651', 'Distribuidora de Productos de Consumo Masivo', 'Distribuidora de Productos de Consumo Masivo', 1, '074-32307', '', 'I 7 MONTERRICO IV ETAPA(POLIFAP)', '', 'CHICLAYO', 'LAMBAYEQUE', '', 'PERU', '', 10),
('20504208843', 'Comercializadora Salem S.A.C.', 'Comercializadora Salem S.A.C.', 1, '337-6270', '', 'JR. ANTENOR ORREGO NRO. 2280 URB.  CHACRA RIOS SUR ', 'LIMA', 'LIMA', 'LIMA', '', 'PERÚ', '', 11),
('70877830', 'Rosa Carol', 'Llontop Montaño', 1, '935906196', 'karito_96_acuario@hotmail.com', 'Calle Puno 121 - PJ. Ramiro Prialé', '', 'Chiclayo', 'Lambayeque', '', 'Perú', '', 12),
('20557079441', 'Empresa Comercializadora de Bebidas S.A.C.', 'Empresa Comercializadora de Bebidas S.A.C.', 1, '', '', 'JR. CAJAMARCA NRO. 371', 'LIMA', 'RIMAC', 'LIMA', '', 'PERÚ', '', 13),
('20353607783', 'Mercantil Inca S.A.', 'Mercantil Inca S.A.', 1, '', '', 'JR. LIMA NRO. 1420', 'SAN MARTIN', 'TARAPOTO', 'SAN MARTIN', '', 'PERÚ', '', 14),
('2048564660', 'la Taberna Districiones Sac', 'la Taberna Districiones Sac', NULL, '074-213542', '', 'CAL. MANUEL SEOANE NRO. 1930', '', 'CHICLAYO', 'LAMBAYEQUE', '', 'PERU', '', 15),
('47573425', 'Jorge Luis', 'Rodriguez Lora', 1, '', '', '', '', '', '', '', '', '', 16);

-- --------------------------------------------------------

--
-- Estructura de tabla para la tabla `ospos_permissions`
--

DROP TABLE IF EXISTS `ospos_permissions`;
CREATE TABLE `ospos_permissions` (
  `permission_id` varchar(255) NOT NULL,
  `module_id` varchar(255) NOT NULL,
  `location_id` int(10) DEFAULT NULL
) ENGINE=InnoDB DEFAULT CHARSET=utf8;

--
-- Volcado de datos para la tabla `ospos_permissions`
--

INSERT INTO `ospos_permissions` (`permission_id`, `module_id`, `location_id`) VALUES
('attributes', 'attributes', NULL),
('cash', 'cash', NULL),
('cashups', 'cashups', NULL),
('cash_books', 'cash_books', NULL),
('cash_concepts', 'cash_concepts', NULL),
('config', 'config', NULL),
('customers', 'customers', NULL),
('doctypesequences', 'doctypesequences', NULL),
('employees', 'employees', NULL),
('giftcards', 'giftcards', NULL),
('home', 'home', NULL),
('items', 'items', NULL),
('items_Almacen_1', 'items', 1),
('item_kits', 'item_kits', NULL),
('messages', 'messages', NULL),
('office', 'office', NULL),
('overall_cashs', 'overall_cashs', NULL),
('pay_cash', 'pay_cash', NULL),
('receivings', 'receivings', NULL),
('receivings_Almacen_1', 'receivings', 1),
('reports', 'reports', NULL),
('reports_categories', 'reports', NULL),
('reports_customers', 'reports', NULL),
('reports_discounts', 'reports', NULL),
('reports_employees', 'reports', NULL),
('reports_expenses_categories', 'reports', NULL),
('reports_inventory', 'reports', NULL),
('reports_items', 'reports', NULL),
('reports_payments', 'reports', NULL),
('reports_receivings', 'reports', NULL),
('reports_sales', 'reports', NULL),
('reports_sales_taxes', 'reports', NULL),
('reports_suppliers', 'reports', NULL),
('reports_taxes', 'reports', NULL),
('sales', 'sales', NULL),
('sales_Almacen_1', 'sales', 1),
('sales_delete', 'sales', NULL),
('suppliers', 'suppliers', NULL),
('taxes', 'taxes', NULL);

-- --------------------------------------------------------

--
-- Estructura de tabla para la tabla `ospos_receivings`
--

DROP TABLE IF EXISTS `ospos_receivings`;
CREATE TABLE `ospos_receivings` (
  `receiving_time` timestamp NOT NULL DEFAULT CURRENT_TIMESTAMP,
  `supplier_id` int(10) DEFAULT NULL,
  `employee_id` int(10) NOT NULL DEFAULT '0',
  `comment` text,
  `receiving_id` int(10) NOT NULL,
  `payment_type` varchar(20) DEFAULT NULL,
  `reference` varchar(32) DEFAULT NULL
) ENGINE=InnoDB DEFAULT CHARSET=utf8;

--
-- Volcado de datos para la tabla `ospos_receivings`
--

INSERT INTO `ospos_receivings` (`receiving_time`, `supplier_id`, `employee_id`, `comment`, `receiving_id`, `payment_type`, `reference`) VALUES
('2019-11-01 18:47:46', 8, 4, '', 1, 'Efectivo', NULL),
('2019-11-02 20:58:12', 8, 4, '', 2, 'Efectivo', NULL),
('2019-11-02 20:59:21', 8, 4, '', 3, 'Efectivo', NULL),
('2019-11-02 21:06:10', 8, 4, '', 4, 'Efectivo', NULL),
('2019-11-02 21:07:53', 8, 4, '', 5, 'Efectivo', NULL),
('2019-11-02 21:11:33', 8, 4, '', 6, 'Efectivo', NULL),
('2019-11-02 21:13:36', 8, 4, '', 7, 'Efectivo', NULL),
('2019-11-02 21:15:24', 8, 4, '', 8, 'Efectivo', NULL),
('2019-11-02 21:17:06', 8, 4, '', 9, 'Efectivo', NULL),
('2019-11-02 21:22:26', 8, 4, '', 10, 'Efectivo', NULL),
('2019-11-02 21:26:38', 8, 4, '', 11, 'Efectivo', NULL),
('2019-11-02 21:44:55', 8, 4, '', 12, 'Efectivo', NULL),
('2019-11-02 21:53:34', 8, 4, '', 13, 'Efectivo', NULL),
('2019-11-02 22:02:41', 8, 4, '', 14, 'Efectivo', NULL),
('2019-11-02 22:09:34', 8, 4, '', 15, 'Efectivo', NULL),
('2019-11-02 22:12:24', 8, 4, '', 16, 'Efectivo', NULL),
('2019-11-02 23:06:58', 8, 4, '', 17, 'Efectivo', NULL),
('2019-11-02 23:12:30', NULL, 4, '', 18, 'Efectivo', NULL),
('2019-11-02 23:19:37', NULL, 4, '', 19, 'Efectivo', NULL),
('2019-11-02 23:21:15', NULL, 4, '', 20, 'Efectivo', NULL),
('2019-11-04 14:56:15', 9, 4, '', 21, 'Efectivo', NULL),
('2019-11-04 15:24:56', 9, 4, '', 22, 'Efectivo', NULL),
('2019-11-04 15:37:34', 9, 4, '', 23, 'Efectivo', NULL),
('2019-11-04 15:44:17', 9, 4, '', 24, 'Efectivo', NULL),
('2019-11-04 15:49:10', 9, 4, '', 25, 'Efectivo', NULL),
('2019-11-04 15:54:28', 9, 4, '', 26, 'Efectivo', NULL),
('2019-11-04 15:56:46', 9, 4, '', 27, 'Efectivo', NULL),
('2019-11-04 16:02:01', 9, 4, '', 28, 'Efectivo', NULL),
('2019-11-04 17:00:37', 7, 4, '', 29, 'Efectivo', NULL),
('2019-11-04 17:12:06', 9, 4, '', 30, 'Efectivo', NULL),
('2019-11-04 17:24:38', 9, 4, '', 31, 'Efectivo', NULL),
('2019-11-04 17:28:57', NULL, 4, '', 32, 'Efectivo', NULL),
('2019-11-04 17:30:07', 9, 4, '', 33, 'Efectivo', NULL),
('2019-11-04 17:43:42', 9, 4, '', 34, 'Efectivo', NULL),
('2019-11-04 17:59:24', 7, 4, '', 35, 'Efectivo', NULL),
('2019-11-04 18:17:09', 8, 4, '', 36, 'Efectivo', NULL),
('2019-11-04 18:19:15', 8, 4, '', 37, 'Efectivo', NULL),
('2019-11-04 18:23:21', 9, 4, '', 38, 'Efectivo', NULL),
('2019-11-04 19:06:54', 8, 4, '', 39, 'Efectivo', NULL),
('2019-11-04 19:08:46', 8, 4, '', 40, 'Efectivo', NULL),
('2019-11-04 21:18:44', 10, 4, '', 41, 'Efectivo', NULL),
('2019-11-04 22:11:21', 10, 4, '', 42, 'Efectivo', NULL),
('2019-11-04 22:12:14', 10, 4, '', 43, 'Efectivo', NULL),
('2019-11-04 22:19:26', 10, 4, '', 44, 'Efectivo', NULL),
('2019-11-04 22:24:00', 10, 4, '', 45, 'Efectivo', NULL),
('2019-11-04 22:57:17', 10, 4, '', 46, 'Efectivo', NULL),
('2019-11-04 23:04:55', 10, 4, '', 47, 'Efectivo', NULL),
('2019-11-04 23:09:43', 10, 4, '', 48, 'Efectivo', NULL),
('2019-11-04 23:17:36', 10, 4, '', 49, 'Efectivo', NULL),
('2019-11-04 23:35:24', 10, 4, '', 50, 'Efectivo', NULL),
('2019-11-04 23:43:22', 10, 4, '', 51, 'Efectivo', NULL),
('2019-11-04 23:46:37', 10, 4, '', 52, 'Efectivo', NULL),
('2019-11-05 14:26:42', 10, 4, '', 53, 'Efectivo', NULL),
('2019-11-05 14:31:52', 10, 4, '', 54, 'Efectivo', NULL),
('2019-11-05 14:48:53', 10, 4, '', 55, 'Efectivo', NULL),
('2019-11-05 14:51:52', 10, 4, '', 56, 'Efectivo', NULL),
('2019-11-05 15:26:03', 10, 4, '', 57, 'Efectivo', NULL),
('2019-11-05 15:29:31', 10, 4, '', 58, 'Efectivo', NULL),
('2019-11-05 15:37:17', 10, 4, '', 59, 'Efectivo', NULL),
('2019-11-05 15:54:33', 10, 4, '', 60, 'Efectivo', NULL),
('2019-11-05 15:57:37', 10, 4, '', 61, 'Efectivo', NULL),
('2019-11-05 16:31:34', 10, 4, '', 62, 'Efectivo', NULL),
('2019-11-05 16:34:09', 10, 4, '', 63, 'Efectivo', NULL),
('2019-11-05 16:48:14', 10, 4, '', 64, 'Efectivo', NULL),
('2019-11-05 16:56:32', 10, 4, '', 65, 'Efectivo', NULL),
('2019-11-05 16:58:48', 10, 4, '', 66, 'Efectivo', NULL),
('2019-11-05 17:05:14', 10, 4, '', 67, 'Efectivo', NULL),
('2019-11-05 17:26:13', 10, 4, '', 68, 'Efectivo', NULL),
('2019-11-05 17:33:29', 7, 4, '', 69, 'Efectivo', NULL),
('2019-11-05 17:40:09', 9, 4, '', 70, 'Efectivo', NULL),
('2019-11-05 17:57:28', 9, 4, '', 71, 'Efectivo', NULL),
('2019-11-05 18:00:36', 9, 4, '', 72, 'Efectivo', NULL),
('2019-11-05 18:05:05', 9, 4, '', 73, 'Efectivo', NULL),
('2019-11-05 18:10:02', 9, 4, '', 74, 'Efectivo', NULL),
('2019-11-05 18:13:11', 7, 4, '', 75, 'Efectivo', NULL),
('2019-11-05 18:20:51', 7, 4, '', 76, 'Efectivo', NULL),
('2019-11-05 18:29:54', 9, 4, '', 77, 'Efectivo', NULL),
('2019-11-05 18:35:39', 9, 4, '', 78, 'Efectivo', NULL),
('2019-11-05 18:43:35', 9, 4, '', 79, 'Efectivo', NULL),
('2019-11-05 18:49:13', 9, 4, '', 80, 'Efectivo', NULL),
('2019-11-05 18:58:46', 9, 4, '', 81, 'Efectivo', NULL),
('2019-11-05 20:04:26', 9, 4, '', 82, 'Efectivo', NULL),
('2019-11-05 20:26:48', 9, 4, '', 83, 'Efectivo', NULL),
('2019-11-05 20:37:52', 7, 4, '', 84, 'Efectivo', NULL),
('2019-11-05 20:41:30', 9, 4, '', 85, 'Efectivo', NULL),
('2019-11-05 20:58:38', 7, 4, '', 86, 'Efectivo', NULL),
('2019-11-05 21:08:52', 7, 4, '', 87, 'Efectivo', NULL),
('2019-11-05 21:26:25', 7, 4, '', 88, 'Efectivo', NULL),
('2019-11-05 21:39:10', 9, 4, '', 89, 'Efectivo', NULL),
('2019-11-05 22:44:44', 7, 4, '', 90, 'Efectivo', NULL),
('2019-11-05 22:48:08', 7, 4, '', 91, 'Efectivo', NULL),
('2019-11-06 15:12:32', 9, 4, '', 92, 'Efectivo', NULL),
('2019-11-06 15:42:20', 9, 4, '', 93, 'Efectivo', NULL),
('2019-11-06 15:49:51', 9, 4, '', 94, 'Efectivo', NULL),
('2019-11-06 15:57:00', 9, 4, '', 95, 'Efectivo', NULL),
('2019-11-06 16:04:17', 9, 4, '', 96, 'Efectivo', NULL),
('2019-11-06 16:11:00', 9, 4, '', 97, 'Efectivo', NULL),
('2019-11-06 16:42:10', 9, 4, '', 98, 'Efectivo', NULL),
('2019-11-06 16:54:06', 9, 4, '', 99, 'Efectivo', NULL),
('2019-11-06 16:58:07', 9, 4, '', 100, 'Efectivo', NULL),
('2019-11-06 17:06:41', 9, 4, '', 101, 'Efectivo', NULL),
('2019-11-06 17:26:50', 7, 4, '', 102, 'Efectivo', NULL),
('2019-11-06 17:30:47', 7, 4, '', 103, 'Efectivo', NULL),
('2019-11-06 17:37:20', 7, 4, '', 104, 'Efectivo', NULL),
('2019-11-06 17:48:29', 7, 4, '', 105, 'Efectivo', NULL),
('2019-11-06 17:58:16', 7, 4, '', 106, 'Efectivo', NULL),
('2019-11-06 18:00:53', 7, 4, '', 107, 'Efectivo', NULL),
('2019-11-06 18:03:24', 7, 4, '', 108, 'Efectivo', NULL),
('2019-11-06 18:08:48', 7, 4, '', 109, 'Efectivo', NULL),
('2019-11-06 18:13:56', 7, 4, '', 110, 'Efectivo', NULL),
('2019-11-06 18:53:34', 7, 4, '', 111, 'Efectivo', NULL),
('2019-11-06 19:15:53', 7, 4, '', 112, 'Efectivo', NULL),
('2019-11-06 19:25:05', 9, 4, '', 113, 'Efectivo', NULL),
('2019-11-06 20:56:40', 9, 4, '', 114, 'Efectivo', NULL),
('2019-11-06 20:57:23', 9, 4, '', 115, 'Efectivo', NULL),
('2019-11-06 21:06:17', 7, 4, '', 116, 'Efectivo', NULL),
('2019-11-06 21:13:22', 7, 4, '', 117, 'Efectivo', NULL),
('2019-11-06 21:14:24', 7, 4, '', 118, 'Efectivo', NULL),
('2019-11-06 21:27:41', 9, 4, '', 119, 'Efectivo', NULL),
('2019-11-06 21:59:20', 11, 4, '', 120, 'Efectivo', NULL),
('2019-11-06 22:08:53', 11, 4, '', 121, 'Efectivo', NULL),
('2019-11-06 22:24:07', 11, 4, '', 122, 'Efectivo', NULL),
('2019-11-06 22:46:40', 11, 4, '', 123, 'Efectivo', NULL),
('2019-11-06 23:00:08', 9, 4, '', 124, 'Efectivo', NULL),
('2019-11-07 14:50:04', 11, 4, '', 125, 'Efectivo', NULL),
('2019-11-07 14:57:15', 11, 4, '', 126, 'Efectivo', NULL),
('2019-11-07 15:00:34', 11, 4, '', 127, 'Efectivo', NULL),
('2019-11-07 15:23:55', 11, 4, '', 128, 'Efectivo', NULL),
('2019-11-07 15:25:29', 9, 4, '', 129, 'Efectivo', NULL),
('2019-11-07 15:33:26', 11, 4, '', 130, 'Efectivo', NULL),
('2019-11-07 15:43:33', 11, 4, '', 131, 'Efectivo', NULL),
('2019-11-07 16:04:02', 11, 4, '', 132, 'Efectivo', NULL),
('2019-11-07 16:14:15', 11, 4, '', 133, 'Efectivo', NULL),
('2019-11-07 16:32:14', 9, 4, '', 134, 'Efectivo', NULL),
('2019-11-07 16:32:45', 9, 4, '', 135, 'Efectivo', NULL),
('2019-11-07 16:34:25', 9, 4, '', 136, 'Efectivo', NULL),
('2019-11-07 16:35:26', 11, 4, '', 137, 'Efectivo', NULL),
('2019-11-07 16:53:22', 11, 4, '', 138, 'Efectivo', NULL),
('2019-11-07 17:12:46', 9, 4, '', 139, 'Efectivo', NULL),
('2019-11-07 17:15:03', 9, 4, '', 140, 'Efectivo', NULL),
('2019-11-07 17:16:16', 9, 4, '', 141, 'Efectivo', NULL),
('2019-11-07 17:16:58', 9, 4, '', 142, 'Efectivo', NULL),
('2019-11-07 17:19:03', 9, 4, '', 143, 'Efectivo', NULL),
('2019-11-07 17:22:17', 9, 4, '', 144, 'Efectivo', NULL),
('2019-11-07 17:26:36', 9, 4, '', 145, 'Efectivo', NULL),
('2019-11-07 17:31:30', 9, 4, '', 146, 'Efectivo', NULL),
('2019-11-07 17:34:36', 9, 4, '', 147, 'Efectivo', NULL),
('2019-11-07 17:38:05', 9, 4, '', 148, 'Efectivo', NULL),
('2019-11-07 17:40:25', 9, 4, '', 149, 'Efectivo', NULL),
('2019-11-07 17:42:58', 9, 4, '', 150, 'Efectivo', NULL),
('2019-11-07 17:46:33', 9, 4, '', 151, 'Efectivo', NULL),
('2019-11-07 17:50:41', 9, 4, '', 152, 'Efectivo', NULL),
('2019-11-07 17:53:11', 9, 4, '', 153, 'Efectivo', NULL),
('2019-11-07 17:54:39', 9, 4, '', 154, 'Efectivo', NULL),
('2019-11-07 17:57:39', 9, 4, '', 155, 'Efectivo', NULL),
('2019-11-07 18:00:31', 9, 4, '', 156, 'Efectivo', NULL),
('2019-11-07 18:05:19', 9, 4, '', 157, 'Efectivo', NULL),
('2019-11-07 18:10:41', 9, 4, '', 158, 'Efectivo', NULL),
('2019-11-07 18:24:30', 9, 4, '', 159, 'Efectivo', NULL),
('2019-11-07 18:42:34', 9, 4, '', 160, 'Efectivo', NULL),
('2019-11-07 18:47:34', 9, 4, '', 161, 'Efectivo', NULL),
('2019-11-07 19:04:28', 9, 4, '', 162, 'Efectivo', NULL),
('2019-11-07 19:10:44', 9, 4, '', 163, 'Efectivo', NULL),
('2019-11-07 20:12:50', 9, 4, '', 164, 'Efectivo', NULL),
('2019-11-07 20:16:11', 9, 4, '', 165, 'Efectivo', NULL),
('2019-11-07 20:18:48', 9, 4, '', 166, 'Efectivo', NULL),
('2019-11-07 20:21:07', 9, 4, '', 167, 'Efectivo', NULL),
('2019-11-07 20:25:46', 9, 4, '', 168, 'Efectivo', NULL),
('2019-11-07 20:30:16', 9, 4, '', 169, 'Efectivo', NULL),
('2019-11-07 20:34:42', 9, 4, '', 170, 'Efectivo', NULL),
('2019-11-07 20:58:43', 9, 4, '', 171, 'Efectivo', NULL),
('2019-11-07 21:00:13', 9, 4, '', 172, 'Efectivo', NULL),
('2019-11-07 21:01:45', 9, 4, '', 173, 'Efectivo', NULL),
('2019-11-07 21:48:54', 9, 4, '', 174, 'Efectivo', NULL),
('2019-11-07 21:50:22', 9, 4, '', 175, 'Efectivo', NULL),
('2019-11-07 21:52:32', 9, 4, '', 176, 'Efectivo', NULL),
('2019-11-07 21:54:32', 9, 4, '', 177, 'Efectivo', NULL),
('2019-11-07 21:56:38', 9, 4, '', 178, 'Efectivo', NULL),
('2019-11-07 21:58:14', 9, 4, '', 179, 'Efectivo', NULL),
('2019-11-07 21:59:42', 9, 4, '', 180, 'Efectivo', NULL),
('2019-11-07 22:02:33', 9, 4, '', 181, 'Efectivo', NULL),
('2019-11-07 22:05:58', 9, 4, '', 182, 'Efectivo', NULL),
('2019-11-07 22:14:31', 9, 4, '', 183, 'Efectivo', NULL),
('2019-11-07 22:37:24', 9, 4, '', 184, 'Efectivo', NULL),
('2019-11-08 16:58:13', 11, 4, '', 185, 'Efectivo', NULL),
('2019-11-08 17:49:51', 11, 4, '', 186, 'Efectivo', NULL),
('2019-11-08 17:59:42', 11, 4, '', 187, 'Efectivo', NULL),
('2019-11-08 18:54:16', 9, 4, '', 188, 'Efectivo', NULL),
('2019-11-08 19:09:11', 9, 4, '', 189, 'Efectivo', NULL),
('2019-11-08 22:05:25', 13, 4, '', 190, 'Efectivo', NULL),
('2019-11-08 22:32:15', 14, 4, '', 191, 'Efectivo', NULL),
('2019-11-08 22:47:33', 13, 4, '', 192, 'Efectivo', NULL),
('2019-11-08 23:31:07', 13, 4, '', 193, 'Efectivo', NULL),
('2019-11-08 23:33:07', 13, 4, '', 194, 'Efectivo', NULL),
('2019-11-08 23:34:31', 13, 4, '', 195, 'Efectivo', NULL),
('2019-11-08 23:39:42', 13, 4, '', 196, 'Efectivo', NULL),
('2019-11-08 23:43:54', 13, 4, '', 197, 'Efectivo', NULL),
('2019-11-08 23:53:04', 13, 4, '', 198, 'Efectivo', NULL),
('2019-11-09 00:36:46', 15, 4, '', 199, 'Efectivo', NULL),
('2019-11-09 00:40:06', 15, 4, '', 200, 'Efectivo', NULL),
('2019-11-09 00:43:01', 15, 4, '', 201, 'Efectivo', NULL),
('2019-11-09 00:49:25', 15, 4, '', 202, 'Efectivo', NULL),
('2019-11-09 00:51:19', 15, 4, '', 203, 'Efectivo', NULL),
('2019-11-09 00:57:32', 15, 4, '', 204, 'Efectivo', NULL),
('2019-11-09 01:12:15', 15, 4, '', 205, 'Efectivo', NULL),
('2019-11-09 01:16:42', 15, 4, '', 206, 'Efectivo', NULL),
('2019-11-09 01:27:30', 15, 4, '', 207, 'Efectivo', NULL),
('2019-11-09 01:36:58', 15, 4, '', 208, 'Efectivo', NULL),
('2019-11-09 01:42:01', 15, 4, '', 209, 'Efectivo', NULL),
('2019-11-09 01:51:56', 15, 4, '', 210, 'Efectivo', NULL),
('2019-11-09 02:12:50', 15, 4, '', 211, 'Efectivo', NULL),
('2019-11-09 02:22:36', 15, 4, '', 212, 'Efectivo', NULL),
('2019-11-09 02:33:33', 15, 4, '', 213, 'Efectivo', NULL),
('2019-11-09 02:38:03', 15, 4, '', 214, 'Efectivo', NULL),
('2019-11-09 02:43:28', 15, 4, '', 215, 'Efectivo', NULL),
('2019-11-09 02:44:22', 15, 4, '', 216, 'Efectivo', NULL),
('2019-11-09 03:27:49', 13, 4, '', 217, 'Efectivo', NULL),
('2019-11-09 16:20:17', 9, 4, '', 218, 'Efectivo', NULL),
('2019-11-09 16:36:22', 9, 4, '', 219, 'Efectivo', NULL),
('2019-11-09 16:42:04', 9, 4, '', 220, 'Efectivo', NULL),
('2019-11-09 16:45:37', 9, 4, '', 221, 'Efectivo', NULL),
('2019-11-09 16:49:28', 9, 4, '', 222, 'Efectivo', NULL),
('2019-11-09 17:26:04', 9, 4, '', 223, 'Efectivo', NULL),
('2019-11-09 17:34:32', 9, 4, '', 224, 'Efectivo', NULL),
('2019-11-09 17:39:45', 9, 4, '', 225, 'Efectivo', NULL),
('2019-11-09 17:50:40', 9, 4, '', 226, 'Efectivo', NULL),
('2019-11-09 17:55:38', 9, 4, '', 227, 'Efectivo', NULL),
('2019-11-09 18:06:08', 9, 4, '', 228, 'Efectivo', NULL),
('2019-11-09 18:24:53', 9, 4, '', 229, 'Efectivo', NULL),
('2019-11-09 21:09:36', 9, 4, '', 230, 'Efectivo', NULL),
('2019-11-09 21:53:52', 9, 4, '', 231, 'Efectivo', NULL),
('2019-11-09 22:00:08', 9, 4, '', 232, 'Efectivo', NULL),
('2019-11-09 22:02:47', 9, 4, '', 233, 'Efectivo', NULL),
('2019-11-09 22:12:09', 9, 4, '', 234, 'Efectivo', NULL),
('2019-11-10 17:19:36', 7, 4, '', 235, 'Efectivo', NULL),
('2019-11-10 17:27:03', 7, 4, '', 236, 'Efectivo', NULL),
('2019-11-10 17:37:36', 7, 4, '', 237, 'Efectivo', NULL),
('2019-11-10 18:13:57', 7, 4, '', 238, 'Efectivo', NULL),
('2019-11-10 18:21:53', 7, 4, '', 239, 'Efectivo', NULL),
('2019-11-10 18:37:59', 7, 4, '', 240, 'Efectivo', NULL),
('2019-11-10 18:45:09', 7, 4, '', 241, 'Efectivo', NULL),
('2019-11-10 18:56:07', 7, 4, '', 242, 'Efectivo', NULL),
('2019-11-10 20:49:28', 7, 4, '', 243, 'Efectivo', NULL),
('2019-11-10 21:05:58', 7, 4, '', 244, 'Efectivo', NULL),
('2019-11-10 21:38:51', 7, 4, '', 245, 'Efectivo', NULL),
('2019-11-10 21:44:17', 7, 4, '', 246, 'Efectivo', NULL),
('2019-11-10 21:52:54', 7, 4, '', 247, 'Efectivo', NULL),
('2019-11-10 22:02:06', 7, 4, '', 248, 'Efectivo', NULL),
('2019-11-10 22:02:46', NULL, 4, '', 249, 'Efectivo', NULL),
('2019-11-10 22:34:29', 7, 4, '', 250, 'Efectivo', NULL),
('2019-11-10 22:42:00', NULL, 4, '', 251, 'Efectivo', NULL),
('2019-11-10 22:53:08', 7, 4, '', 252, 'Efectivo', NULL),
('2019-11-10 22:58:47', 7, 4, '', 253, 'Efectivo', NULL),
('2019-11-10 23:58:16', 9, 4, '', 254, 'Efectivo', NULL),
('2019-11-11 00:01:30', 9, 4, '', 255, 'Efectivo', NULL),
('2019-11-11 00:21:46', 9, 4, '', 256, 'Efectivo', NULL),
('2019-11-11 14:57:46', 7, 4, '', 257, 'Efectivo', NULL),
('2019-11-11 17:43:30', 9, 4, '', 258, 'Efectivo', NULL),
('2019-11-11 17:49:07', 9, 4, '', 259, 'Efectivo', NULL),
('2019-11-11 17:55:52', 9, 4, '', 260, 'Efectivo', NULL),
('2019-11-11 19:00:52', 9, 4, '', 261, 'Efectivo', NULL),
('2019-11-11 19:46:17', 9, 4, '', 262, 'Efectivo', NULL),
('2019-11-11 20:13:44', 9, 4, '', 263, 'Efectivo', NULL),
('2019-11-12 07:33:04', 13, 4, '', 264, 'Efectivo', NULL),
('2019-11-12 10:08:14', NULL, 4, '', 265, 'Efectivo', NULL),
('2019-11-13 09:35:42', 9, 4, '', 266, 'Efectivo', NULL),
('2019-11-13 09:36:09', 9, 4, '', 267, 'Efectivo', NULL),
('2019-11-13 09:36:53', 9, 4, '', 268, 'Efectivo', NULL),
('2019-11-13 09:37:17', 9, 4, '', 269, 'Efectivo', NULL),
('2019-11-13 09:37:43', 9, 4, '', 270, 'Efectivo', NULL),
('2019-11-13 09:38:24', 9, 4, '', 271, 'Efectivo', NULL),
('2019-11-13 09:39:48', 7, 4, '', 272, 'Efectivo', NULL);

-- --------------------------------------------------------

--
-- Estructura de tabla para la tabla `ospos_receivings_items`
--

DROP TABLE IF EXISTS `ospos_receivings_items`;
CREATE TABLE `ospos_receivings_items` (
  `receiving_id` int(10) NOT NULL DEFAULT '0',
  `item_id` int(10) NOT NULL DEFAULT '0',
  `description` varchar(30) DEFAULT NULL,
  `serialnumber` varchar(30) DEFAULT NULL,
  `line` int(3) NOT NULL,
  `quantity_purchased` decimal(15,3) NOT NULL DEFAULT '0.000',
  `item_cost_price` decimal(15,2) NOT NULL,
  `item_unit_price` decimal(15,2) NOT NULL,
  `discount` decimal(15,2) NOT NULL DEFAULT '0.00',
  `discount_type` tinyint(2) NOT NULL DEFAULT '0',
  `item_location` int(11) NOT NULL,
  `receiving_quantity` decimal(15,3) NOT NULL DEFAULT '1.000'
) ENGINE=InnoDB DEFAULT CHARSET=utf8;

--
-- Volcado de datos para la tabla `ospos_receivings_items`
--

INSERT INTO `ospos_receivings_items` (`receiving_id`, `item_id`, `description`, `serialnumber`, `line`, `quantity_purchased`, `item_cost_price`, `item_unit_price`, `discount`, `discount_type`, `item_location`, `receiving_quantity`) VALUES
(1, 1, '', NULL, 1, '6.000', '1.00', '1.01', '0.00', 0, 1, '1.000'),
(2, 4, '', NULL, 1, '6.000', '0.84', '0.84', '0.00', 0, 1, '1.000'),
(3, 2, '', NULL, 1, '6.000', '1.01', '1.01', '0.00', 0, 1, '1.000'),
(4, 3, '', NULL, 1, '12.000', '0.84', '0.84', '0.00', 0, 1, '1.000'),
(5, 4, '', NULL, 1, '6.000', '0.84', '0.84', '0.00', 0, 1, '1.000'),
(6, 5, '', NULL, 1, '12.000', '0.85', '0.85', '0.00', 0, 1, '1.000'),
(7, 3, '', NULL, 1, '12.000', '0.84', '0.84', '0.00', 0, 1, '1.000'),
(8, 3, '', NULL, 1, '12.000', '0.84', '0.84', '0.00', 0, 1, '1.000'),
(9, 3, '', NULL, 1, '24.000', '0.84', '0.84', '0.00', 0, 1, '1.000'),
(10, 6, '', NULL, 1, '6.000', '0.84', '0.84', '0.00', 0, 1, '1.000'),
(11, 7, '', NULL, 1, '6.000', '1.01', '1.01', '0.00', 0, 1, '1.000'),
(12, 8, '', NULL, 1, '16.000', '1.01', '1.01', '0.00', 0, 1, '1.000'),
(13, 9, '', NULL, 1, '12.000', '0.84', '0.84', '0.00', 0, 1, '1.000'),
(14, 10, '', NULL, 1, '6.000', '2.02', '2.02', '0.00', 0, 1, '1.000'),
(15, 11, '', NULL, 1, '6.000', '2.02', '2.02', '0.00', 0, 1, '1.000'),
(16, 12, '', NULL, 1, '6.000', '2.02', '2.02', '0.00', 0, 1, '1.000'),
(17, 12, '', NULL, 1, '6.000', '2.02', '2.02', '0.00', 0, 1, '1.000'),
(18, 12, '', '', 1, '-1.000', '2.02', '2.02', '0.00', 0, 1, '1.000'),
(19, 12, '', NULL, 1, '-5.000', '2.02', '2.02', '0.00', 0, 1, '1.000'),
(20, 3, '', NULL, 1, '-48.000', '0.84', '0.84', '0.00', 0, 1, '1.000'),
(21, 13, '', NULL, 1, '6.000', '0.77', '0.77', '0.00', 0, 1, '1.000'),
(22, 47, '', NULL, 1, '12.000', '1.33', '1.33', '0.00', 0, 1, '1.000'),
(23, 48, '', NULL, 1, '12.000', '1.48', '1.48', '0.00', 0, 1, '1.000'),
(24, 49, '', NULL, 1, '20.000', '1.20', '1.20', '0.00', 0, 1, '1.000'),
(25, 50, '', NULL, 1, '12.000', '0.92', '0.92', '0.00', 0, 1, '1.000'),
(26, 51, '', NULL, 1, '12.000', '1.75', '1.75', '0.00', 0, 1, '1.000'),
(27, 52, '', NULL, 1, '12.000', '1.75', '1.75', '0.00', 0, 1, '1.000'),
(28, 53, '', NULL, 1, '15.000', '1.10', '1.10', '0.00', 0, 1, '1.000'),
(29, 89, '', NULL, 1, '18.000', '1.83', '1.83', '0.00', 0, 1, '1.000'),
(30, 57, '', NULL, 1, '12.000', '1.50', '1.54', '0.00', 0, 1, '1.000'),
(31, 60, '', NULL, 1, '12.000', '1.15', '1.15', '0.00', 0, 1, '1.000'),
(32, 60, '', NULL, 1, '-6.000', '1.15', '1.15', '0.00', 0, 1, '1.000'),
(33, 60, '', NULL, 1, '6.000', '1.15', '1.15', '0.00', 0, 1, '1.000'),
(34, 56, '', NULL, 1, '12.000', '1.54', '1.54', '0.00', 0, 1, '1.000'),
(35, 90, '', NULL, 1, '12.000', '0.58', '0.58', '0.00', 0, 1, '1.000'),
(36, 14, '', NULL, 1, '6.000', '0.85', '0.85', '0.00', 0, 1, '1.000'),
(37, 15, '', NULL, 1, '6.000', '0.85', '0.85', '0.00', 0, 1, '1.000'),
(38, 20, '', NULL, 1, '6.000', '0.48', '0.48', '0.00', 0, 1, '1.000'),
(39, 16, '', NULL, 1, '6.000', '0.85', '0.85', '0.00', 0, 1, '1.000'),
(40, 18, '', NULL, 1, '6.000', '0.84', '0.84', '0.00', 0, 1, '1.000'),
(41, 91, '', NULL, 1, '12.000', '0.34', '0.34', '0.00', 0, 1, '1.000'),
(42, 93, '', NULL, 1, '18.000', '0.51', '0.51', '0.00', 0, 1, '1.000'),
(43, 92, '', NULL, 1, '18.000', '0.51', '0.51', '0.00', 0, 1, '1.000'),
(44, 94, '', NULL, 1, '18.000', '0.51', '0.51', '0.00', 0, 1, '1.000'),
(45, 95, '', NULL, 1, '18.000', '0.51', '0.51', '0.00', 0, 1, '1.000'),
(46, 96, '', NULL, 1, '12.000', '0.34', '0.34', '0.00', 0, 1, '1.000'),
(47, 97, '', NULL, 1, '12.000', '0.34', '0.34', '0.00', 0, 1, '1.000'),
(48, 98, '', NULL, 1, '12.000', '0.34', '0.34', '0.00', 0, 1, '1.000'),
(49, 99, '', NULL, 1, '24.000', '0.34', '0.34', '0.00', 0, 1, '1.000'),
(50, 100, '', NULL, 1, '18.000', '0.32', '0.32', '0.00', 0, 1, '1.000'),
(51, 101, '', NULL, 1, '30.000', '0.32', '0.32', '0.00', 0, 1, '1.000'),
(52, 100, '', NULL, 1, '12.000', '0.32', '0.32', '0.00', 0, 1, '1.000'),
(53, 102, '', NULL, 1, '36.000', '0.47', '0.46', '0.00', 0, 1, '1.000'),
(54, 103, '', NULL, 1, '36.000', '0.46', '0.46', '0.00', 0, 1, '1.000'),
(55, 104, '', NULL, 1, '18.000', '0.46', '0.46', '0.00', 0, 1, '1.000'),
(56, 105, '', NULL, 1, '18.000', '0.46', '0.46', '0.00', 0, 1, '1.000'),
(57, 106, '', NULL, 1, '18.000', '0.52', '0.52', '0.00', 0, 1, '1.000'),
(58, 107, '', NULL, 1, '18.000', '0.52', '0.52', '0.00', 0, 1, '1.000'),
(59, 108, '', NULL, 1, '18.000', '0.51', '0.51', '0.00', 0, 1, '1.000'),
(60, 109, '', NULL, 1, '27.000', '0.46', '0.46', '0.00', 0, 1, '1.000'),
(61, 110, '', NULL, 1, '27.000', '0.46', '0.46', '0.00', 0, 1, '1.000'),
(62, 111, '', NULL, 1, '28.000', '0.76', '0.76', '0.00', 0, 1, '1.000'),
(63, 112, '', NULL, 1, '24.000', '0.76', '0.76', '0.00', 0, 1, '1.000'),
(64, 113, '', NULL, 1, '18.000', '0.43', '0.43', '0.00', 0, 1, '1.000'),
(65, 114, '', NULL, 1, '18.000', '0.52', '0.52', '0.00', 0, 1, '1.000'),
(66, 115, '', NULL, 1, '18.000', '0.52', '0.52', '0.00', 0, 1, '1.000'),
(67, 116, '', NULL, 1, '18.000', '0.49', '0.49', '0.00', 0, 1, '1.000'),
(68, 117, '', NULL, 1, '30.000', '0.42', '0.42', '0.00', 0, 1, '1.000'),
(69, 118, '', NULL, 1, '12.000', '0.42', '0.42', '0.00', 0, 1, '1.000'),
(70, 21, '', NULL, 1, '6.000', '0.48', '0.48', '0.00', 0, 1, '1.000'),
(71, 119, '', NULL, 1, '12.000', '0.49', '0.49', '0.00', 0, 1, '1.000'),
(72, 19, '', NULL, 1, '12.000', '0.65', '0.65', '0.00', 0, 1, '1.000'),
(73, 120, '', NULL, 1, '12.000', '0.65', '0.65', '0.00', 0, 1, '1.000'),
(74, 121, '', NULL, 1, '12.000', '0.65', '0.65', '0.00', 0, 1, '1.000'),
(75, 122, '', NULL, 1, '12.000', '0.50', '0.50', '0.00', 0, 1, '1.000'),
(76, 123, '', NULL, 1, '18.000', '0.87', '0.87', '0.00', 0, 1, '1.000'),
(77, 124, '', NULL, 1, '12.000', '2.04', '2.04', '0.00', 0, 1, '1.000'),
(78, 125, '', NULL, 1, '24.000', '1.04', '1.04', '0.00', 0, 1, '1.000'),
(79, 126, '', NULL, 1, '22.000', '1.25', '1.25', '0.00', 0, 1, '1.000'),
(80, 127, '', NULL, 1, '24.000', '0.57', '0.57', '0.00', 0, 1, '1.000'),
(81, 87, '', NULL, 1, '20.000', '0.79', '0.79', '0.00', 0, 1, '1.000'),
(82, 128, '', NULL, 1, '3.000', '2.63', '2.63', '0.00', 0, 1, '1.000'),
(83, 129, '', NULL, 1, '2.000', '1.70', '1.70', '0.00', 0, 1, '1.000'),
(84, 130, '', NULL, 1, '5.000', '6.69', '6.69', '0.00', 0, 1, '1.000'),
(85, 131, '', NULL, 1, '3.000', '3.29', '3.29', '0.00', 0, 1, '1.000'),
(86, 33, '', NULL, 1, '24.000', '0.42', '0.42', '0.00', 0, 1, '1.000'),
(87, 132, '', NULL, 1, '24.000', '0.13', '0.13', '0.00', 0, 1, '1.000'),
(88, 133, '', NULL, 1, '20.000', '1.30', '1.30', '0.00', 0, 1, '1.000'),
(89, 27, '', NULL, 1, '18.000', '0.68', '0.34', '0.00', 0, 1, '1.000'),
(90, 132, '', NULL, 1, '-12.000', '0.13', '0.13', '0.00', 0, 1, '1.000'),
(91, 134, '', NULL, 1, '12.000', '0.15', '0.13', '0.00', 0, 1, '1.000'),
(92, 88, '', NULL, 1, '12.000', '0.74', '0.74', '0.00', 0, 1, '1.000'),
(93, 135, '', NULL, 1, '24.000', '0.20', '0.20', '0.00', 0, 1, '1.000'),
(94, 136, '', NULL, 1, '18.000', '0.71', '0.71', '0.00', 0, 1, '1.000'),
(95, 137, '', NULL, 1, '18.000', '0.71', '0.71', '0.00', 0, 1, '1.000'),
(96, 138, '', NULL, 1, '20.000', '0.79', '0.79', '0.00', 0, 1, '1.000'),
(97, 139, '', NULL, 1, '20.000', '0.77', '0.77', '0.00', 0, 1, '1.000'),
(98, 140, '', NULL, 1, '20.000', '0.41', '0.41', '0.00', 0, 1, '1.000'),
(99, 141, '', NULL, 1, '12.000', '0.78', '0.78', '0.00', 0, 1, '1.000'),
(100, 142, '', NULL, 1, '12.000', '0.78', '0.78', '0.00', 0, 1, '1.000'),
(101, 143, '', NULL, 1, '24.000', '0.43', '0.43', '0.00', 0, 1, '1.000'),
(102, 144, '', NULL, 1, '24.000', '0.35', '0.35', '0.00', 0, 1, '1.000'),
(103, 145, '', NULL, 1, '30.000', '0.45', '0.45', '0.00', 0, 1, '1.000'),
(104, 146, '', NULL, 1, '48.000', '0.41', '0.41', '0.00', 0, 1, '1.000'),
(105, 147, '', NULL, 1, '20.000', '0.08', '0.80', '0.00', 0, 1, '1.000'),
(106, 148, '', NULL, 1, '12.000', '0.38', '0.38', '0.00', 0, 1, '1.000'),
(107, 149, '', NULL, 1, '12.000', '0.38', '0.38', '0.00', 0, 1, '1.000'),
(108, 150, '', NULL, 1, '12.000', '0.38', '0.38', '0.00', 0, 1, '1.000'),
(109, 151, '', NULL, 1, '40.000', '0.39', '0.39', '0.00', 0, 1, '1.000'),
(110, 152, '', NULL, 1, '48.000', '0.35', '0.35', '0.00', 0, 1, '1.000'),
(111, 62, '', NULL, 1, '12.000', '1.04', '1.04', '0.00', 0, 1, '1.000'),
(112, 154, '', NULL, 1, '40.000', '0.85', '0.85', '0.00', 0, 1, '1.000'),
(113, 155, '', NULL, 1, '24.000', '0.41', '0.41', '0.00', 0, 1, '1.000'),
(114, 35, '', NULL, 1, '12.000', '0.43', '0.43', '0.00', 0, 1, '1.000'),
(115, 156, '', NULL, 1, '12.000', '0.43', '0.43', '0.00', 0, 1, '1.000'),
(116, 157, '', NULL, 1, '6.000', '0.47', '0.47', '0.00', 0, 1, '1.000'),
(117, 159, '', NULL, 1, '6.000', '0.42', '0.42', '0.00', 0, 1, '1.000'),
(118, 158, '', NULL, 1, '6.000', '0.42', '0.42', '0.00', 0, 1, '1.000'),
(119, 160, '', NULL, 1, '12.000', '1.59', '1.59', '0.00', 0, 1, '1.000'),
(120, 161, '', NULL, 1, '15.000', '0.82', '0.82', '0.00', 0, 1, '1.000'),
(121, 162, '', NULL, 1, '15.000', '0.84', '0.84', '0.00', 0, 1, '1.000'),
(122, 163, '', NULL, 1, '18.000', '0.74', '0.74', '0.00', 0, 1, '1.000'),
(123, 164, '', NULL, 1, '18.000', '0.82', '0.82', '0.00', 0, 1, '1.000'),
(124, 128, '', NULL, 1, '2.000', '2.63', '2.63', '0.00', 0, 1, '1.000'),
(125, 165, '', NULL, 1, '12.000', '1.63', '1.63', '0.00', 0, 1, '1.000'),
(126, 166, '', NULL, 1, '6.000', '2.04', '2.04', '0.00', 0, 1, '1.000'),
(127, 167, '', NULL, 1, '6.000', '2.04', '2.04', '0.00', 0, 1, '1.000'),
(128, 45, '', NULL, 1, '24.000', '1.50', '1.50', '0.00', 0, 1, '1.000'),
(129, 46, '', NULL, 1, '12.000', '1.50', '1.50', '0.00', 0, 1, '1.000'),
(130, 168, '', NULL, 1, '15.000', '0.84', '0.84', '0.00', 0, 1, '1.000'),
(131, 169, '', NULL, 1, '12.000', '0.84', '0.84', '0.00', 0, 1, '1.000'),
(132, 54, '', NULL, 1, '33.000', '1.14', '1.42', '0.00', 0, 1, '1.000'),
(133, 170, '', NULL, 1, '6.000', '2.04', '2.04', '0.00', 0, 1, '1.000'),
(134, 43, '', NULL, 1, '6.000', '1.37', '1.37', '0.00', 0, 1, '1.000'),
(135, 44, '', NULL, 1, '6.000', '1.37', '1.37', '0.00', 0, 1, '1.000'),
(136, 42, '', NULL, 1, '12.000', '1.37', '1.37', '0.00', 0, 1, '1.000'),
(137, 42, '', NULL, 1, '12.000', '1.37', '1.47', '0.00', 0, 1, '1.000'),
(138, 171, '', NULL, 1, '13.000', '1.23', '1.23', '0.00', 0, 1, '1.000'),
(139, 22, '', NULL, 1, '18.000', '0.41', '0.42', '0.00', 0, 1, '1.000'),
(140, 23, '', NULL, 1, '36.000', '0.40', '0.40', '0.00', 0, 1, '1.000'),
(141, 24, '', NULL, 1, '30.000', '0.47', '0.47', '0.00', 0, 1, '1.000'),
(142, 25, '', NULL, 1, '30.000', '0.47', '0.47', '0.00', 0, 1, '1.000'),
(143, 26, '', NULL, 1, '18.000', '0.34', '0.35', '0.00', 0, 1, '1.000'),
(144, 27, '', NULL, 1, '18.000', '0.68', '0.34', '0.00', 0, 1, '1.000'),
(145, 28, '', NULL, 1, '18.000', '0.33', '0.33', '0.00', 0, 1, '1.000'),
(146, 29, '', NULL, 1, '18.000', '0.55', '0.55', '0.00', 0, 1, '1.000'),
(147, 30, '', NULL, 1, '6.000', '0.91', '0.92', '0.00', 0, 1, '1.000'),
(148, 31, '', NULL, 1, '12.000', '0.79', '0.80', '0.00', 0, 1, '1.000'),
(149, 32, '', NULL, 1, '12.000', '0.50', '0.50', '0.00', 0, 1, '1.000'),
(150, 34, '', NULL, 1, '18.000', '0.51', '0.52', '0.00', 0, 1, '1.000'),
(151, 36, '', NULL, 1, '18.000', '0.48', '0.48', '0.00', 0, 1, '1.000'),
(152, 37, '', NULL, 1, '15.000', '0.90', '0.91', '0.00', 0, 1, '1.000'),
(153, 38, '', NULL, 1, '15.000', '0.99', '1.00', '0.00', 0, 1, '1.000'),
(154, 39, '', NULL, 1, '15.000', '0.83', '0.83', '0.00', 0, 1, '1.000'),
(155, 40, '', NULL, 1, '15.000', '1.29', '1.30', '0.00', 0, 1, '1.000'),
(156, 72, '', NULL, 1, '6.000', '1.99', '2.00', '0.00', 0, 1, '1.000'),
(157, 41, '', NULL, 1, '15.000', '0.76', '0.77', '0.00', 0, 1, '1.000'),
(158, 55, '', NULL, 1, '15.000', '0.58', '0.59', '0.00', 0, 1, '1.000'),
(159, 58, '', NULL, 1, '12.000', '1.00', '1.00', '0.00', 0, 1, '1.000'),
(160, 61, '', NULL, 1, '3.000', '3.90', '3.91', '0.00', 0, 1, '1.000'),
(161, 59, '', NULL, 1, '3.000', '2.69', '2.69', '0.00', 0, 1, '1.000'),
(162, 63, '', NULL, 1, '3.000', '2.78', '2.78', '0.00', 0, 1, '1.000'),
(163, 64, '', NULL, 1, '3.000', '1.99', '1.99', '0.00', 0, 1, '1.000'),
(164, 65, '', NULL, 1, '6.000', '1.14', '1.14', '0.00', 0, 1, '1.000'),
(165, 66, '', NULL, 1, '6.000', '1.14', '1.14', '0.00', 0, 1, '1.000'),
(166, 67, '', NULL, 1, '6.000', '1.45', '1.45', '0.00', 0, 1, '1.000'),
(167, 68, '', NULL, 1, '6.000', '1.45', '1.45', '0.00', 0, 1, '1.000'),
(168, 70, '', NULL, 1, '4.000', '5.12', '5.12', '0.00', 0, 1, '1.000'),
(169, 69, '', NULL, 1, '6.000', '2.33', '2.33', '0.00', 0, 1, '1.000'),
(170, 71, '', NULL, 1, '6.000', '5.31', '5.32', '0.00', 0, 1, '1.000'),
(171, 81, '', NULL, 1, '18.000', '3.00', '3.00', '0.00', 0, 1, '1.000'),
(172, 83, '', NULL, 1, '12.000', '2.70', '2.77', '0.00', 0, 1, '1.000'),
(173, 80, '', NULL, 1, '18.000', '3.00', '3.08', '0.00', 0, 1, '1.000'),
(174, 73, '', NULL, 1, '24.000', '4.33', '4.33', '0.00', 0, 1, '1.000'),
(175, 74, '', NULL, 1, '6.000', '3.41', '3.42', '0.00', 0, 1, '1.000'),
(176, 75, '', NULL, 1, '6.000', '4.26', '4.27', '0.00', 0, 1, '1.000'),
(177, 79, '', NULL, 1, '18.000', '3.66', '3.67', '0.00', 0, 1, '1.000'),
(178, 77, '', NULL, 1, '18.000', '3.66', '3.67', '0.00', 0, 1, '1.000'),
(179, 78, '', NULL, 1, '18.000', '3.66', '3.67', '0.00', 0, 1, '1.000'),
(180, 76, '', NULL, 1, '6.000', '3.50', '3.50', '0.00', 0, 1, '1.000'),
(181, 82, '', NULL, 1, '12.000', '4.11', '4.12', '0.00', 0, 1, '1.000'),
(182, 84, '', NULL, 1, '12.000', '3.48', '3.48', '0.00', 0, 1, '1.000'),
(183, 85, '', NULL, 1, '12.000', '2.58', '2.59', '0.00', 0, 1, '1.000'),
(184, 86, '', NULL, 1, '40.000', '0.26', '0.26', '0.00', 0, 1, '1.000'),
(185, 173, '', NULL, 1, '6.000', '2.50', '2.50', '0.00', 0, 1, '1.000'),
(186, 175, '', NULL, 1, '4.000', '5.00', '5.00', '0.00', 0, 1, '1.000'),
(187, 180, '', NULL, 1, '6.000', '2.60', '2.60', '0.00', 0, 1, '1.000'),
(188, 184, '', NULL, 1, '12.000', '1.79', '1.79', '0.00', 0, 1, '1.000'),
(189, 185, '', NULL, 1, '24.000', '0.47', '0.47', '0.00', 0, 1, '1.000'),
(190, 187, '', NULL, 1, '6.000', '2.52', '2.52', '0.00', 0, 1, '1.000'),
(191, 189, '', NULL, 1, '4.000', '2.33', '2.33', '0.00', 0, 1, '1.000'),
(192, 190, '', NULL, 1, '6.000', '4.37', '4.37', '0.00', 0, 1, '1.000'),
(193, 51, '', NULL, 1, '36.000', '1.75', '1.75', '0.00', 0, 1, '1.000'),
(194, 70, '', NULL, 1, '4.000', '6.73', '6.73', '0.00', 0, 1, '1.000'),
(195, 52, '', NULL, 1, '36.000', '1.75', '1.69', '0.00', 0, 1, '1.000'),
(196, 191, '', NULL, 1, '6.000', '1.72', '1.72', '0.00', 0, 1, '1.000'),
(197, 49, '', NULL, 1, '12.000', '1.20', '1.20', '0.00', 0, 1, '1.000'),
(198, 192, '', NULL, 1, '18.000', '1.95', '1.95', '0.00', 0, 1, '1.000'),
(199, 195, '', NULL, 1, '3.000', '29.90', '29.90', '0.00', 0, 1, '1.000'),
(200, 196, '', NULL, 1, '3.000', '19.90', '19.90', '0.00', 0, 1, '1.000'),
(201, 198, '', NULL, 1, '3.000', '22.00', '22.00', '0.00', 0, 1, '1.000'),
(202, 200, '', NULL, 1, '3.000', '52.00', '52.00', '0.00', 0, 1, '1.000'),
(203, 202, '', NULL, 1, '3.000', '52.00', '52.00', '0.00', 0, 1, '1.000'),
(204, 203, '', NULL, 1, '3.000', '18.60', '18.60', '0.00', 0, 1, '1.000'),
(205, 208, '', NULL, 1, '3.000', '85.20', '85.20', '0.00', 0, 1, '1.000'),
(206, 212, '', NULL, 1, '3.000', '41.90', '41.90', '0.00', 0, 1, '1.000'),
(207, 215, '', NULL, 1, '3.000', '34.10', '34.10', '0.00', 0, 1, '1.000'),
(208, 219, '', NULL, 1, '3.000', '53.00', '53.00', '0.00', 0, 1, '1.000'),
(209, 223, '', NULL, 1, '3.000', '24.99', '24.99', '0.00', 0, 1, '1.000'),
(210, 223, '', NULL, 1, '3.000', '24.99', '24.99', '0.00', 0, 1, '1.000'),
(211, 232, '', NULL, 1, '3.000', '69.90', '69.90', '0.00', 0, 1, '1.000'),
(212, 239, '', NULL, 1, '3.000', '95.00', '95.00', '0.00', 0, 1, '1.000'),
(213, 243, '', NULL, 1, '6.000', '12.62', '12.62', '0.00', 0, 1, '1.000'),
(214, 248, '', NULL, 1, '6.000', '12.62', '12.62', '0.00', 0, 1, '1.000'),
(215, 248, '', NULL, 1, '6.000', '12.62', '12.62', '0.00', 0, 1, '1.000'),
(216, 248, '', NULL, 1, '-6.000', '12.62', '12.62', '0.00', 0, 1, '1.000'),
(217, 258, '', NULL, 1, '12.000', '1.30', '1.30', '0.00', 0, 1, '1.000'),
(218, 262, '', NULL, 1, '4.000', '2.09', '2.09', '0.00', 0, 1, '1.000'),
(219, 263, '', NULL, 1, '12.000', '0.96', '0.96', '0.00', 0, 1, '1.000'),
(220, 264, '', NULL, 1, '12.000', '0.99', '1.00', '0.00', 0, 1, '1.000'),
(221, 265, '', NULL, 1, '3.000', '4.45', '4.45', '0.00', 0, 1, '1.000'),
(222, 266, '', NULL, 1, '24.000', '0.44', '0.45', '0.00', 0, 1, '1.000'),
(223, 267, '', NULL, 1, '24.000', '0.50', '0.50', '0.00', 0, 1, '1.000'),
(224, 268, '', NULL, 1, '24.000', '0.48', '0.48', '0.00', 0, 1, '1.000'),
(225, 28, '', NULL, 1, '18.000', '0.33', '0.33', '0.00', 0, 1, '1.000'),
(226, 269, '', NULL, 1, '20.000', '3.09', '3.09', '0.00', 0, 1, '1.000'),
(227, 270, '', NULL, 1, '20.000', '1.15', '1.15', '0.00', 0, 1, '1.000'),
(228, 271, '', NULL, 1, '3.000', '13.99', '13.99', '0.00', 0, 1, '1.000'),
(229, 272, '', NULL, 1, '6.000', '2.45', '2.46', '0.00', 0, 1, '1.000'),
(230, 290, '', NULL, 1, '36.000', '0.80', '0.81', '0.00', 0, 1, '1.000'),
(231, 291, '', NULL, 1, '3.000', '3.69', '3.69', '0.00', 0, 1, '1.000'),
(232, 273, '', NULL, 1, '240.000', '0.08', '0.08', '0.00', 0, 1, '1.000'),
(233, 274, '', NULL, 1, '24.000', '0.52', '0.52', '0.00', 0, 1, '1.000'),
(234, 128, '', NULL, 1, '-5.000', '2.63', '2.63', '0.00', 0, 1, '1.000'),
(235, 299, '', NULL, 1, '8.000', '4.80', '4.80', '0.00', 0, 1, '1.000'),
(236, 300, '', NULL, 1, '4.000', '6.50', '6.50', '0.00', 0, 1, '1.000'),
(237, 301, '', NULL, 1, '3.000', '5.35', '5.35', '0.00', 0, 1, '1.000'),
(238, 302, '', NULL, 1, '4.000', '7.50', '7.50', '0.00', 0, 1, '1.000'),
(239, 303, '', NULL, 1, '3.000', '10.50', '10.50', '0.00', 0, 1, '1.000'),
(240, 304, '', NULL, 1, '3.000', '7.25', '7.25', '0.00', 0, 1, '1.000'),
(241, 305, '', NULL, 1, '6.000', '4.67', '4.67', '0.00', 0, 1, '1.000'),
(242, 306, '', NULL, 1, '3.000', '13.25', '13.25', '0.00', 0, 1, '1.000'),
(243, 311, '', NULL, 1, '3.000', '6.50', '6.50', '0.00', 0, 1, '1.000'),
(244, 130, '', NULL, 1, '3.000', '6.69', '6.50', '0.00', 0, 1, '1.000'),
(245, 314, '', NULL, 1, '2.000', '6.50', '6.50', '0.00', 0, 1, '1.000'),
(246, 315, '', NULL, 1, '3.000', '6.00', '6.00', '0.00', 0, 1, '1.000'),
(247, 316, '', NULL, 1, '2.000', '6.35', '6.35', '0.00', 0, 1, '1.000'),
(248, 317, '', '', 1, '1.000', '4.25', '4.25', '0.00', 0, 1, '1.000'),
(249, 317, '', NULL, 1, '2.000', '4.25', '4.25', '0.00', 0, 1, '1.000'),
(250, 318, '', NULL, 1, '2.000', '4.25', '4.25', '0.00', 0, 1, '1.000'),
(251, 319, '', NULL, 1, '2.000', '8.50', '8.50', '0.00', 0, 1, '1.000'),
(252, 320, '', NULL, 1, '2.000', '6.50', '6.50', '0.00', 0, 1, '1.000'),
(253, 321, '', NULL, 1, '3.000', '7.25', '7.25', '0.00', 0, 1, '1.000'),
(254, 322, '', NULL, 1, '6.000', '19.50', '19.50', '0.00', 0, 1, '1.000'),
(255, 323, '', NULL, 1, '12.000', '6.50', '6.50', '0.00', 0, 1, '1.000'),
(256, 324, '', NULL, 1, '24.000', '0.86', '0.87', '0.00', 0, 1, '1.000'),
(257, 325, '', NULL, 1, '2.000', '6.25', '6.25', '0.00', 0, 1, '1.000'),
(258, 327, '', NULL, 1, '12.000', '2.10', '2.10', '0.00', 0, 1, '1.000'),
(259, 328, '', NULL, 1, '12.000', '4.41', '4.42', '0.00', 0, 1, '1.000'),
(260, 329, '', NULL, 1, '2.000', '3.89', '3.89', '0.00', 0, 1, '1.000'),
(261, 330, '', NULL, 1, '4.000', '3.89', '3.89', '0.00', 0, 1, '1.000'),
(262, 331, '', NULL, 1, '2.000', '19.00', '19.00', '0.00', 0, 1, '1.000'),
(263, 332, '', NULL, 1, '2.000', '16.50', '16.50', '0.00', 0, 1, '1.000'),
(264, 344, '', NULL, 1, '2.000', '7.75', '7.75', '0.00', 0, 1, '1.000'),
(265, 346, '', NULL, 1, '18.000', '0.71', '0.71', '0.00', 0, 1, '1.000'),
(266, 356, '', NULL, 1, '18.000', '0.50', '0.50', '0.00', 0, 1, '1.000'),
(267, 357, '', NULL, 1, '6.000', '0.50', '0.50', '0.00', 0, 1, '1.000'),
(268, 358, '', NULL, 1, '12.000', '4.17', '4.17', '0.00', 0, 1, '1.000'),
(269, 359, '', NULL, 1, '12.000', '4.71', '4.71', '0.00', 0, 1, '1.000'),
(270, 360, '', NULL, 1, '100.000', '0.12', '0.12', '0.00', 0, 1, '1.000'),
(271, 361, '', NULL, 1, '100.000', '0.12', '0.12', '0.00', 0, 1, '1.000'),
(272, 362, '', NULL, 1, '3.000', '15.00', '15.00', '0.00', 0, 1, '1.000');

-- --------------------------------------------------------

--
-- Estructura de tabla para la tabla `ospos_sales`
--

DROP TABLE IF EXISTS `ospos_sales`;
CREATE TABLE `ospos_sales` (
  `sale_time` timestamp NOT NULL DEFAULT CURRENT_TIMESTAMP,
  `customer_id` int(10) DEFAULT NULL,
  `employee_id` int(10) NOT NULL DEFAULT '0',
  `comment` text,
  `invoice_number` varchar(32) DEFAULT NULL,
  `quote_number` varchar(32) DEFAULT NULL,
  `sale_id` int(10) NOT NULL,
  `sale_status` tinyint(2) NOT NULL DEFAULT '0',
  `dinner_table_id` int(11) DEFAULT NULL,
  `work_order_number` varchar(32) DEFAULT NULL,
  `sale_type` tinyint(2) NOT NULL DEFAULT '0'
) ENGINE=InnoDB DEFAULT CHARSET=utf8;

--
-- Volcado de datos para la tabla `ospos_sales`
--

INSERT INTO `ospos_sales` (`sale_time`, `customer_id`, `employee_id`, `comment`, `invoice_number`, `quote_number`, `sale_id`, `sale_status`, `dinner_table_id`, `work_order_number`, `sale_type`) VALUES
('2019-11-01 22:28:38', NULL, 1, '', NULL, NULL, 1, 2, NULL, NULL, 3),
('2019-11-02 20:11:30', NULL, 4, '', NULL, NULL, 2, 2, 1, NULL, 0),
('2019-11-02 22:30:26', NULL, 5, '', NULL, NULL, 3, 0, 1, NULL, 0),
('2019-11-02 22:43:09', NULL, 5, '', NULL, NULL, 4, 0, 1, NULL, 0),
('2019-11-02 23:10:32', NULL, 4, '', NULL, NULL, 5, 0, 1, NULL, 0),
('2019-11-05 16:25:16', NULL, 1, '', NULL, NULL, 6, 2, 1, NULL, 0),
('2019-11-05 17:08:21', 1, 1, '', NULL, NULL, 7, 2, 1, NULL, 0),
('2019-11-07 01:04:00', NULL, 5, '', NULL, NULL, 8, 0, 1, NULL, 0),
('2019-11-07 01:06:06', NULL, 5, '', NULL, NULL, 9, 0, 1, NULL, 4),
('2019-11-07 01:08:10', NULL, 5, '', NULL, NULL, 10, 0, 1, NULL, 0),
('2019-11-07 01:13:18', NULL, 5, '', NULL, NULL, 11, 0, 1, NULL, 4),
('2019-11-07 01:15:45', NULL, 5, '', NULL, NULL, 12, 2, 1, NULL, 0),
('2019-11-07 02:52:47', NULL, 5, '', NULL, NULL, 13, 2, 1, NULL, 0),
('2019-11-07 22:06:45', NULL, 5, '', NULL, NULL, 14, 0, 1, NULL, 0),
('2019-11-07 22:52:02', NULL, 5, '', NULL, NULL, 15, 0, 1, NULL, 0),
('2019-11-08 00:01:05', NULL, 5, '', NULL, NULL, 16, 0, 1, NULL, 0),
('2019-11-08 01:32:16', NULL, 5, '', NULL, NULL, 17, 0, 1, NULL, 0),
('2019-11-08 16:16:28', NULL, 5, '', NULL, NULL, 18, 0, 13, NULL, 0),
('2019-11-08 16:18:25', NULL, 5, '', NULL, NULL, 19, 0, 10, NULL, 0),
('2019-11-08 16:36:06', NULL, 5, '', NULL, NULL, 20, 0, 1, NULL, 0),
('2019-11-08 16:38:01', NULL, 5, '', NULL, NULL, 21, 0, 1, NULL, 0),
('2019-11-08 16:43:52', NULL, 5, '', NULL, NULL, 22, 2, 1, NULL, 0),
('2019-11-08 17:16:48', NULL, 5, '', NULL, NULL, 23, 0, 1, NULL, 0),
('2019-11-08 18:21:13', NULL, 5, '', NULL, NULL, 24, 0, 1, NULL, 0),
('2019-11-08 18:58:47', NULL, 5, '', NULL, NULL, 25, 0, 1, NULL, 0),
('2019-11-08 19:16:45', NULL, 5, '', NULL, NULL, 26, 0, 9, NULL, 0),
('2019-11-08 19:24:30', NULL, 5, '', NULL, NULL, 27, 0, 1, NULL, 0),
('2019-11-08 19:26:39', NULL, 5, '', NULL, NULL, 28, 0, 1, NULL, 4),
('2019-11-08 19:27:51', NULL, 5, '', NULL, NULL, 29, 2, 7, NULL, 0),
('2019-11-08 19:31:56', NULL, 5, '', NULL, NULL, 30, 0, 5, NULL, 0),
('2019-11-08 19:37:33', NULL, 5, '', NULL, NULL, 31, 0, 1, NULL, 0),
('2019-11-08 21:20:18', NULL, 5, '', NULL, NULL, 32, 0, 1, NULL, 0),
('2019-11-08 21:26:42', NULL, 5, '', NULL, NULL, 33, 0, 1, NULL, 0),
('2019-11-08 21:44:49', NULL, 5, '', NULL, NULL, 34, 0, 8, NULL, 0),
('2019-11-08 21:54:48', NULL, 5, '', NULL, NULL, 35, 0, 1, NULL, 0),
('2019-11-08 22:12:02', NULL, 5, '', NULL, NULL, 36, 0, 1, NULL, 0),
('2019-11-08 22:28:24', NULL, 5, '', NULL, NULL, 37, 0, 1, NULL, 0),
('2019-11-08 22:33:26', NULL, 5, '', NULL, NULL, 38, 0, 1, NULL, 0),
('2019-11-08 23:29:28', NULL, 5, '', NULL, NULL, 39, 0, 1, NULL, 0),
('2019-11-09 00:47:33', NULL, 5, '', NULL, NULL, 40, 0, 1, NULL, 0),
('2019-11-09 01:41:18', NULL, 5, '', NULL, NULL, 41, 0, 1, NULL, 0),
('2019-11-09 01:56:18', NULL, 5, '', NULL, NULL, 42, 0, 1, NULL, 0),
('2019-11-09 01:58:48', NULL, 5, '', NULL, NULL, 43, 2, 1, NULL, 0),
('2019-11-09 01:59:19', NULL, 5, '', NULL, NULL, 44, 0, 1, NULL, 0),
('2019-11-09 02:03:27', NULL, 5, '', NULL, NULL, 45, 0, 1, NULL, 0),
('2019-11-09 02:35:55', NULL, 5, '', NULL, NULL, 46, 0, 1, NULL, 0),
('2019-11-09 03:00:26', NULL, 5, '', NULL, NULL, 47, 0, 1, NULL, 0),
('2019-11-09 03:09:53', NULL, 5, '', NULL, NULL, 48, 0, 1, NULL, 0),
('2019-11-09 03:12:47', NULL, 5, '', NULL, NULL, 49, 0, 1, NULL, 0),
('2019-11-09 03:23:28', NULL, 5, '', NULL, NULL, 50, 0, 1, NULL, 0),
('2019-11-09 03:29:30', NULL, 5, '', NULL, NULL, 51, 0, 12, NULL, 0),
('2019-11-09 03:38:21', NULL, 5, '', NULL, NULL, 52, 0, 1, NULL, 0),
('2019-11-09 03:40:32', NULL, 5, '', NULL, NULL, 53, 0, 1, NULL, 0),
('2019-11-09 03:43:41', NULL, 5, '', NULL, NULL, 54, 0, 1, NULL, 0),
('2019-11-09 16:26:39', NULL, 5, '', NULL, NULL, 55, 0, 1, NULL, 0),
('2019-11-09 16:53:53', NULL, 5, '', NULL, NULL, 56, 0, 1, NULL, 0),
('2019-11-09 17:08:15', NULL, 5, '', NULL, NULL, 57, 0, 1, NULL, 0),
('2019-11-09 18:01:27', NULL, 5, '', NULL, NULL, 58, 0, 1, NULL, 0),
('2019-11-09 18:17:11', NULL, 5, '', NULL, NULL, 59, 0, 1, NULL, 0),
('2019-11-09 18:29:48', NULL, 5, '', NULL, NULL, 60, 0, 1, NULL, 0),
('2019-11-09 18:41:38', NULL, 5, '', NULL, NULL, 61, 0, 1, NULL, 0),
('2019-11-09 18:51:46', NULL, 5, '', NULL, NULL, 62, 0, 1, NULL, 0),
('2019-11-09 19:04:18', NULL, 5, '', NULL, NULL, 63, 0, 1, NULL, 0),
('2019-11-09 19:21:43', NULL, 5, '', NULL, NULL, 64, 0, 1, NULL, 0),
('2019-11-09 20:14:03', NULL, 5, '', NULL, NULL, 65, 0, 1, NULL, 0),
('2019-11-09 20:42:54', NULL, 5, '', NULL, NULL, 66, 0, 1, NULL, 0),
('2019-11-09 21:14:42', NULL, 5, '', NULL, NULL, 67, 0, 1, NULL, 0),
('2019-11-09 21:20:13', NULL, 5, '', NULL, NULL, 68, 0, 1, NULL, 0),
('2019-11-09 22:14:31', NULL, 5, '', NULL, NULL, 69, 0, 1, NULL, 0),
('2019-11-09 22:21:50', NULL, 5, '', NULL, NULL, 70, 0, 1, NULL, 0),
('2019-11-09 23:35:21', NULL, 5, '', NULL, NULL, 71, 2, 1, NULL, 0),
('2019-11-09 23:36:02', NULL, 5, '', NULL, NULL, 72, 0, 1, NULL, 0),
('2019-11-09 23:50:57', 1, 5, '', NULL, NULL, 73, 0, 4, NULL, 0),
('2019-11-09 23:53:45', NULL, 5, '', NULL, NULL, 74, 0, 12, NULL, 0),
('2019-11-09 23:54:31', NULL, 5, '', NULL, NULL, 75, 0, 12, NULL, 0),
('2019-11-09 23:54:59', NULL, 5, '', NULL, NULL, 76, 0, 12, NULL, 0),
('2019-11-09 23:56:37', NULL, 5, '', NULL, NULL, 77, 0, 1, NULL, 0),
('2019-11-10 00:15:49', NULL, 5, '', NULL, NULL, 78, 0, 1, NULL, 0),
('2019-11-10 00:18:00', NULL, 5, '', NULL, NULL, 79, 0, 6, NULL, 0),
('2019-11-10 00:22:31', NULL, 5, '', NULL, NULL, 80, 0, 1, NULL, 0),
('2019-11-10 00:33:38', NULL, 5, '', NULL, NULL, 81, 0, 12, NULL, 0),
('2019-11-10 00:36:09', NULL, 5, '', NULL, NULL, 82, 0, 1, NULL, 0),
('2019-11-10 00:39:34', NULL, 5, '', NULL, NULL, 83, 0, 1, NULL, 0),
('2019-11-10 01:18:17', NULL, 5, '', NULL, NULL, 84, 0, 1, NULL, 0),
('2019-11-10 01:37:55', NULL, 5, '', NULL, NULL, 85, 0, 1, NULL, 0),
('2019-11-10 02:06:54', NULL, 5, '', NULL, NULL, 86, 0, 1, NULL, 0),
('2019-11-10 02:20:34', NULL, 5, '', NULL, NULL, 87, 0, 1, NULL, 0),
('2019-11-10 02:23:50', NULL, 5, '', NULL, NULL, 88, 0, 1, NULL, 0),
('2019-11-10 02:25:00', NULL, 5, '', NULL, NULL, 89, 0, 1, NULL, 0),
('2019-11-10 02:27:36', NULL, 5, '', NULL, NULL, 90, 0, 1, NULL, 0),
('2019-11-10 16:17:46', NULL, 12, '', NULL, NULL, 91, 0, 1, NULL, 0),
('2019-11-10 16:14:12', NULL, 12, '', NULL, NULL, 92, 0, 1, NULL, 0),
('2019-11-10 16:15:06', NULL, 12, '', NULL, NULL, 93, 0, 1, NULL, 0),
('2019-11-10 16:32:35', NULL, 12, '', NULL, NULL, 94, 2, 1, NULL, 0),
('2019-11-10 16:53:25', NULL, 12, '', NULL, NULL, 95, 2, 1, NULL, 0),
('2019-11-10 16:56:52', NULL, 12, '', NULL, NULL, 96, 0, 1, NULL, 0),
('2019-11-10 17:28:39', NULL, 12, '', NULL, NULL, 97, 0, 1, NULL, 0),
('2019-11-10 18:20:50', NULL, 12, '', NULL, NULL, 98, 0, 1, NULL, 0),
('2019-11-10 18:50:30', NULL, 12, '', NULL, NULL, 99, 0, 1, NULL, 0),
('2019-11-10 19:17:01', NULL, 12, '', NULL, NULL, 100, 0, 11, NULL, 0),
('2019-11-10 20:15:32', NULL, 12, '', NULL, NULL, 101, 0, 1, NULL, 0),
('2019-11-10 20:54:30', NULL, 12, '', NULL, NULL, 102, 0, 12, NULL, 0),
('2019-11-10 21:22:39', NULL, 12, '', NULL, NULL, 103, 0, 7, NULL, 0),
('2019-11-10 22:11:19', NULL, 12, '', NULL, NULL, 104, 0, 10, NULL, 0),
('2019-11-11 00:14:45', NULL, 12, '', NULL, NULL, 105, 0, 1, NULL, 0),
('2019-11-11 00:17:12', NULL, 12, '', NULL, NULL, 106, 0, 1, NULL, 0),
('2019-11-11 00:47:17', NULL, 12, '', NULL, NULL, 107, 0, 1, NULL, 0),
('2019-11-11 00:50:53', NULL, 12, '', NULL, NULL, 108, 0, 1, NULL, 0),
('2019-11-11 16:33:47', NULL, 12, '', NULL, NULL, 109, 0, 1, NULL, 0),
('2019-11-11 16:44:57', NULL, 12, '', NULL, NULL, 110, 0, 11, NULL, 0),
('2019-11-11 17:40:03', NULL, 12, '', NULL, NULL, 111, 0, 1, NULL, 0),
('2019-11-11 19:12:13', NULL, 12, '', NULL, NULL, 112, 0, 1, NULL, 0),
('2019-11-11 19:16:08', NULL, 12, '', NULL, NULL, 113, 0, 6, NULL, 0),
('2019-11-11 19:44:00', NULL, 12, '', NULL, NULL, 114, 0, 11, NULL, 0),
('2019-11-11 19:45:08', NULL, 12, '', NULL, NULL, 115, 0, 1, NULL, 0),
('2019-11-11 20:52:51', NULL, 12, '', NULL, NULL, 116, 0, 1, NULL, 0),
('2019-11-11 20:53:38', NULL, 12, '', NULL, NULL, 117, 0, 1, NULL, 0),
('2019-11-11 22:02:48', NULL, 12, '', NULL, NULL, 118, 0, 6, NULL, 0),
('2019-11-11 22:21:46', NULL, 12, '', NULL, NULL, 119, 0, 6, NULL, 0),
('2019-11-11 22:23:25', NULL, 12, '', NULL, NULL, 120, 0, 7, NULL, 0),
('2019-11-11 22:23:51', NULL, 12, '', NULL, NULL, 121, 0, 5, NULL, 0),
('2019-11-11 22:25:06', NULL, 12, '', NULL, NULL, 122, 0, 13, NULL, 0),
('2019-11-11 22:25:54', NULL, 12, '', NULL, NULL, 123, 0, 4, NULL, 0),
('2019-11-11 22:27:39', NULL, 12, '', NULL, NULL, 124, 0, 1, NULL, 0),
('2019-11-11 22:28:47', NULL, 12, '', NULL, NULL, 125, 0, 1, NULL, 0),
('2019-11-11 22:40:20', NULL, 12, '', NULL, NULL, 126, 0, 1, NULL, 0),
('2019-11-11 22:41:54', NULL, 12, '', NULL, NULL, 127, 0, 1, NULL, 0),
('2019-11-11 22:43:03', NULL, 12, '', NULL, NULL, 128, 0, 1, NULL, 0),
('2019-11-11 23:33:46', NULL, 5, '', NULL, NULL, 129, 0, 1, NULL, 0),
('2019-11-11 23:37:52', NULL, 5, '', NULL, NULL, 130, 0, 6, NULL, 0),
('2019-11-12 00:01:18', NULL, 5, '', NULL, NULL, 131, 0, 1, NULL, 0),
('2019-11-11 23:57:09', NULL, 5, '', NULL, NULL, 132, 0, 1, NULL, 0),
('2019-11-12 00:14:08', NULL, 5, '', NULL, NULL, 133, 0, 1, NULL, 0),
('2019-11-12 00:31:22', NULL, 5, '', NULL, NULL, 134, 0, 7, NULL, 0),
('2019-11-12 00:22:57', NULL, 5, '', NULL, NULL, 135, 0, 1, NULL, 0),
('2019-11-12 00:54:36', NULL, 5, '', NULL, NULL, 136, 0, 1, NULL, 0),
('2019-11-12 01:26:27', NULL, 5, '', NULL, NULL, 137, 0, 1, NULL, 0),
('2019-11-12 01:43:17', NULL, 5, '', NULL, NULL, 138, 0, 1, NULL, 0),
('2019-11-12 02:33:32', NULL, 5, '', NULL, NULL, 139, 0, 11, NULL, 0),
('2019-11-12 02:48:08', NULL, 5, '', NULL, NULL, 140, 0, 1, NULL, 0),
('2019-11-12 04:24:11', NULL, 5, '', NULL, NULL, 141, 0, 1, NULL, 0),
('2019-11-12 04:25:27', NULL, 5, '', NULL, NULL, 142, 0, 1, NULL, 0),
('2019-11-12 05:22:22', NULL, 5, '', NULL, NULL, 143, 0, 1, NULL, 0),
('2019-11-12 05:10:39', NULL, 5, '', NULL, NULL, 144, 0, 1, NULL, 0),
('2019-11-12 05:09:15', NULL, 5, '', NULL, NULL, 145, 0, 1, NULL, 0),
('2019-11-12 05:42:20', NULL, 5, '', NULL, NULL, 146, 0, 1, NULL, 0),
('2019-11-12 05:54:57', NULL, 5, '', NULL, NULL, 147, 0, 1, NULL, 0),
('2019-11-12 08:06:55', NULL, 12, '', NULL, NULL, 148, 0, 1, NULL, 0),
('2019-11-12 09:34:56', NULL, 12, '', NULL, NULL, 149, 0, 1, NULL, 0),
('2019-11-12 11:30:13', NULL, 12, '', NULL, NULL, 150, 0, 1, NULL, 0),
('2019-11-12 12:24:49', NULL, 12, '', NULL, NULL, 151, 0, 1, NULL, 0),
('2019-11-12 13:34:27', NULL, 12, '', NULL, NULL, 152, 0, 7, NULL, 0),
('2019-11-12 13:37:45', NULL, 12, '', NULL, NULL, 153, 0, 1, NULL, 0),
('2019-11-12 14:44:52', NULL, 5, '', NULL, NULL, 154, 0, 1, NULL, 0),
('2019-11-12 15:55:22', NULL, 5, '', NULL, NULL, 155, 0, 1, NULL, 0),
('2019-11-12 16:05:12', NULL, 5, '', NULL, NULL, 156, 0, 1, NULL, 0),
('2019-11-12 16:50:10', NULL, 5, '', NULL, NULL, 157, 0, 1, NULL, 0),
('2019-11-12 17:03:56', NULL, 5, '', NULL, NULL, 158, 0, 1, NULL, 0),
('2019-11-12 17:10:02', NULL, 5, '', NULL, NULL, 159, 0, 1, NULL, 0),
('2019-11-12 17:17:34', NULL, 5, '', NULL, NULL, 160, 0, 6, NULL, 0),
('2019-11-12 17:55:46', NULL, 5, '', NULL, NULL, 161, 0, 1, NULL, 0),
('2019-11-12 18:02:45', NULL, 5, '', NULL, NULL, 162, 0, 1, NULL, 0),
('2019-11-12 18:38:20', NULL, 5, '', NULL, NULL, 163, 0, 1, NULL, 0),
('2019-11-12 18:53:44', NULL, 5, '', NULL, NULL, 164, 0, 5, NULL, 0),
('2019-11-12 18:58:49', NULL, 5, '', NULL, NULL, 165, 0, 1, NULL, 0),
('2019-11-12 19:59:11', NULL, 5, '', NULL, NULL, 166, 0, 1, NULL, 0),
('2019-11-12 20:25:30', NULL, 5, '', NULL, NULL, 167, 0, 1, NULL, 0),
('2019-11-12 20:24:30', NULL, 5, '', NULL, NULL, 168, 0, 6, NULL, 0),
('2019-11-12 20:40:17', NULL, 5, '', NULL, NULL, 169, 0, 7, NULL, 0),
('2019-11-12 20:45:55', NULL, 5, '', NULL, NULL, 170, 0, 1, NULL, 0),
('2019-11-12 20:54:43', NULL, 5, '', NULL, NULL, 171, 0, 1, NULL, 0),
('2019-11-12 21:18:40', NULL, 5, '', NULL, NULL, 172, 0, 1, NULL, 0),
('2019-11-12 21:17:35', NULL, 5, '', NULL, NULL, 173, 2, 1, NULL, 0),
('2019-11-12 21:17:55', NULL, 5, '', NULL, NULL, 174, 0, 1, NULL, 0),
('2019-11-12 21:20:17', NULL, 5, '', NULL, NULL, 175, 0, 1, NULL, 0),
('2019-11-12 21:21:05', NULL, 5, '', NULL, NULL, 176, 0, 7, NULL, 0),
('2019-11-12 21:31:01', NULL, 5, '', NULL, NULL, 177, 0, 5, NULL, 0),
('2019-11-12 21:27:30', NULL, 5, '', NULL, NULL, 178, 2, 1, NULL, 0),
('2019-11-12 22:18:10', NULL, 5, '', NULL, NULL, 179, 0, 1, NULL, 0),
('2019-11-12 22:32:35', NULL, 5, '', NULL, NULL, 180, 0, 6, NULL, 0),
('2019-11-12 23:08:40', NULL, 5, '', NULL, NULL, 181, 0, 1, NULL, 0),
('2019-11-12 23:12:32', NULL, 5, '', NULL, NULL, 182, 0, 1, NULL, 0),
('2019-11-13 01:42:33', NULL, 5, '', NULL, NULL, 183, 0, 1, NULL, 0),
('2019-11-13 00:39:12', NULL, 5, '', NULL, NULL, 184, 0, 1, NULL, 0),
('2019-11-13 01:45:56', NULL, 5, '', NULL, NULL, 185, 0, 1, NULL, 0),
('2019-11-13 01:49:09', NULL, 5, '', NULL, NULL, 186, 0, 1, NULL, 0),
('2019-11-13 01:50:55', NULL, 5, '', NULL, NULL, 187, 0, 1, NULL, 0),
('2019-11-13 01:52:49', NULL, 5, '', NULL, NULL, 188, 0, 6, NULL, 0),
('2019-11-13 01:58:37', NULL, 5, '', NULL, NULL, 189, 0, 7, NULL, 0),
('2019-11-13 02:04:20', NULL, 5, '', NULL, NULL, 190, 0, 1, NULL, 0),
('2019-11-13 07:38:28', NULL, 12, '', NULL, NULL, 191, 0, 1, NULL, 0),
('2019-11-13 07:43:52', NULL, 12, '', NULL, NULL, 192, 0, 1, NULL, 0),
('2019-11-13 07:52:45', NULL, 12, '', NULL, NULL, 193, 0, 1, NULL, 0),
('2019-11-13 08:00:25', NULL, 12, '', NULL, NULL, 194, 0, 1, NULL, 0),
('2019-11-13 08:26:11', NULL, 12, '', NULL, NULL, 195, 0, 1, NULL, 0),
('2019-11-13 08:29:00', NULL, 12, '', NULL, NULL, 196, 0, 1, NULL, 0),
('2019-11-13 08:30:27', NULL, 12, '', NULL, NULL, 197, 0, 7, NULL, 0),
('2019-11-13 08:30:54', NULL, 12, '', NULL, NULL, 198, 0, 7, NULL, 0),
('2019-11-13 08:31:55', NULL, 12, '', NULL, NULL, 199, 0, 6, NULL, 0),
('2019-11-13 08:33:03', NULL, 12, '', NULL, NULL, 200, 0, 1, NULL, 0),
('2019-11-13 12:07:54', NULL, 12, '', NULL, NULL, 201, 0, 1, NULL, 0),
('2019-11-13 13:07:30', NULL, 12, '', NULL, NULL, 202, 0, 1, NULL, 0),
('2019-11-13 13:57:30', NULL, 12, '', NULL, NULL, 203, 0, 1, NULL, 0),
('2019-11-13 15:01:46', NULL, 5, '', NULL, NULL, 204, 2, 1, NULL, 0),
('2019-11-13 15:10:29', NULL, 5, '', NULL, NULL, 205, 0, 1, NULL, 0),
('2019-11-13 15:20:58', NULL, 5, '', NULL, NULL, 206, 0, 1, NULL, 0),
('2019-11-13 15:17:41', NULL, 5, '', NULL, NULL, 207, 0, 1, NULL, 0),
('2019-11-13 16:23:56', NULL, 5, '', NULL, NULL, 208, 0, 1, NULL, 0),
('2019-11-13 16:30:54', NULL, 5, '', NULL, NULL, 209, 2, 1, NULL, 0),
('2019-11-13 16:40:03', NULL, 5, '', NULL, NULL, 210, 0, 1, NULL, 0),
('2019-11-13 16:56:53', NULL, 5, '', NULL, NULL, 211, 0, 1, NULL, 0),
('2019-11-13 17:22:28', NULL, 5, '', NULL, NULL, 212, 0, 1, NULL, 0),
('2019-11-13 17:24:15', NULL, 5, '', NULL, NULL, 213, 0, 1, NULL, 0),
('2019-11-13 17:28:30', NULL, 5, '', NULL, NULL, 214, 0, 1, NULL, 0),
('2019-11-13 17:47:42', NULL, 5, '', NULL, NULL, 215, 0, 1, NULL, 0),
('2019-11-13 18:08:00', NULL, 5, '', NULL, NULL, 216, 0, 1, NULL, 0),
('2019-11-13 18:37:26', NULL, 5, '', NULL, NULL, 217, 0, 1, NULL, 0),
('2019-11-13 18:41:36', NULL, 5, '', NULL, NULL, 218, 0, 5, NULL, 0),
('2019-11-13 19:46:41', NULL, 5, '', NULL, NULL, 219, 0, 1, NULL, 0),
('2019-11-13 19:48:07', NULL, 5, '', NULL, NULL, 220, 0, 1, NULL, 0),
('2019-11-13 20:09:30', NULL, 5, '', NULL, NULL, 221, 0, 1, NULL, 0),
('2019-11-13 20:38:38', NULL, 5, '', NULL, NULL, 222, 0, 1, NULL, 0);

-- --------------------------------------------------------

--
-- Estructura de tabla para la tabla `ospos_sales_items`
--

DROP TABLE IF EXISTS `ospos_sales_items`;
CREATE TABLE `ospos_sales_items` (
  `sale_id` int(10) NOT NULL DEFAULT '0',
  `item_id` int(10) NOT NULL DEFAULT '0',
  `description` varchar(255) DEFAULT NULL,
  `serialnumber` varchar(30) DEFAULT NULL,
  `line` int(3) NOT NULL DEFAULT '0',
  `quantity_purchased` decimal(15,3) NOT NULL DEFAULT '0.000',
  `item_cost_price` decimal(15,2) NOT NULL,
  `item_unit_price` decimal(15,2) NOT NULL,
  `discount` decimal(15,2) NOT NULL DEFAULT '0.00',
  `discount_type` tinyint(2) NOT NULL DEFAULT '0',
  `item_location` int(11) NOT NULL,
  `print_option` tinyint(2) NOT NULL DEFAULT '0'
) ENGINE=InnoDB DEFAULT CHARSET=utf8;

--
-- Volcado de datos para la tabla `ospos_sales_items`
--

INSERT INTO `ospos_sales_items` (`sale_id`, `item_id`, `description`, `serialnumber`, `line`, `quantity_purchased`, `item_cost_price`, `item_unit_price`, `discount`, `discount_type`, `item_location`, `print_option`) VALUES
(1, 1, '', '', 1, '1.000', '1.00', '1.31', '0.00', 0, 1, 0),
(2, 1, '', '', 1, '1.000', '1.00', '1.31', '0.00', 0, 1, 0),
(3, 10, '', '', 1, '1.000', '2.02', '1.30', '0.00', 0, 1, 0),
(4, 10, '', '', 1, '1.000', '2.02', '1.30', '0.00', 0, 1, 0),
(5, 10, '', '', 1, '1.000', '2.02', '1.30', '0.00', 0, 1, 0),
(6, 97, '', '', 1, '1.000', '0.34', '0.51', '0.00', 0, 1, 0),
(7, 63, '', '', 2, '1.000', '0.00', '0.00', '0.00', 0, 1, 0),
(7, 98, '', '', 1, '1.000', '0.34', '0.51', '0.00', 0, 1, 0),
(8, 164, '', '', 1, '1.000', '0.82', '1.27', '0.00', 0, 1, 0),
(9, 164, '', '', 1, '-1.000', '0.82', '1.27', '0.00', 0, 1, 0),
(10, 164, '', '', 1, '1.000', '0.82', '1.27', '0.00', 0, 1, 0),
(11, 164, '', '', 1, '-1.000', '0.82', '1.27', '0.00', 0, 1, 0),
(12, 164, '', '', 1, '-1.000', '0.82', '1.27', '0.00', 0, 1, 0),
(13, 164, '', '', 1, '1.000', '0.82', '1.27', '0.00', 0, 1, 0),
(14, 54, '', '', 1, '1.000', '1.14', '1.69', '0.00', 0, 1, 0),
(15, 24, '', '', 1, '1.000', '0.47', '0.68', '0.00', 0, 1, 0),
(15, 25, '', '', 3, '1.000', '0.47', '0.68', '0.00', 0, 1, 0),
(15, 124, '', '', 2, '1.000', '2.04', '2.97', '0.00', 0, 1, 0),
(15, 126, '', '', 4, '2.000', '1.25', '1.69', '0.00', 0, 1, 0),
(16, 19, '', '', 1, '2.000', '0.65', '0.85', '0.00', 0, 1, 0),
(16, 43, '', '', 5, '1.000', '1.37', '2.12', '0.00', 0, 1, 0),
(16, 50, '', '', 4, '1.000', '0.92', '2.12', '0.00', 0, 1, 0),
(16, 118, '', '', 3, '1.000', '0.42', '0.85', '0.00', 0, 1, 0),
(16, 133, '', '', 2, '1.000', '1.30', '2.12', '0.00', 0, 1, 0),
(17, 71, '', '', 1, '1.000', '5.31', '6.69', '0.00', 0, 1, 0),
(18, 172, '', '', 1, '1.000', '5.00', '8.47', '0.00', 0, 1, 0),
(19, 172, '', '', 1, '3.000', '5.00', '8.47', '0.00', 0, 1, 0),
(20, 5, '', '', 1, '1.000', '0.85', '1.27', '0.00', 0, 1, 0),
(20, 68, '', '', 3, '2.000', '1.45', '2.12', '0.00', 0, 1, 0),
(20, 148, '', '', 2, '1.000', '0.38', '0.68', '0.00', 0, 1, 0),
(21, 67, '', '', 1, '1.000', '1.45', '2.12', '0.00', 0, 1, 0),
(21, 156, '', '', 2, '1.000', '0.43', '0.85', '0.00', 0, 1, 0),
(22, 172, '', '', 1, '3.000', '5.00', '8.47', '0.00', 0, 1, 0),
(23, 55, '', '', 2, '1.000', '0.58', '1.27', '0.00', 0, 1, 0),
(23, 145, '', '', 1, '1.000', '0.45', '0.68', '0.00', 0, 1, 0),
(24, 45, '', '', 1, '1.000', '1.50', '2.12', '0.00', 0, 1, 0),
(25, 45, '', '', 1, '1.000', '1.50', '2.12', '0.00', 0, 1, 0),
(26, 186, '', '', 1, '5.000', '4.00', '6.77', '0.00', 0, 1, 0),
(27, 186, '', '', 1, '13.000', '4.00', '6.77', '0.00', 0, 1, 0),
(28, 186, '', '', 1, '-13.000', '4.00', '6.77', '0.00', 0, 1, 0),
(29, 186, '', '', 1, '13.000', '4.00', '6.77', '0.00', 0, 1, 0),
(30, 186, '', '', 1, '1.000', '4.00', '6.77', '0.00', 0, 1, 0),
(31, 186, '', '', 1, '1.000', '4.00', '6.77', '0.00', 0, 1, 0),
(32, 55, '', '', 1, '1.000', '0.58', '1.27', '0.00', 0, 1, 0),
(33, 139, '', '', 1, '1.000', '0.77', '1.27', '0.00', 0, 1, 0),
(34, 186, '', '', 1, '1.000', '4.00', '6.77', '0.00', 0, 1, 0),
(35, 186, '', '', 2, '4.000', '4.00', '6.77', '0.00', 0, 1, 0),
(35, 188, '', '', 1, '1.000', '15.00', '25.42', '0.00', 0, 1, 0),
(36, 50, '', '', 1, '1.000', '0.92', '2.12', '0.00', 0, 1, 0),
(37, 4, '', '', 1, '1.000', '0.84', '1.44', '0.00', 0, 1, 0),
(38, 189, '', '', 1, '1.000', '2.33', '4.23', '0.00', 0, 1, 0),
(39, 62, '', '', 2, '1.000', '1.04', '1.27', '0.00', 0, 1, 0),
(39, 106, '', '', 3, '1.000', '0.52', '0.68', '0.00', 0, 1, 0),
(39, 173, '', '', 1, '1.000', '2.50', '3.81', '0.00', 0, 1, 0),
(40, 48, '', '', 1, '1.000', '1.48', '2.12', '0.00', 0, 1, 0),
(41, 187, '', '', 1, '1.000', '2.52', '4.12', '0.00', 0, 1, 0),
(42, 137, '', '', 1, '1.000', '0.71', '1.27', '0.00', 0, 1, 0),
(43, 51, '', '', 2, '1.000', '1.75', '2.54', '0.00', 0, 1, 0),
(43, 71, '', '', 1, '1.000', '5.31', '6.69', '0.00', 0, 1, 0),
(44, 136, '', '', 1, '1.000', '0.71', '1.27', '0.00', 0, 1, 0),
(45, 51, '', '', 1, '1.000', '1.75', '2.54', '0.00', 0, 1, 0),
(45, 71, '', '', 2, '1.000', '5.31', '6.69', '0.00', 0, 1, 0),
(46, 53, '', '', 1, '1.000', '1.10', '2.12', '0.00', 0, 1, 0),
(47, 186, '', '', 1, '4.000', '4.00', '6.77', '0.00', 0, 1, 0),
(47, 187, '', '', 2, '1.000', '2.52', '4.12', '0.00', 0, 1, 0),
(48, 180, '', '', 2, '1.000', '2.60', '3.81', '0.00', 0, 1, 0),
(48, 256, '', '', 1, '2.000', '5.00', '8.47', '0.00', 0, 1, 0),
(49, 52, '', '', 2, '1.000', '1.75', '2.97', '0.00', 0, 1, 0),
(49, 252, '', '', 1, '1.000', '12.50', '21.15', '0.00', 0, 1, 0),
(50, 33, '', '', 1, '2.000', '0.42', '0.85', '0.00', 0, 1, 0),
(51, 257, '', '', 2, '1.000', '12.50', '21.19', '0.00', 0, 1, 0),
(51, 258, '', '', 1, '1.000', '1.30', '2.54', '0.00', 0, 1, 0),
(52, 259, '', '', 2, '1.000', '10.00', '16.94', '0.00', 0, 1, 0),
(52, 260, '', '', 1, '1.000', '0.50', '1.69', '0.00', 0, 1, 0),
(53, 28, '', '', 2, '2.000', '0.33', '0.68', '0.00', 0, 1, 0),
(53, 260, '', '', 1, '1.000', '0.50', '1.69', '0.00', 0, 1, 0),
(54, 84, '', '', 2, '1.000', '3.48', '3.81', '0.00', 0, 1, 0),
(54, 261, '', '', 1, '1.000', '10.00', '16.95', '0.00', 0, 1, 0),
(55, 39, '', '', 1, '2.000', '0.83', '2.12', '0.00', 0, 1, 0),
(55, 117, '', '', 3, '1.000', '0.42', '0.85', '0.00', 0, 1, 0),
(55, 118, '', '', 2, '1.000', '0.42', '0.85', '0.00', 0, 1, 0),
(56, 11, '', '', 4, '2.000', '2.02', '1.44', '0.00', 0, 1, 0),
(56, 43, '', '', 1, '3.000', '1.37', '2.12', '0.00', 0, 1, 0),
(56, 62, '', '', 3, '1.000', '1.04', '1.27', '0.00', 0, 1, 0),
(56, 92, '', '', 2, '1.000', '0.51', '0.68', '0.00', 0, 1, 0),
(57, 63, '', '', 1, '1.000', '2.78', '2.97', '0.00', 0, 1, 0),
(57, 66, '', '', 2, '2.000', '1.14', '2.12', '0.00', 0, 1, 0),
(58, 28, '', '', 3, '2.000', '0.33', '0.68', '0.00', 0, 1, 0),
(58, 53, '', '', 1, '2.000', '1.10', '2.12', '0.00', 0, 1, 0),
(58, 258, '', '', 2, '1.000', '1.30', '2.54', '0.00', 0, 1, 0),
(59, 125, '', '', 1, '1.000', '1.04', '1.27', '0.00', 0, 1, 0),
(60, 105, '', '', 1, '1.000', '0.46', '0.68', '0.00', 0, 1, 0),
(61, 11, '', '', 1, '1.000', '2.02', '1.44', '0.00', 0, 1, 0),
(61, 50, '', '', 2, '1.000', '0.92', '2.12', '0.00', 0, 1, 0),
(61, 140, '', '', 3, '1.000', '0.41', '0.85', '0.00', 0, 1, 0),
(62, 189, '', '', 1, '1.000', '2.33', '4.23', '0.00', 0, 1, 0),
(63, 40, '', '', 1, '1.000', '1.29', '2.54', '0.00', 0, 1, 0),
(64, 28, '', '', 2, '1.000', '0.33', '0.68', '0.00', 0, 1, 0),
(64, 90, '', '', 1, '1.000', '0.58', '1.27', '0.00', 0, 1, 0),
(64, 132, '', '', 3, '1.000', '0.13', '0.85', '0.00', 0, 1, 0),
(65, 125, '', '', 1, '1.000', '1.04', '1.27', '0.00', 0, 1, 0),
(66, 288, '', '', 1, '1.000', '1.25', '1.69', '0.00', 0, 1, 0),
(67, 125, '', '', 1, '2.000', '1.04', '1.27', '0.00', 0, 1, 0),
(68, 125, '', '', 1, '2.000', '1.04', '1.27', '0.00', 0, 1, 0),
(69, 40, '', '', 2, '1.000', '1.29', '2.54', '0.00', 0, 1, 0),
(69, 47, '', '', 1, '1.000', '1.33', '2.54', '0.00', 0, 1, 0),
(70, 45, '', '', 3, '1.000', '1.50', '2.12', '0.00', 0, 1, 0),
(70, 55, '', '', 4, '1.000', '0.58', '1.27', '0.00', 0, 1, 0),
(70, 111, '', '', 2, '1.000', '0.76', '0.85', '0.00', 0, 1, 0),
(70, 133, '', '', 1, '1.000', '1.30', '2.12', '0.00', 0, 1, 0),
(71, 277, '', '', 1, '1.000', '25.00', '42.31', '0.00', 0, 1, 0),
(72, 54, '', '', 1, '2.000', '1.14', '1.69', '0.00', 0, 1, 0),
(73, 137, '', '', 5, '1.000', '0.71', '1.27', '0.00', 0, 1, 0),
(73, 183, 'SOLO PARA CONOCEDORES DEL AJÍ', '', 1, '1.000', '15.00', '25.42', '0.00', 0, 1, 0),
(73, 238, '', '', 4, '1.000', '1.00', '2.52', '0.00', 0, 1, 0),
(73, 277, '', '', 2, '1.000', '25.00', '38.13', '0.00', 0, 1, 0),
(73, 295, '', '', 3, '3.000', '5.00', '5.93', '0.00', 0, 1, 0),
(74, 295, '', '', 1, '1.000', '5.00', '5.93', '0.00', 0, 1, 0),
(75, 295, '', '', 1, '1.000', '5.00', '5.93', '0.00', 0, 1, 0),
(76, 295, '', '', 1, '1.000', '5.00', '5.93', '0.00', 0, 1, 0),
(77, 210, '', '', 1, '1.000', '12.50', '21.15', '0.00', 0, 1, 0),
(77, 231, '', '', 3, '2.000', '12.50', '21.15', '0.00', 0, 1, 0),
(77, 295, '', '', 2, '3.000', '5.00', '5.93', '0.00', 0, 1, 0),
(78, 183, 'SOLO PARA CONOCEDORES DEL AJÍ', '', 2, '1.000', '15.00', '25.42', '0.00', 0, 1, 0),
(78, 249, '', '', 3, '1.000', '17.50', '29.60', '0.00', 0, 1, 0),
(78, 295, '', '', 1, '14.000', '5.00', '5.93', '0.00', 0, 1, 0),
(79, 183, 'SOLO PARA CONOCEDORES DEL AJÍ', '', 2, '1.000', '15.00', '25.42', '0.00', 0, 1, 0),
(79, 295, '', '', 1, '10.000', '5.00', '5.93', '0.00', 0, 1, 0),
(80, 17, '', '', 3, '1.000', '4.58', '5.08', '0.00', 0, 1, 0),
(80, 278, '', '', 2, '1.000', '6.80', '7.62', '0.00', 0, 1, 0),
(80, 285, '', '', 1, '1.000', '1.05', '1.27', '0.00', 0, 1, 0),
(81, 295, '', '', 1, '2.000', '5.00', '5.93', '0.00', 0, 1, 0),
(82, 54, '', '', 2, '1.000', '1.14', '1.69', '0.00', 0, 1, 0),
(83, 184, '', '', 1, '1.000', '1.79', '2.12', '0.00', 0, 1, 0),
(84, 192, '', '', 1, '1.000', '1.95', '2.97', '0.00', 0, 1, 0),
(85, 36, '', '', 3, '2.000', '0.48', '0.85', '0.00', 0, 1, 0),
(85, 210, '', '', 1, '1.000', '12.50', '21.15', '0.00', 0, 1, 0),
(85, 258, '', '', 2, '1.000', '1.30', '2.54', '0.00', 0, 1, 0),
(86, 9, '', '', 1, '1.000', '0.84', '1.44', '0.00', 0, 1, 0),
(87, 40, '', '', 7, '1.000', '1.29', '2.54', '0.00', 0, 1, 0),
(87, 183, 'SOLO PARA CONOCEDORES DEL AJÍ', '', 3, '2.000', '15.00', '25.42', '0.00', 0, 1, 0),
(87, 231, '', '', 5, '3.000', '12.50', '21.15', '0.00', 0, 1, 0),
(87, 252, '', '', 6, '1.000', '12.50', '21.15', '0.00', 0, 1, 0),
(87, 295, '', '', 4, '25.000', '5.00', '5.93', '0.00', 0, 1, 0),
(87, 296, '', '', 2, '1.000', '9.00', '15.25', '0.00', 0, 1, 0),
(88, 295, '', '', 1, '7.000', '5.00', '5.93', '0.00', 0, 1, 0),
(89, 295, '', '', 1, '6.000', '5.00', '5.93', '0.00', 0, 1, 0),
(90, 260, '', '', 2, '1.000', '0.50', '1.69', '0.00', 0, 1, 0),
(90, 297, '', '', 1, '1.000', '9.00', '15.25', '0.00', 0, 1, 0),
(91, 3, '', '', 2, '2.000', '0.84', '1.44', '0.00', 0, 1, 0),
(91, 18, '', '', 1, '2.000', '0.84', '1.44', '0.00', 0, 1, 0),
(91, 63, '', '', 5, '1.000', '2.78', '2.97', '0.00', 0, 1, 0),
(91, 66, '', '', 4, '2.000', '1.14', '2.12', '0.00', 0, 1, 0),
(91, 132, '', '', 6, '2.000', '0.13', '0.85', '0.00', 0, 1, 0),
(91, 171, '', '', 3, '1.000', '1.23', '2.54', '0.00', 0, 1, 0),
(92, 54, '', '', 1, '3.000', '1.14', '1.69', '0.00', 0, 1, 0),
(93, 31, '', '', 1, '1.000', '0.79', '1.27', '0.00', 0, 1, 0),
(94, 167, '', '', 2, '1.000', '2.04', '2.54', '0.00', 0, 1, 0),
(94, 248, '', '', 1, '3.000', '12.62', '16.95', '0.00', 0, 1, 0),
(95, 3, '', '', 3, '1.000', '0.84', '1.44', '0.00', 0, 1, 0),
(95, 9, '', '', 4, '1.000', '0.84', '1.44', '0.00', 0, 1, 0),
(95, 111, '', '', 5, '1.000', '0.76', '0.85', '0.00', 0, 1, 0),
(95, 112, '', '', 2, '1.000', '0.76', '0.85', '0.00', 0, 1, 0),
(95, 180, '', '', 1, '1.000', '2.60', '3.81', '0.00', 0, 1, 0),
(96, 112, '', '', 2, '1.000', '0.76', '0.85', '0.00', 0, 1, 0),
(96, 134, '', '', 1, '1.000', '0.15', '0.85', '0.00', 0, 1, 0),
(97, 164, '', '', 1, '1.000', '0.82', '1.27', '0.00', 0, 1, 0),
(98, 86, '', '', 1, '1.000', '0.26', '0.85', '0.00', 0, 1, 0),
(98, 135, '', '', 2, '1.000', '0.20', '0.59', '0.00', 0, 1, 0),
(99, 55, '', '', 1, '1.000', '0.58', '1.27', '0.00', 0, 1, 0),
(100, 250, '', '', 1, '1.000', '15.00', '25.42', '0.00', 0, 1, 0),
(100, 252, '', '', 3, '1.000', '12.50', '21.15', '0.00', 0, 1, 0),
(100, 255, '', '', 2, '1.000', '7.50', '10.17', '0.00', 0, 1, 0),
(100, 307, '', '', 4, '1.000', '16.00', '27.12', '0.00', 0, 1, 0),
(101, 309, '', '', 1, '3.000', '5.00', '8.47', '0.00', 0, 1, 0),
(102, 54, '', '', 4, '1.000', '1.14', '1.69', '0.00', 0, 1, 0),
(102, 231, '', '', 1, '1.000', '12.50', '21.15', '0.00', 0, 1, 0),
(103, 178, '', '', 2, '1.000', '3.00', '6.80', '0.00', 0, 1, 0),
(103, 231, '', '', 1, '1.000', '12.50', '21.15', '0.00', 0, 1, 0),
(103, 313, '', '', 3, '1.000', '3.00', '5.08', '0.00', 0, 1, 0),
(104, 79, '', '', 3, '4.000', '3.66', '4.24', '0.00', 0, 1, 0),
(104, 229, '', '', 2, '2.000', '10.00', '16.90', '0.00', 0, 1, 0),
(104, 307, '', '', 1, '1.000', '16.00', '27.12', '0.00', 0, 1, 0),
(105, 89, '', '', 3, '2.000', '1.83', '2.54', '0.00', 0, 1, 0),
(105, 148, '', '', 1, '4.000', '0.38', '0.68', '0.00', 0, 1, 0),
(105, 312, '', '', 2, '1.000', '1.00', '1.69', '0.00', 0, 1, 0),
(106, 104, '', '', 1, '1.000', '0.46', '0.68', '0.00', 0, 1, 0),
(107, 91, '', '', 2, '1.000', '0.34', '0.51', '0.00', 0, 1, 0),
(107, 324, '', '', 1, '1.000', '0.86', '1.01', '0.00', 0, 1, 0),
(108, 8, '', '', 1, '1.000', '1.01', '1.44', '0.00', 0, 1, 0),
(109, 117, '', '', 1, '1.000', '0.42', '0.85', '0.00', 0, 1, 0),
(110, 254, '', '', 2, '2.000', '6.00', '10.18', '0.00', 0, 1, 0),
(110, 257, '', '', 1, '5.000', '12.50', '21.19', '0.00', 0, 1, 0),
(111, 313, '', '', 2, '1.000', '3.00', '5.08', '0.00', 0, 1, 0),
(111, 326, '', '', 1, '2.000', '12.50', '21.19', '0.00', 0, 1, 0),
(112, 45, '', '', 2, '3.000', '1.50', '2.12', '0.00', 0, 1, 0),
(112, 136, '', '', 1, '1.000', '0.71', '1.27', '0.00', 0, 1, 0),
(113, 186, '', '', 1, '1.000', '4.00', '6.77', '0.00', 0, 1, 0),
(114, 186, '', '', 1, '3.000', '4.00', '6.77', '0.00', 0, 1, 0),
(115, 51, '', '', 1, '1.000', '1.75', '2.54', '0.00', 0, 1, 0),
(116, 186, '', '', 1, '1.000', '4.00', '6.77', '0.00', 0, 1, 0),
(117, 53, '', '', 1, '1.000', '1.10', '2.12', '0.00', 0, 1, 0),
(118, 23, '', '', 1, '1.000', '0.40', '0.85', '0.00', 0, 1, 0),
(119, 54, '', '', 2, '1.000', '1.14', '1.69', '0.00', 0, 1, 0),
(119, 186, '', '', 1, '2.000', '4.00', '6.77', '0.00', 0, 1, 0),
(119, 333, '', '', 3, '1.000', '7.50', '12.71', '0.00', 0, 1, 0),
(120, 51, '', '', 2, '1.000', '1.75', '2.54', '0.00', 0, 1, 0),
(120, 186, '', '', 1, '1.000', '4.00', '6.77', '0.00', 0, 1, 0),
(121, 186, '', '', 1, '1.000', '4.00', '6.77', '0.00', 0, 1, 0),
(122, 186, '', '', 1, '1.000', '4.00', '6.77', '0.00', 0, 1, 0),
(123, 186, '', '', 1, '1.000', '4.00', '6.77', '0.00', 0, 1, 0),
(124, 24, '', '', 2, '2.000', '0.47', '0.68', '0.00', 0, 1, 0),
(124, 25, '', '', 1, '2.000', '0.47', '0.68', '0.00', 0, 1, 0),
(125, 7, '', '', 2, '1.000', '1.01', '1.44', '0.00', 0, 1, 0),
(125, 137, '', '', 1, '2.000', '0.71', '1.27', '0.00', 0, 1, 0),
(125, 139, '', '', 3, '1.000', '0.77', '1.27', '0.00', 0, 1, 0),
(126, 57, '', '', 1, '4.000', '1.50', '2.12', '0.00', 0, 1, 0),
(127, 135, '', '', 1, '1.000', '0.20', '0.59', '0.00', 0, 1, 0),
(128, 54, '', '', 1, '1.000', '1.14', '1.69', '0.00', 0, 1, 0),
(129, 69, '', '', 1, '1.000', '2.33', '2.97', '0.00', 0, 1, 0),
(130, 186, '', '', 2, '3.000', '4.00', '6.77', '0.00', 0, 1, 0),
(130, 188, '', '', 1, '1.000', '15.00', '25.42', '0.00', 0, 1, 0),
(130, 255, '', '', 3, '2.000', '7.50', '12.71', '0.00', 0, 1, 0),
(131, 54, '', '', 5, '1.000', '1.14', '1.69', '0.00', 0, 1, 0),
(131, 197, '', '', 4, '1.000', '7.50', '12.80', '0.00', 0, 1, 0),
(131, 199, '', '', 1, '1.000', '7.50', '12.71', '0.00', 0, 1, 0),
(131, 252, '', '', 2, '1.000', '12.50', '21.15', '0.00', 0, 1, 0),
(131, 255, '', '', 3, '1.000', '7.50', '12.71', '0.00', 0, 1, 0),
(131, 309, '', '', 6, '1.000', '10.00', '16.95', '0.00', 0, 1, 0),
(132, 55, '', '', 1, '1.000', '0.58', '1.27', '0.00', 0, 1, 0),
(132, 137, '', '', 3, '1.000', '0.71', '1.27', '0.00', 0, 1, 0),
(132, 192, '', '', 2, '1.000', '1.95', '2.97', '0.00', 0, 1, 0),
(133, 20, '', '', 1, '1.000', '0.48', '0.85', '0.00', 0, 1, 0),
(134, 54, '', '', 4, '1.000', '1.14', '1.69', '0.00', 0, 1, 0),
(134, 183, 'SOLO PARA CONOCEDORES DEL AJÍ', '', 3, '1.000', '15.00', '25.42', '0.00', 0, 1, 0),
(134, 309, '', '', 1, '1.000', '10.00', '16.95', '0.00', 0, 1, 0),
(134, 334, '', '', 2, '2.000', '0.50', '0.85', '0.00', 0, 1, 0),
(135, 102, '', '', 2, '2.000', '0.47', '0.68', '0.00', 0, 1, 0),
(135, 192, '', '', 1, '1.000', '1.95', '2.97', '0.00', 0, 1, 0),
(136, 267, '', '', 3, '1.000', '0.50', '0.85', '0.00', 0, 1, 0),
(136, 286, '', '', 1, '1.000', '0.35', '0.51', '0.00', 0, 1, 0),
(136, 324, '', '', 2, '1.000', '0.86', '1.01', '0.00', 0, 1, 0),
(137, 336, '', '', 1, '1.000', '1.23', '2.12', '0.00', 0, 1, 0),
(138, 337, '', '', 1, '1.000', '7.50', '12.71', '0.00', 0, 1, 0),
(139, 338, '', '', 1, '1.000', '2.50', '4.24', '0.00', 0, 1, 0),
(140, 2, '', '', 2, '1.000', '1.01', '1.44', '0.00', 0, 1, 0),
(140, 137, '', '', 3, '1.000', '0.71', '1.27', '0.00', 0, 1, 0),
(141, 43, '', '', 5, '1.000', '1.37', '2.12', '0.00', 0, 1, 0),
(141, 52, '', '', 6, '1.000', '1.75', '2.97', '0.00', 0, 1, 0),
(141, 55, '', '', 2, '1.000', '0.58', '1.27', '0.00', 0, 1, 0),
(141, 71, '', '', 4, '1.000', '5.31', '6.69', '0.00', 0, 1, 0),
(141, 90, '', '', 3, '1.000', '0.58', '1.27', '0.00', 0, 1, 0),
(141, 163, '', '', 1, '1.000', '0.74', '0.85', '0.00', 0, 1, 0),
(142, 137, '', '', 3, '1.000', '0.71', '1.27', '0.00', 0, 1, 0),
(142, 138, '', '', 1, '1.000', '0.79', '1.27', '0.00', 0, 1, 0),
(142, 140, '', '', 2, '1.000', '0.41', '0.85', '0.00', 0, 1, 0),
(143, 43, '', '', 1, '1.000', '1.37', '2.12', '0.00', 0, 1, 0),
(143, 340, '', '', 2, '1.000', '0.89', '1.69', '0.00', 0, 1, 0),
(144, 77, '', '', 1, '2.000', '3.66', '4.24', '0.00', 0, 1, 0),
(144, 79, '', '', 2, '4.000', '3.66', '4.24', '0.00', 0, 1, 0),
(144, 136, '', '', 3, '1.000', '0.71', '1.27', '0.00', 0, 1, 0),
(145, 146, '', '', 1, '1.000', '0.41', '0.68', '0.00', 0, 1, 0),
(145, 286, '', '', 2, '2.000', '0.35', '0.51', '0.00', 0, 1, 0),
(146, 135, '', '', 1, '1.000', '0.20', '0.59', '0.00', 0, 1, 0),
(147, 260, '', '', 3, '5.000', '0.50', '1.69', '0.00', 0, 1, 0),
(147, 341, '', '', 2, '1.000', '4.00', '6.78', '0.00', 0, 1, 0),
(147, 342, '', '', 1, '1.000', '7.50', '12.71', '0.00', 0, 1, 0),
(147, 343, '', '', 4, '1.000', '2.00', '3.39', '0.00', 0, 1, 0),
(148, 4, '', '', 2, '1.000', '0.84', '1.44', '0.00', 0, 1, 0),
(148, 125, '', '', 1, '1.000', '1.04', '1.27', '0.00', 0, 1, 0),
(149, 18, '', '', 1, '1.000', '0.84', '1.44', '0.00', 0, 1, 0),
(150, 42, '', '', 1, '1.000', '1.37', '2.12', '0.00', 0, 1, 0),
(151, 328, '', '', 1, '1.000', '4.41', '5.08', '0.00', 0, 1, 0),
(152, 260, '', '', 2, '1.000', '0.50', '1.69', '0.00', 0, 1, 0),
(152, 326, '', '', 1, '1.000', '12.50', '21.19', '0.00', 0, 1, 0),
(153, 347, '', '', 1, '1.000', '0.85', '1.27', '0.00', 0, 1, 0),
(154, 186, '', '', 1, '1.000', '4.00', '6.77', '0.00', 0, 1, 0),
(155, 27, '', '', 7, '1.000', '0.34', '0.85', '0.00', 0, 1, 0),
(155, 29, '', '', 2, '1.000', '0.55', '0.85', '0.00', 0, 1, 0),
(155, 35, '', '', 4, '1.000', '0.43', '0.85', '0.00', 0, 1, 0),
(155, 68, '', '', 1, '2.000', '1.45', '2.12', '0.00', 0, 1, 0),
(155, 89, '', '', 8, '1.000', '1.83', '2.54', '0.00', 0, 1, 0),
(155, 92, '', '', 6, '1.000', '0.51', '0.68', '0.00', 0, 1, 0),
(155, 171, '', '', 9, '1.000', '1.23', '2.54', '0.00', 0, 1, 0),
(155, 184, '', '', 5, '1.000', '1.79', '2.12', '0.00', 0, 1, 0),
(155, 287, '', '', 3, '1.000', '1.20', '1.69', '0.00', 0, 1, 0),
(155, 324, '', '', 10, '1.000', '0.86', '1.01', '0.00', 0, 1, 0),
(156, 298, '', '', 1, '2.000', '1.02', '1.69', '0.00', 0, 1, 0),
(157, 5, '', '', 3, '1.000', '0.85', '1.27', '0.00', 0, 1, 0),
(157, 158, '', '', 1, '1.000', '0.42', '0.85', '0.00', 0, 1, 0),
(157, 171, '', '', 2, '1.000', '1.23', '2.54', '0.00', 0, 1, 0),
(158, 102, '', '', 2, '1.000', '0.47', '0.68', '0.00', 0, 1, 0),
(158, 298, '', '', 1, '1.000', '1.02', '1.69', '0.00', 0, 1, 0),
(158, 349, '', '', 3, '1.000', '1.29', '1.69', '0.00', 0, 1, 0),
(159, 57, '', '', 1, '1.000', '1.50', '2.97', '0.00', 0, 1, 0),
(160, 179, '', '', 1, '1.000', '3.00', '4.24', '0.00', 0, 1, 0),
(161, 23, '', '', 1, '1.000', '0.40', '0.85', '0.00', 0, 1, 0),
(162, 90, '', '', 1, '1.000', '0.58', '1.27', '0.00', 0, 1, 0),
(163, 26, '', '', 1, '2.000', '0.34', '0.85', '0.00', 0, 1, 0),
(164, 186, '', '', 1, '1.000', '4.00', '6.77', '0.00', 0, 1, 0),
(165, 186, '', '', 1, '1.000', '4.00', '6.77', '0.00', 0, 1, 0),
(166, 55, '', '', 1, '2.000', '0.58', '1.27', '0.00', 0, 1, 0),
(167, 179, '', '', 2, '2.000', '3.00', '4.24', '0.00', 0, 1, 0),
(167, 186, '', '', 1, '2.000', '4.00', '6.77', '0.00', 0, 1, 0),
(168, 55, '', '', 1, '1.000', '0.58', '1.27', '0.00', 0, 1, 0),
(169, 186, '', '', 1, '2.000', '4.00', '6.77', '0.00', 0, 1, 0),
(170, 119, '', '', 2, '1.000', '0.49', '0.85', '0.00', 0, 1, 0),
(170, 324, '', '', 1, '1.000', '0.86', '1.01', '0.00', 0, 1, 0),
(171, 186, '', '', 2, '1.000', '4.00', '6.77', '0.00', 0, 1, 0),
(171, 188, '', '', 1, '1.000', '15.00', '21.19', '0.00', 0, 1, 0),
(171, 353, '', '', 3, '1.000', '6.00', '10.17', '0.00', 0, 1, 0),
(172, 115, '', '', 1, '1.000', '0.52', '0.68', '0.00', 0, 1, 0),
(173, 21, '', '', 2, '1.000', '0.48', '0.85', '0.00', 0, 1, 0),
(173, 148, '', '', 1, '2.000', '0.38', '0.68', '0.00', 0, 1, 0),
(174, 84, '', '', 1, '1.000', '3.48', '3.81', '0.00', 0, 1, 0),
(175, 21, '', '', 1, '1.000', '0.48', '0.85', '0.00', 0, 1, 0),
(175, 148, '', '', 2, '2.000', '0.38', '0.68', '0.00', 0, 1, 0),
(176, 186, '', '', 1, '2.000', '4.00', '6.77', '0.00', 0, 1, 0),
(177, 51, '', '', 2, '1.000', '1.75', '2.54', '0.00', 0, 1, 0),
(177, 257, '', '', 1, '1.000', '12.50', '21.19', '0.00', 0, 1, 0),
(177, 354, '', '', 3, '1.000', '15.00', '25.42', '0.00', 0, 1, 0),
(178, 51, '', '', 1, '1.000', '1.75', '2.54', '0.00', 0, 1, 0),
(179, 125, '', '', 1, '1.000', '1.04', '1.27', '0.00', 0, 1, 0),
(180, 186, '', '', 1, '1.000', '4.00', '6.77', '0.00', 0, 1, 0),
(181, 54, '', '', 1, '2.000', '1.14', '1.69', '0.00', 0, 1, 0),
(182, 55, '', '', 2, '1.000', '0.58', '1.27', '0.00', 0, 1, 0),
(182, 56, '', '', 1, '1.000', '1.54', '2.54', '0.00', 0, 1, 0),
(183, 125, '', '', 1, '1.000', '1.04', '1.27', '0.00', 0, 1, 0),
(184, 34, '', '', 1, '4.000', '0.51', '0.85', '0.00', 0, 1, 0),
(184, 148, '', '', 2, '1.000', '0.38', '0.68', '0.00', 0, 1, 0),
(185, 112, '', '', 2, '1.000', '0.76', '0.85', '0.00', 0, 1, 0),
(185, 262, '', '', 1, '1.000', '2.09', '2.54', '0.00', 0, 1, 0),
(186, 48, '', '', 1, '1.000', '1.48', '2.12', '0.00', 0, 1, 0),
(186, 297, '', '', 2, '1.000', '9.00', '15.25', '0.00', 0, 1, 0),
(187, 33, '', '', 2, '2.000', '0.42', '0.85', '0.00', 0, 1, 0),
(187, 106, '', '', 1, '2.000', '0.52', '0.68', '0.00', 0, 1, 0),
(188, 54, '', '', 2, '1.000', '1.14', '1.69', '0.00', 0, 1, 0),
(188, 295, '', '', 1, '4.000', '5.00', '5.93', '0.00', 0, 1, 0),
(189, 52, '', '', 3, '1.000', '1.75', '2.54', '0.00', 0, 1, 0),
(189, 252, '', '', 2, '1.000', '12.50', '21.19', '0.00', 0, 1, 0),
(190, 179, '', '', 2, '2.000', '3.00', '4.24', '0.00', 0, 1, 0),
(190, 354, '', '', 1, '1.000', '15.00', '21.19', '0.00', 0, 1, 0),
(191, 6, '', '', 2, '1.000', '0.84', '1.27', '0.00', 0, 1, 0),
(191, 41, '', '', 1, '1.000', '0.76', '1.69', '0.00', 0, 1, 0),
(191, 347, '', '', 3, '1.000', '0.75', '0.85', '0.00', 0, 1, 0),
(192, 8, '', '', 2, '2.000', '1.01', '1.44', '0.00', 0, 1, 0),
(192, 20, '', '', 3, '2.000', '0.48', '0.85', '0.00', 0, 1, 0),
(192, 109, '', '', 5, '1.000', '0.46', '0.85', '0.00', 0, 1, 0),
(192, 138, '', '', 1, '2.000', '0.79', '1.27', '0.00', 0, 1, 0),
(192, 279, '', '', 4, '1.000', '1.00', '1.27', '0.00', 0, 1, 0),
(193, 54, '', '', 1, '2.000', '1.14', '1.69', '0.00', 0, 1, 0),
(193, 135, '', '', 5, '2.000', '0.20', '0.59', '0.00', 0, 1, 0),
(193, 137, '', '', 3, '2.000', '0.71', '1.27', '0.00', 0, 1, 0),
(193, 142, '', '', 4, '3.000', '0.78', '1.27', '0.00', 0, 1, 0),
(193, 192, '', '', 2, '2.000', '1.95', '2.54', '0.00', 0, 1, 0),
(193, 361, '', '', 6, '2.000', '0.12', '0.25', '0.00', 0, 1, 0),
(194, 42, '', '', 1, '2.000', '1.37', '2.12', '0.00', 0, 1, 0),
(194, 45, '', '', 6, '1.000', '1.50', '2.12', '0.00', 0, 1, 0),
(194, 52, '', '', 4, '1.000', '1.75', '2.54', '0.00', 0, 1, 0),
(194, 54, '', '', 5, '1.000', '1.14', '1.69', '0.00', 0, 1, 0),
(194, 55, '', '', 2, '2.000', '0.58', '1.27', '0.00', 0, 1, 0),
(194, 137, '', '', 3, '1.000', '0.71', '1.27', '0.00', 0, 1, 0),
(195, 364, '', '', 1, '1.000', '3.90', '4.23', '0.00', 0, 1, 0),
(196, 260, '', '', 2, '1.000', '0.50', '1.69', '0.00', 0, 1, 0),
(196, 355, '', '', 1, '1.000', '10.00', '16.95', '0.00', 0, 1, 0),
(197, 77, '', '', 2, '2.000', '3.66', '4.24', '0.00', 0, 1, 0),
(197, 260, '', '', 3, '2.000', '0.50', '1.69', '0.00', 0, 1, 0),
(197, 326, '', '', 1, '2.000', '12.50', '21.19', '0.00', 0, 1, 0),
(198, 77, '', '', 1, '1.000', '3.66', '4.24', '0.00', 0, 1, 0),
(199, 260, '', '', 3, '2.000', '0.50', '1.69', '0.00', 0, 1, 0),
(199, 261, '', '', 2, '1.000', '10.00', '16.95', '0.00', 0, 1, 0),
(199, 297, '', '', 1, '1.000', '9.00', '15.25', '0.00', 0, 1, 0),
(200, 55, '', '', 1, '3.000', '0.58', '1.27', '0.00', 0, 1, 0),
(200, 282, '', '', 2, '1.000', '0.38', '0.85', '0.00', 0, 1, 0),
(201, 361, '', '', 1, '1.000', '0.12', '0.25', '0.00', 0, 1, 0),
(202, 22, '', '', 1, '1.000', '0.41', '0.68', '0.00', 0, 1, 0),
(203, 86, '', '', 1, '1.000', '0.26', '0.85', '0.00', 0, 1, 0),
(204, 78, '', '', 8, '2.000', '3.66', '4.66', '0.00', 0, 1, 0),
(204, 79, '', '', 9, '1.000', '3.66', '4.24', '0.00', 0, 1, 0),
(204, 183, 'SOLO PARA CONOCEDORES DEL AJÍ', '', 4, '2.000', '15.00', '25.42', '0.00', 0, 1, 0),
(204, 193, '', '', 2, '3.000', '7.50', '12.71', '0.00', 0, 1, 0),
(204, 241, '', '', 6, '1.000', '2.50', '4.24', '0.00', 0, 1, 0),
(204, 242, '', '', 3, '3.000', '2.50', '4.24', '0.00', 0, 1, 0),
(204, 295, '', '', 7, '4.000', '5.00', '5.93', '0.00', 0, 1, 0),
(204, 365, '', '', 1, '2.000', '20.00', '33.90', '0.00', 0, 1, 0),
(204, 366, '', '', 5, '2.000', '6.00', '10.17', '0.00', 0, 1, 0),
(205, 87, '', '', 1, '1.000', '0.79', '1.02', '0.00', 0, 1, 0),
(205, 286, '', '', 2, '1.000', '0.35', '0.51', '0.00', 0, 1, 0),
(206, 78, '', '', 7, '2.000', '3.66', '4.66', '0.00', 0, 1, 0),
(206, 79, '', '', 9, '1.000', '3.66', '4.24', '0.00', 0, 1, 0),
(206, 183, 'SOLO PARA CONOCEDORES DEL AJÍ', '', 4, '2.000', '15.00', '25.42', '0.00', 0, 1, 0),
(206, 193, '', '', 2, '3.000', '7.50', '12.71', '0.00', 0, 1, 0),
(206, 241, '', '', 8, '1.000', '2.50', '4.24', '0.00', 0, 1, 0),
(206, 242, '', '', 3, '4.000', '2.50', '4.24', '0.00', 0, 1, 0),
(206, 295, '', '', 6, '4.000', '5.00', '5.93', '0.00', 0, 1, 0),
(206, 365, '', '', 1, '2.000', '20.00', '33.90', '0.00', 0, 1, 0),
(206, 366, '', '', 5, '2.000', '6.00', '10.17', '0.00', 0, 1, 0),
(207, 71, '', '', 1, '1.000', '5.31', '6.69', '0.00', 0, 1, 0),
(207, 138, '', '', 3, '1.000', '0.79', '1.27', '0.00', 0, 1, 0),
(207, 346, '', '', 2, '1.000', '0.71', '1.27', '0.00', 0, 1, 0),
(208, 132, '', '', 1, '1.000', '0.13', '0.85', '0.00', 0, 1, 0),
(209, 179, '', '', 4, '2.000', '3.00', '4.24', '0.00', 0, 1, 0),
(209, 192, '', '', 5, '1.000', '1.95', '2.97', '0.00', 0, 1, 0),
(209, 326, '', '', 2, '1.000', '12.50', '21.19', '0.00', 0, 1, 0),
(209, 338, '', '', 3, '2.000', '2.50', '2.54', '0.00', 0, 1, 0),
(209, 367, '', '', 1, '1.000', '12.50', '21.19', '0.00', 0, 1, 0),
(210, 179, '', '', 4, '2.000', '3.00', '4.24', '0.00', 0, 1, 0),
(210, 192, '', '', 5, '1.000', '1.95', '2.54', '0.00', 0, 1, 0),
(210, 326, '', '', 2, '1.000', '12.50', '21.19', '0.00', 0, 1, 0),
(210, 338, '', '', 3, '2.000', '2.50', '2.54', '0.00', 0, 1, 0),
(210, 367, '', '', 1, '1.000', '12.50', '21.19', '0.00', 0, 1, 0),
(211, 62, '', '', 1, '1.000', '1.04', '1.27', '0.00', 0, 1, 0),
(211, 132, '', '', 2, '1.000', '0.13', '0.85', '0.00', 0, 1, 0),
(211, 156, '', '', 3, '1.000', '0.43', '0.85', '0.00', 0, 1, 0),
(211, 264, '', '', 4, '1.000', '0.99', '1.69', '0.00', 0, 1, 0),
(212, 179, '', '', 1, '1.000', '3.00', '4.24', '0.00', 0, 1, 0),
(213, 266, '', '', 1, '1.000', '0.44', '1.01', '0.00', 0, 1, 0),
(214, 139, '', '', 1, '1.000', '0.77', '1.27', '0.00', 0, 1, 0),
(215, 52, '', '', 1, '1.000', '1.75', '2.54', '0.00', 0, 1, 0),
(215, 118, '', '', 3, '1.000', '0.42', '0.85', '0.00', 0, 1, 0),
(215, 167, '', '', 2, '1.000', '2.04', '2.54', '0.00', 0, 1, 0),
(216, 115, '', '', 2, '1.000', '0.52', '0.68', '0.00', 0, 1, 0),
(216, 152, '', '', 1, '1.000', '0.35', '0.85', '0.00', 0, 1, 0),
(217, 20, '', '', 1, '1.000', '0.48', '0.85', '0.00', 0, 1, 0),
(218, 186, '', '', 1, '1.000', '4.00', '6.77', '0.00', 0, 1, 0),
(219, 112, '', '', 2, '1.000', '0.76', '0.85', '0.00', 0, 1, 0),
(219, 126, '', '', 1, '1.000', '1.25', '1.69', '0.00', 0, 1, 0),
(220, 54, '', '', 1, '1.000', '1.14', '1.69', '0.00', 0, 1, 0),
(220, 125, '', '', 2, '1.000', '1.04', '1.27', '0.00', 0, 1, 0),
(221, 46, '', '', 1, '1.000', '1.50', '2.12', '0.00', 0, 1, 0),
(222, 26, '', '', 2, '1.000', '0.34', '0.85', '0.00', 0, 1, 0),
(222, 162, '', '', 1, '1.000', '0.84', '1.27', '0.00', 0, 1, 0);

-- --------------------------------------------------------

--
-- Estructura de tabla para la tabla `ospos_sales_items_taxes`
--

DROP TABLE IF EXISTS `ospos_sales_items_taxes`;
CREATE TABLE `ospos_sales_items_taxes` (
  `sale_id` int(10) NOT NULL,
  `item_id` int(10) NOT NULL,
  `line` int(3) NOT NULL DEFAULT '0',
  `name` varchar(255) NOT NULL,
  `percent` decimal(15,4) NOT NULL DEFAULT '0.0000',
  `tax_type` tinyint(2) NOT NULL DEFAULT '0',
  `rounding_code` tinyint(2) NOT NULL DEFAULT '0',
  `cascade_sequence` tinyint(2) NOT NULL DEFAULT '0',
  `item_tax_amount` decimal(15,4) NOT NULL DEFAULT '0.0000',
  `sales_tax_code_id` int(11) DEFAULT NULL,
  `jurisdiction_id` int(11) DEFAULT NULL,
  `tax_category_id` int(11) DEFAULT NULL
) ENGINE=InnoDB DEFAULT CHARSET=utf8;

--
-- Volcado de datos para la tabla `ospos_sales_items_taxes`
--

INSERT INTO `ospos_sales_items_taxes` (`sale_id`, `item_id`, `line`, `name`, `percent`, `tax_type`, `rounding_code`, `cascade_sequence`, `item_tax_amount`, `sales_tax_code_id`, `jurisdiction_id`, `tax_category_id`) VALUES
(3, 10, 1, 'IGV', '18.0000', 1, 1, 0, '0.2300', NULL, NULL, NULL),
(3, 10, 1, 'VISA', '5.0000', 1, 1, 0, '0.0700', NULL, NULL, NULL),
(4, 10, 1, 'IGV', '18.0000', 1, 1, 0, '0.2300', NULL, NULL, NULL),
(4, 10, 1, 'VISA', '5.0000', 1, 1, 0, '0.0700', NULL, NULL, NULL),
(5, 10, 1, 'IGV', '18.0000', 1, 1, 0, '0.2300', NULL, NULL, NULL),
(5, 10, 1, 'VISA', '5.0000', 1, 1, 0, '0.0700', NULL, NULL, NULL),
(8, 164, 1, 'IGV', '18.0000', 1, 1, 0, '0.2300', NULL, NULL, NULL),
(9, 164, 1, 'IGV', '18.0000', 1, 1, 0, '-0.2300', NULL, NULL, NULL),
(10, 164, 1, 'IGV', '18.0000', 1, 1, 0, '0.2300', NULL, NULL, NULL),
(11, 164, 1, 'IGV', '18.0000', 1, 1, 0, '-0.2300', NULL, NULL, NULL),
(14, 54, 1, 'IGV', '18.0000', 1, 1, 0, '0.3000', NULL, NULL, NULL),
(15, 24, 1, 'IGV', '18.0000', 1, 1, 0, '0.1200', NULL, NULL, NULL),
(15, 25, 3, 'IGV', '18.0000', 1, 1, 0, '0.1200', NULL, NULL, NULL),
(15, 124, 2, 'IGV', '18.0000', 1, 1, 0, '0.5300', NULL, NULL, NULL),
(15, 126, 4, 'IGV', '18.0000', 1, 1, 0, '0.6100', NULL, NULL, NULL),
(16, 19, 1, 'IGV', '18.0000', 1, 1, 0, '0.3100', NULL, NULL, NULL),
(16, 43, 5, 'IGV', '18.0000', 1, 1, 0, '0.3800', NULL, NULL, NULL),
(16, 50, 4, 'IGV', '18.0000', 1, 1, 0, '0.3800', NULL, NULL, NULL),
(16, 118, 3, 'IGV', '18.0000', 1, 1, 0, '0.1500', NULL, NULL, NULL),
(16, 133, 2, 'IGV', '18.0000', 1, 1, 0, '0.3800', NULL, NULL, NULL),
(17, 71, 1, 'IGV', '18.0000', 1, 1, 0, '1.2000', NULL, NULL, NULL),
(18, 172, 1, 'IGV', '18.0000', 1, 1, 0, '1.5200', NULL, NULL, NULL),
(19, 172, 1, 'IGV', '18.0000', 1, 1, 0, '4.5700', NULL, NULL, NULL),
(20, 5, 1, 'IGV', '18.0000', 1, 1, 0, '0.2300', NULL, NULL, NULL),
(20, 68, 3, 'IGV', '18.0000', 1, 1, 0, '0.7600', NULL, NULL, NULL),
(20, 148, 2, 'IGV', '18.0000', 1, 1, 0, '0.1200', NULL, NULL, NULL),
(21, 67, 1, 'IGV', '18.0000', 1, 1, 0, '0.3800', NULL, NULL, NULL),
(21, 156, 2, 'IGV', '18.0000', 1, 1, 0, '0.1500', NULL, NULL, NULL),
(23, 55, 2, 'IGV', '18.0000', 1, 1, 0, '0.2300', NULL, NULL, NULL),
(23, 145, 1, 'IGV', '18.0000', 1, 1, 0, '0.1200', NULL, NULL, NULL),
(24, 45, 1, 'IGV', '18.0000', 1, 1, 0, '0.3800', NULL, NULL, NULL),
(25, 45, 1, 'IGV', '18.0000', 1, 1, 0, '0.3800', NULL, NULL, NULL),
(26, 186, 1, 'IGV', '18.0000', 1, 1, 0, '6.0900', NULL, NULL, NULL),
(27, 186, 1, 'IGV', '18.0000', 1, 1, 0, '15.8400', NULL, NULL, NULL),
(28, 186, 1, 'IGV', '18.0000', 1, 1, 0, '-15.8400', NULL, NULL, NULL),
(30, 186, 1, 'IGV', '18.0000', 1, 1, 0, '1.2200', NULL, NULL, NULL),
(31, 186, 1, 'IGV', '18.0000', 1, 1, 0, '1.2200', NULL, NULL, NULL),
(32, 55, 1, 'IGV', '18.0000', 1, 1, 0, '0.2300', NULL, NULL, NULL),
(33, 139, 1, 'IGV', '18.0000', 1, 1, 0, '0.2300', NULL, NULL, NULL),
(34, 186, 1, 'IGV', '18.0000', 1, 1, 0, '1.2200', NULL, NULL, NULL),
(35, 186, 2, 'IGV', '18.0000', 1, 1, 0, '4.8700', NULL, NULL, NULL),
(35, 188, 1, 'IGV', '18.0000', 1, 1, 0, '4.5800', NULL, NULL, NULL),
(36, 50, 1, 'IGV', '18.0000', 1, 1, 0, '0.3800', NULL, NULL, NULL),
(37, 4, 1, 'IGV', '18.0000', 1, 1, 0, '0.2600', NULL, NULL, NULL),
(38, 189, 1, 'IGV', '18.0000', 1, 1, 0, '0.7600', NULL, NULL, NULL),
(39, 62, 2, 'IGV', '18.0000', 1, 1, 0, '0.2300', NULL, NULL, NULL),
(39, 106, 3, 'IGV', '18.0000', 1, 1, 0, '0.1200', NULL, NULL, NULL),
(39, 173, 1, 'IGV', '18.0000', 1, 1, 0, '0.6900', NULL, NULL, NULL),
(40, 48, 1, 'IGV', '18.0000', 1, 1, 0, '0.3800', NULL, NULL, NULL),
(41, 187, 1, 'IGV', '18.0000', 1, 1, 0, '0.7400', NULL, NULL, NULL),
(42, 137, 1, 'IGV', '18.0000', 1, 1, 0, '0.2300', NULL, NULL, NULL),
(44, 136, 1, 'IGV', '18.0000', 1, 1, 0, '0.2300', NULL, NULL, NULL),
(45, 51, 1, 'IGV', '18.0000', 1, 1, 0, '0.4600', NULL, NULL, NULL),
(45, 71, 2, 'IGV', '18.0000', 1, 1, 0, '1.2000', NULL, NULL, NULL),
(46, 53, 1, 'IGV', '18.0000', 1, 1, 0, '0.3800', NULL, NULL, NULL),
(47, 186, 1, 'IGV', '18.0000', 1, 1, 0, '4.8700', NULL, NULL, NULL),
(47, 187, 2, 'IGV', '18.0000', 1, 1, 0, '0.7400', NULL, NULL, NULL),
(48, 180, 2, 'IGV', '18.0000', 1, 1, 0, '0.6900', NULL, NULL, NULL),
(48, 256, 1, 'IGV', '18.0000', 1, 1, 0, '3.0500', NULL, NULL, NULL),
(49, 52, 2, 'IGV', '18.0000', 1, 1, 0, '0.5300', NULL, NULL, NULL),
(49, 252, 1, 'IGV', '18.0000', 1, 1, 0, '3.8100', NULL, NULL, NULL),
(50, 33, 1, 'IGV', '18.0000', 1, 1, 0, '0.3100', NULL, NULL, NULL),
(51, 257, 2, 'IGV', '18.0000', 1, 1, 0, '3.8100', NULL, NULL, NULL),
(51, 258, 1, 'IGV', '18.0000', 1, 1, 0, '0.4600', NULL, NULL, NULL),
(52, 259, 2, 'IGV', '18.0000', 1, 1, 0, '3.0500', NULL, NULL, NULL),
(52, 260, 1, 'IGV', '18.0000', 1, 1, 0, '0.3000', NULL, NULL, NULL),
(53, 28, 2, 'IGV', '18.0000', 1, 1, 0, '0.2400', NULL, NULL, NULL),
(53, 260, 1, 'IGV', '18.0000', 1, 1, 0, '0.3000', NULL, NULL, NULL),
(54, 84, 2, 'IGV', '18.0000', 1, 1, 0, '0.6900', NULL, NULL, NULL),
(54, 261, 1, 'IGV', '18.0000', 1, 1, 0, '3.0500', NULL, NULL, NULL),
(55, 39, 1, 'IGV', '18.0000', 1, 1, 0, '0.7600', NULL, NULL, NULL),
(55, 117, 3, 'IGV', '18.0000', 1, 1, 0, '0.1500', NULL, NULL, NULL),
(55, 118, 2, 'IGV', '18.0000', 1, 1, 0, '0.1500', NULL, NULL, NULL),
(56, 11, 4, 'IGV', '18.0000', 1, 1, 0, '0.5200', NULL, NULL, NULL),
(56, 43, 1, 'IGV', '18.0000', 1, 1, 0, '1.1400', NULL, NULL, NULL),
(56, 62, 3, 'IGV', '18.0000', 1, 1, 0, '0.2300', NULL, NULL, NULL),
(56, 92, 2, 'IGV', '18.0000', 1, 1, 0, '0.1200', NULL, NULL, NULL),
(57, 63, 1, 'IGV', '18.0000', 1, 1, 0, '0.5300', NULL, NULL, NULL),
(57, 66, 2, 'IGV', '18.0000', 1, 1, 0, '0.7600', NULL, NULL, NULL),
(58, 28, 3, 'IGV', '18.0000', 1, 1, 0, '0.2400', NULL, NULL, NULL),
(58, 53, 1, 'IGV', '18.0000', 1, 1, 0, '0.7600', NULL, NULL, NULL),
(58, 258, 2, 'IGV', '18.0000', 1, 1, 0, '0.4600', NULL, NULL, NULL),
(59, 125, 1, 'IGV', '18.0000', 1, 1, 0, '0.2300', NULL, NULL, NULL),
(60, 105, 1, 'IGV', '18.0000', 1, 1, 0, '0.1200', NULL, NULL, NULL),
(61, 11, 1, 'IGV', '18.0000', 1, 1, 0, '0.2600', NULL, NULL, NULL),
(61, 50, 2, 'IGV', '18.0000', 1, 1, 0, '0.3800', NULL, NULL, NULL),
(61, 140, 3, 'IGV', '18.0000', 1, 1, 0, '0.1500', NULL, NULL, NULL),
(62, 189, 1, 'IGV', '18.0000', 1, 1, 0, '0.7600', NULL, NULL, NULL),
(63, 40, 1, 'IGV', '18.0000', 1, 1, 0, '0.4600', NULL, NULL, NULL),
(64, 28, 2, 'IGV', '18.0000', 1, 1, 0, '0.1200', NULL, NULL, NULL),
(64, 90, 1, 'IGV', '18.0000', 1, 1, 0, '0.2300', NULL, NULL, NULL),
(64, 132, 3, 'IGV', '18.0000', 1, 1, 0, '0.1500', NULL, NULL, NULL),
(65, 125, 1, 'IGV', '18.0000', 1, 1, 0, '0.2300', NULL, NULL, NULL),
(66, 288, 1, 'IGV', '18.0000', 1, 1, 0, '0.3000', NULL, NULL, NULL),
(67, 125, 1, 'IGV', '18.0000', 1, 1, 0, '0.4600', NULL, NULL, NULL),
(68, 125, 1, 'IGV', '18.0000', 1, 1, 0, '0.4600', NULL, NULL, NULL),
(69, 40, 2, 'IGV', '18.0000', 1, 1, 0, '0.4600', NULL, NULL, NULL),
(69, 47, 1, 'IGV', '18.0000', 1, 1, 0, '0.4600', NULL, NULL, NULL),
(70, 45, 3, 'IGV', '18.0000', 1, 1, 0, '0.3800', NULL, NULL, NULL),
(70, 55, 4, 'IGV', '18.0000', 1, 1, 0, '0.2300', NULL, NULL, NULL),
(70, 111, 2, 'IGV', '18.0000', 1, 1, 0, '0.1500', NULL, NULL, NULL),
(70, 133, 1, 'IGV', '18.0000', 1, 1, 0, '0.3800', NULL, NULL, NULL),
(72, 54, 1, 'IGV', '18.0000', 1, 1, 0, '0.6100', NULL, NULL, NULL),
(73, 137, 5, 'IGV', '18.0000', 1, 1, 0, '0.2300', NULL, NULL, NULL),
(73, 183, 1, 'IGV', '18.0000', 1, 1, 0, '4.5800', NULL, NULL, NULL),
(73, 238, 4, 'IGV', '18.0000', 1, 1, 0, '0.4500', NULL, NULL, NULL),
(73, 277, 2, 'IGV', '18.0000', 1, 1, 0, '6.8600', NULL, NULL, NULL),
(73, 295, 3, 'IGV', '18.0000', 1, 1, 0, '3.2000', NULL, NULL, NULL),
(74, 295, 1, 'IGV', '18.0000', 1, 1, 0, '1.0700', NULL, NULL, NULL),
(75, 295, 1, 'IGV', '18.0000', 1, 1, 0, '1.0700', NULL, NULL, NULL),
(76, 295, 1, 'IGV', '18.0000', 1, 1, 0, '1.0700', NULL, NULL, NULL),
(77, 210, 1, 'IGV', '18.0000', 1, 1, 0, '3.8100', NULL, NULL, NULL),
(77, 231, 3, 'IGV', '18.0000', 1, 1, 0, '7.6100', NULL, NULL, NULL),
(77, 295, 2, 'IGV', '18.0000', 1, 1, 0, '3.2000', NULL, NULL, NULL),
(78, 183, 2, 'IGV', '18.0000', 1, 1, 0, '4.5800', NULL, NULL, NULL),
(78, 249, 3, 'IGV', '18.0000', 1, 1, 0, '5.3300', NULL, NULL, NULL),
(78, 295, 1, 'IGV', '18.0000', 1, 1, 0, '14.9400', NULL, NULL, NULL),
(79, 183, 2, 'IGV', '18.0000', 1, 1, 0, '4.5800', NULL, NULL, NULL),
(79, 295, 1, 'IGV', '18.0000', 1, 1, 0, '10.6700', NULL, NULL, NULL),
(80, 17, 3, 'IGV', '18.0000', 1, 1, 0, '0.9100', NULL, NULL, NULL),
(80, 278, 2, 'IGV', '18.0000', 1, 1, 0, '1.3700', NULL, NULL, NULL),
(80, 285, 1, 'IGV', '18.0000', 1, 1, 0, '0.2300', NULL, NULL, NULL),
(81, 295, 1, 'IGV', '18.0000', 1, 1, 0, '2.1300', NULL, NULL, NULL),
(82, 54, 2, 'IGV', '18.0000', 1, 1, 0, '0.3000', NULL, NULL, NULL),
(83, 184, 1, 'IGV', '18.0000', 1, 1, 0, '0.3800', NULL, NULL, NULL),
(84, 192, 1, 'IGV', '18.0000', 1, 1, 0, '0.5300', NULL, NULL, NULL),
(85, 36, 3, 'IGV', '18.0000', 1, 1, 0, '0.3100', NULL, NULL, NULL),
(85, 210, 1, 'IGV', '18.0000', 1, 1, 0, '3.8100', NULL, NULL, NULL),
(85, 258, 2, 'IGV', '18.0000', 1, 1, 0, '0.4600', NULL, NULL, NULL),
(86, 9, 1, 'IGV', '18.0000', 1, 1, 0, '0.2600', NULL, NULL, NULL),
(87, 40, 7, 'IGV', '18.0000', 1, 1, 0, '0.4600', NULL, NULL, NULL),
(87, 183, 3, 'IGV', '18.0000', 1, 1, 0, '9.1500', NULL, NULL, NULL),
(87, 231, 5, 'IGV', '18.0000', 1, 1, 0, '11.4200', NULL, NULL, NULL),
(87, 252, 6, 'IGV', '18.0000', 1, 1, 0, '3.8100', NULL, NULL, NULL),
(87, 295, 4, 'IGV', '18.0000', 1, 1, 0, '26.6900', NULL, NULL, NULL),
(87, 296, 2, 'IGV', '18.0000', 1, 1, 0, '2.7500', NULL, NULL, NULL),
(88, 295, 1, 'IGV', '18.0000', 1, 1, 0, '7.4700', NULL, NULL, NULL),
(89, 295, 1, 'IGV', '18.0000', 1, 1, 0, '6.4000', NULL, NULL, NULL),
(90, 260, 2, 'IGV', '18.0000', 1, 1, 0, '0.3000', NULL, NULL, NULL),
(90, 297, 1, 'IGV', '18.0000', 1, 1, 0, '2.7500', NULL, NULL, NULL),
(91, 3, 2, 'IGV', '18.0000', 1, 1, 0, '0.5200', NULL, NULL, NULL),
(91, 18, 1, 'IGV', '18.0000', 1, 1, 0, '0.5200', NULL, NULL, NULL),
(91, 63, 5, 'IGV', '18.0000', 1, 1, 0, '0.5300', NULL, NULL, NULL),
(91, 66, 4, 'IGV', '18.0000', 1, 1, 0, '0.7600', NULL, NULL, NULL),
(91, 132, 6, 'IGV', '18.0000', 1, 1, 0, '0.3100', NULL, NULL, NULL),
(91, 171, 3, 'IGV', '18.0000', 1, 1, 0, '0.4600', NULL, NULL, NULL),
(92, 54, 1, 'IGV', '18.0000', 1, 1, 0, '0.9100', NULL, NULL, NULL),
(93, 31, 1, 'IGV', '18.0000', 1, 1, 0, '0.2300', NULL, NULL, NULL),
(96, 112, 2, 'IGV', '18.0000', 1, 1, 0, '0.1500', NULL, NULL, NULL),
(96, 134, 1, 'IGV', '18.0000', 1, 1, 0, '0.1500', NULL, NULL, NULL),
(97, 164, 1, 'IGV', '18.0000', 1, 1, 0, '0.2300', NULL, NULL, NULL),
(98, 86, 1, 'IGV', '18.0000', 1, 1, 0, '0.1500', NULL, NULL, NULL),
(98, 135, 2, 'IGV', '18.0000', 1, 1, 0, '0.1100', NULL, NULL, NULL),
(99, 55, 1, 'IGV', '18.0000', 1, 1, 0, '0.2300', NULL, NULL, NULL),
(100, 250, 1, 'IGV', '18.0000', 1, 1, 0, '4.5800', NULL, NULL, NULL),
(100, 252, 3, 'IGV', '18.0000', 1, 1, 0, '3.8100', NULL, NULL, NULL),
(100, 255, 2, 'IGV', '18.0000', 1, 1, 0, '1.8300', NULL, NULL, NULL),
(100, 307, 4, 'IGV', '18.0000', 1, 1, 0, '4.8800', NULL, NULL, NULL),
(101, 309, 1, 'IGV', '18.0000', 1, 1, 0, '4.5700', NULL, NULL, NULL),
(102, 54, 4, 'IGV', '18.0000', 1, 1, 0, '0.3000', NULL, NULL, NULL),
(102, 231, 1, 'IGV', '18.0000', 1, 1, 0, '3.8100', NULL, NULL, NULL),
(103, 178, 2, 'IGV', '18.0000', 1, 1, 0, '1.2200', NULL, NULL, NULL),
(103, 231, 1, 'IGV', '18.0000', 1, 1, 0, '3.8100', NULL, NULL, NULL),
(103, 313, 3, 'IGV', '18.0000', 1, 1, 0, '0.9100', NULL, NULL, NULL),
(104, 79, 3, 'IGV', '18.0000', 1, 1, 0, '3.0500', NULL, NULL, NULL),
(104, 229, 2, 'IGV', '18.0000', 1, 1, 0, '6.0800', NULL, NULL, NULL),
(104, 307, 1, 'IGV', '18.0000', 1, 1, 0, '4.8800', NULL, NULL, NULL),
(105, 89, 3, 'IGV', '18.0000', 1, 1, 0, '0.9100', NULL, NULL, NULL),
(105, 148, 1, 'IGV', '18.0000', 1, 1, 0, '0.4900', NULL, NULL, NULL),
(105, 312, 2, 'IGV', '18.0000', 1, 1, 0, '0.3000', NULL, NULL, NULL),
(106, 104, 1, 'IGV', '18.0000', 1, 1, 0, '0.1200', NULL, NULL, NULL),
(107, 91, 2, 'IGV', '18.0000', 1, 1, 0, '0.0900', NULL, NULL, NULL),
(107, 324, 1, 'IGV', '18.0000', 1, 1, 0, '0.1800', NULL, NULL, NULL),
(108, 8, 1, 'IGV', '18.0000', 1, 1, 0, '0.2600', NULL, NULL, NULL),
(109, 117, 1, 'IGV', '18.0000', 1, 1, 0, '0.1500', NULL, NULL, NULL),
(110, 254, 2, 'IGV', '18.0000', 1, 1, 0, '3.6600', NULL, NULL, NULL),
(110, 257, 1, 'IGV', '18.0000', 1, 1, 0, '19.0700', NULL, NULL, NULL),
(111, 313, 2, 'IGV', '18.0000', 1, 1, 0, '0.9100', NULL, NULL, NULL),
(111, 326, 1, 'IGV', '18.0000', 1, 1, 0, '7.6300', NULL, NULL, NULL),
(112, 45, 2, 'IGV', '18.0000', 1, 1, 0, '1.1400', NULL, NULL, NULL),
(112, 136, 1, 'IGV', '18.0000', 1, 1, 0, '0.2300', NULL, NULL, NULL),
(113, 186, 1, 'IGV', '18.0000', 1, 1, 0, '1.2200', NULL, NULL, NULL),
(114, 186, 1, 'IGV', '18.0000', 1, 1, 0, '3.6600', NULL, NULL, NULL),
(115, 51, 1, 'IGV', '18.0000', 1, 1, 0, '0.4600', NULL, NULL, NULL),
(116, 186, 1, 'IGV', '18.0000', 1, 1, 0, '1.2200', NULL, NULL, NULL),
(117, 53, 1, 'IGV', '18.0000', 1, 1, 0, '0.3800', NULL, NULL, NULL),
(118, 23, 1, 'IGV', '18.0000', 1, 1, 0, '0.1500', NULL, NULL, NULL),
(119, 54, 2, 'IGV', '18.0000', 1, 1, 0, '0.3000', NULL, NULL, NULL),
(119, 186, 1, 'IGV', '18.0000', 1, 1, 0, '2.4400', NULL, NULL, NULL),
(119, 333, 3, 'IGV', '18.0000', 1, 1, 0, '2.2900', NULL, NULL, NULL),
(120, 51, 2, 'IGV', '18.0000', 1, 1, 0, '0.4600', NULL, NULL, NULL),
(120, 186, 1, 'IGV', '18.0000', 1, 1, 0, '1.2200', NULL, NULL, NULL),
(121, 186, 1, 'IGV', '18.0000', 1, 1, 0, '1.2200', NULL, NULL, NULL),
(122, 186, 1, 'IGV', '18.0000', 1, 1, 0, '1.2200', NULL, NULL, NULL),
(123, 186, 1, 'IGV', '18.0000', 1, 1, 0, '1.2200', NULL, NULL, NULL),
(124, 24, 2, 'IGV', '18.0000', 1, 1, 0, '0.2400', NULL, NULL, NULL),
(124, 25, 1, 'IGV', '18.0000', 1, 1, 0, '0.2400', NULL, NULL, NULL),
(125, 7, 2, 'IGV', '18.0000', 1, 1, 0, '0.2600', NULL, NULL, NULL),
(125, 137, 1, 'IGV', '18.0000', 1, 1, 0, '0.4600', NULL, NULL, NULL),
(125, 139, 3, 'IGV', '18.0000', 1, 1, 0, '0.2300', NULL, NULL, NULL),
(126, 57, 1, 'IGV', '18.0000', 1, 1, 0, '1.5300', NULL, NULL, NULL),
(127, 135, 1, 'IGV', '18.0000', 1, 1, 0, '0.1100', NULL, NULL, NULL),
(128, 54, 1, 'IGV', '18.0000', 1, 1, 0, '0.3000', NULL, NULL, NULL),
(129, 69, 1, 'IGV', '18.0000', 1, 1, 0, '0.5300', NULL, NULL, NULL),
(130, 186, 2, 'IGV', '18.0000', 1, 1, 0, '3.6600', NULL, NULL, NULL),
(130, 188, 1, 'IGV', '18.0000', 1, 1, 0, '4.5800', NULL, NULL, NULL),
(130, 255, 3, 'IGV', '18.0000', 1, 1, 0, '4.5800', NULL, NULL, NULL),
(131, 54, 5, 'IGV', '18.0000', 1, 1, 0, '0.3000', NULL, NULL, NULL),
(131, 197, 4, 'IGV', '18.0000', 1, 1, 0, '2.3000', NULL, NULL, NULL),
(131, 199, 1, 'IGV', '18.0000', 1, 1, 0, '2.2900', NULL, NULL, NULL),
(131, 252, 2, 'IGV', '18.0000', 1, 1, 0, '3.8100', NULL, NULL, NULL),
(131, 255, 3, 'IGV', '18.0000', 1, 1, 0, '2.2900', NULL, NULL, NULL),
(131, 309, 6, 'IGV', '18.0000', 1, 1, 0, '3.0500', NULL, NULL, NULL),
(132, 55, 1, 'IGV', '18.0000', 1, 1, 0, '0.2300', NULL, NULL, NULL),
(132, 137, 3, 'IGV', '18.0000', 1, 1, 0, '0.2300', NULL, NULL, NULL),
(132, 192, 2, 'IGV', '18.0000', 1, 1, 0, '0.5300', NULL, NULL, NULL),
(133, 20, 1, 'IGV', '18.0000', 1, 1, 0, '0.1500', NULL, NULL, NULL),
(134, 54, 4, 'IGV', '18.0000', 1, 1, 0, '0.3000', NULL, NULL, NULL),
(134, 183, 3, 'IGV', '18.0000', 1, 1, 0, '4.5800', NULL, NULL, NULL),
(134, 309, 1, 'IGV', '18.0000', 1, 1, 0, '3.0500', NULL, NULL, NULL),
(134, 334, 2, 'IGV', '18.0000', 1, 1, 0, '0.3100', NULL, NULL, NULL),
(135, 102, 2, 'IGV', '18.0000', 1, 1, 0, '0.2400', NULL, NULL, NULL),
(135, 192, 1, 'IGV', '18.0000', 1, 1, 0, '0.5300', NULL, NULL, NULL),
(136, 267, 3, 'IGV', '18.0000', 1, 1, 0, '0.1500', NULL, NULL, NULL),
(136, 286, 1, 'IGV', '18.0000', 1, 1, 0, '0.0900', NULL, NULL, NULL),
(136, 324, 2, 'IGV', '18.0000', 1, 1, 0, '0.1800', NULL, NULL, NULL),
(137, 336, 1, 'IGV', '18.0000', 1, 1, 0, '0.3800', NULL, NULL, NULL),
(138, 337, 1, 'IGV', '18.0000', 1, 1, 0, '2.2900', NULL, NULL, NULL),
(139, 338, 1, 'IGV', '18.0000', 1, 1, 0, '0.7600', NULL, NULL, NULL),
(140, 2, 2, 'IGV', '18.0000', 1, 1, 0, '0.2600', NULL, NULL, NULL),
(140, 137, 3, 'IGV', '18.0000', 1, 1, 0, '0.2300', NULL, NULL, NULL),
(141, 43, 5, 'IGV', '18.0000', 1, 1, 0, '0.3800', NULL, NULL, NULL),
(141, 52, 6, 'IGV', '18.0000', 1, 1, 0, '0.5300', NULL, NULL, NULL),
(141, 55, 2, 'IGV', '18.0000', 1, 1, 0, '0.2300', NULL, NULL, NULL),
(141, 71, 4, 'IGV', '18.0000', 1, 1, 0, '1.2000', NULL, NULL, NULL),
(141, 90, 3, 'IGV', '18.0000', 1, 1, 0, '0.2300', NULL, NULL, NULL),
(141, 163, 1, 'IGV', '18.0000', 1, 1, 0, '0.1500', NULL, NULL, NULL),
(142, 137, 3, 'IGV', '18.0000', 1, 1, 0, '0.2300', NULL, NULL, NULL),
(142, 138, 1, 'IGV', '18.0000', 1, 1, 0, '0.2300', NULL, NULL, NULL),
(142, 140, 2, 'IGV', '18.0000', 1, 1, 0, '0.1500', NULL, NULL, NULL),
(143, 43, 1, 'IGV', '18.0000', 1, 1, 0, '0.3800', NULL, NULL, NULL),
(143, 340, 2, 'IGV', '18.0000', 1, 1, 0, '0.3000', NULL, NULL, NULL),
(144, 77, 1, 'IGV', '18.0000', 1, 1, 0, '1.5300', NULL, NULL, NULL),
(144, 79, 2, 'IGV', '18.0000', 1, 1, 0, '3.0500', NULL, NULL, NULL),
(144, 136, 3, 'IGV', '18.0000', 1, 1, 0, '0.2300', NULL, NULL, NULL),
(145, 146, 1, 'igv', '18.0000', 1, 1, 0, '0.1200', NULL, NULL, NULL),
(145, 286, 2, 'IGV', '18.0000', 1, 1, 0, '0.1800', NULL, NULL, NULL),
(146, 135, 1, 'IGV', '18.0000', 1, 1, 0, '0.1100', NULL, NULL, NULL),
(147, 260, 3, 'IGV', '18.0000', 1, 1, 0, '1.5200', NULL, NULL, NULL),
(147, 341, 2, 'IGV', '18.0000', 1, 1, 0, '1.2200', NULL, NULL, NULL),
(147, 342, 1, 'IGV', '18.0000', 1, 1, 0, '2.2900', NULL, NULL, NULL),
(147, 343, 4, 'IGV', '18.0000', 1, 1, 0, '0.6100', NULL, NULL, NULL),
(148, 4, 2, 'IGV', '18.0000', 1, 1, 0, '0.2600', NULL, NULL, NULL),
(148, 125, 1, 'IGV', '18.0000', 1, 1, 0, '0.2300', NULL, NULL, NULL),
(149, 18, 1, 'IGV', '18.0000', 1, 1, 0, '0.2600', NULL, NULL, NULL),
(150, 42, 1, 'IGV', '18.0000', 1, 1, 0, '0.3800', NULL, NULL, NULL),
(151, 328, 1, 'IGV', '18.0000', 1, 1, 0, '0.9100', NULL, NULL, NULL),
(152, 260, 2, 'IGV', '18.0000', 1, 1, 0, '0.3000', NULL, NULL, NULL),
(152, 326, 1, 'IGV', '18.0000', 1, 1, 0, '3.8100', NULL, NULL, NULL),
(153, 347, 1, 'IGV', '18.0000', 1, 1, 0, '0.2300', NULL, NULL, NULL),
(154, 186, 1, 'IGV', '18.0000', 1, 1, 0, '1.2200', NULL, NULL, NULL),
(155, 27, 7, 'IGV', '18.0000', 1, 1, 0, '0.1500', NULL, NULL, NULL),
(155, 29, 2, 'IGV', '18.0000', 1, 1, 0, '0.1500', NULL, NULL, NULL),
(155, 35, 4, 'IGV', '18.0000', 1, 1, 0, '0.1500', NULL, NULL, NULL),
(155, 68, 1, 'IGV', '18.0000', 1, 1, 0, '0.7600', NULL, NULL, NULL),
(155, 89, 8, 'IGV', '18.0000', 1, 1, 0, '0.4600', NULL, NULL, NULL),
(155, 92, 6, 'IGV', '18.0000', 1, 1, 0, '0.1200', NULL, NULL, NULL),
(155, 171, 9, 'IGV', '18.0000', 1, 1, 0, '0.4600', NULL, NULL, NULL),
(155, 184, 5, 'IGV', '18.0000', 1, 1, 0, '0.3800', NULL, NULL, NULL),
(155, 287, 3, 'IGV', '18.0000', 1, 1, 0, '0.3000', NULL, NULL, NULL),
(155, 324, 10, 'IGV', '18.0000', 1, 1, 0, '0.1800', NULL, NULL, NULL),
(156, 298, 1, 'IGV', '18.0000', 1, 1, 0, '0.6100', NULL, NULL, NULL),
(157, 5, 3, 'IGV', '18.0000', 1, 1, 0, '0.2300', NULL, NULL, NULL),
(157, 158, 1, 'IGV', '18.0000', 1, 1, 0, '0.1500', NULL, NULL, NULL),
(157, 171, 2, 'IGV', '18.0000', 1, 1, 0, '0.4600', NULL, NULL, NULL),
(158, 102, 2, 'IGV', '18.0000', 1, 1, 0, '0.1200', NULL, NULL, NULL),
(158, 298, 1, 'IGV', '18.0000', 1, 1, 0, '0.3000', NULL, NULL, NULL),
(158, 349, 3, 'IGV', '18.0000', 1, 1, 0, '0.3000', NULL, NULL, NULL),
(159, 57, 1, 'IGV', '18.0000', 1, 1, 0, '0.5300', NULL, NULL, NULL),
(160, 179, 1, 'IGV', '18.0000', 1, 1, 0, '0.7600', NULL, NULL, NULL),
(161, 23, 1, 'IGV', '18.0000', 1, 1, 0, '0.1500', NULL, NULL, NULL),
(162, 90, 1, 'IGV', '18.0000', 1, 1, 0, '0.2300', NULL, NULL, NULL),
(163, 26, 1, 'IGV', '18.0000', 1, 1, 0, '0.3100', NULL, NULL, NULL),
(164, 186, 1, 'IGV', '18.0000', 1, 1, 0, '1.2200', NULL, NULL, NULL),
(165, 186, 1, 'IGV', '18.0000', 1, 1, 0, '1.2200', NULL, NULL, NULL),
(166, 55, 1, 'IGV', '18.0000', 1, 1, 0, '0.4600', NULL, NULL, NULL),
(167, 179, 2, 'IGV', '18.0000', 1, 1, 0, '1.5300', NULL, NULL, NULL),
(167, 186, 1, 'IGV', '18.0000', 1, 1, 0, '2.4400', NULL, NULL, NULL),
(168, 55, 1, 'IGV', '18.0000', 1, 1, 0, '0.2300', NULL, NULL, NULL),
(169, 186, 1, 'IGV', '18.0000', 1, 1, 0, '2.4400', NULL, NULL, NULL),
(170, 119, 2, 'IGV', '18.0000', 1, 1, 0, '0.1500', NULL, NULL, NULL),
(170, 324, 1, 'IGV', '18.0000', 1, 1, 0, '0.1800', NULL, NULL, NULL),
(171, 186, 2, 'IGV', '18.0000', 1, 1, 0, '1.2200', NULL, NULL, NULL),
(171, 188, 1, 'IGV', '18.0000', 1, 1, 0, '3.8100', NULL, NULL, NULL),
(171, 353, 3, 'IGV', '18.0000', 1, 1, 0, '1.8300', NULL, NULL, NULL),
(172, 115, 1, 'IGV', '18.0000', 1, 1, 0, '0.1200', NULL, NULL, NULL),
(174, 84, 1, 'IGV', '18.0000', 1, 1, 0, '0.6900', NULL, NULL, NULL),
(175, 21, 1, 'IGV', '18.0000', 1, 1, 0, '0.1500', NULL, NULL, NULL),
(175, 148, 2, 'IGV', '18.0000', 1, 1, 0, '0.2400', NULL, NULL, NULL),
(176, 186, 1, 'IGV', '18.0000', 1, 1, 0, '2.4400', NULL, NULL, NULL),
(177, 51, 2, 'IGV', '18.0000', 1, 1, 0, '0.4600', NULL, NULL, NULL),
(177, 257, 1, 'IGV', '18.0000', 1, 1, 0, '3.8100', NULL, NULL, NULL),
(177, 354, 3, 'IGV', '18.0000', 1, 1, 0, '4.5800', NULL, NULL, NULL),
(179, 125, 1, 'IGV', '18.0000', 1, 1, 0, '0.2300', NULL, NULL, NULL),
(180, 186, 1, 'IGV', '18.0000', 1, 1, 0, '1.2200', NULL, NULL, NULL),
(181, 54, 1, 'IGV', '18.0000', 1, 1, 0, '0.6100', NULL, NULL, NULL),
(182, 55, 2, 'IGV', '18.0000', 1, 1, 0, '0.2300', NULL, NULL, NULL),
(182, 56, 1, 'IGV', '18.0000', 1, 1, 0, '0.4600', NULL, NULL, NULL),
(183, 125, 1, 'IGV', '18.0000', 1, 1, 0, '0.2300', NULL, NULL, NULL),
(184, 34, 1, 'IGV', '18.0000', 1, 1, 0, '0.6100', NULL, NULL, NULL),
(184, 148, 2, 'IGV', '18.0000', 1, 1, 0, '0.1200', NULL, NULL, NULL),
(185, 112, 2, 'IGV', '18.0000', 1, 1, 0, '0.1500', NULL, NULL, NULL),
(185, 262, 1, 'IGV', '18.0000', 1, 1, 0, '0.4600', NULL, NULL, NULL),
(186, 48, 1, 'IGV', '18.0000', 1, 1, 0, '0.3800', NULL, NULL, NULL),
(186, 297, 2, 'IGV', '18.0000', 1, 1, 0, '2.7500', NULL, NULL, NULL),
(187, 33, 2, 'IGV', '18.0000', 1, 1, 0, '0.3100', NULL, NULL, NULL),
(187, 106, 1, 'IGV', '18.0000', 1, 1, 0, '0.2400', NULL, NULL, NULL),
(188, 54, 2, 'IGV', '18.0000', 1, 1, 0, '0.3000', NULL, NULL, NULL),
(188, 295, 1, 'IGV', '18.0000', 1, 1, 0, '4.2700', NULL, NULL, NULL),
(189, 52, 3, 'IGV', '18.0000', 1, 1, 0, '0.4600', NULL, NULL, NULL),
(189, 252, 2, 'IGV', '18.0000', 1, 1, 0, '3.8100', NULL, NULL, NULL),
(190, 179, 2, 'IGV', '18.0000', 1, 1, 0, '1.5300', NULL, NULL, NULL),
(190, 354, 1, 'IGV', '18.0000', 1, 1, 0, '3.8100', NULL, NULL, NULL),
(191, 6, 2, 'IGV', '18.0000', 1, 1, 0, '0.2300', NULL, NULL, NULL),
(191, 41, 1, 'IGV', '18.0000', 1, 1, 0, '0.3000', NULL, NULL, NULL),
(191, 347, 3, 'IGV', '18.0000', 1, 1, 0, '0.1500', NULL, NULL, NULL),
(192, 8, 2, 'IGV', '18.0000', 1, 1, 0, '0.5200', NULL, NULL, NULL),
(192, 20, 3, 'IGV', '18.0000', 1, 1, 0, '0.3100', NULL, NULL, NULL),
(192, 109, 5, 'IGV', '18.0000', 1, 1, 0, '0.1500', NULL, NULL, NULL),
(192, 138, 1, 'IGV', '18.0000', 1, 1, 0, '0.4600', NULL, NULL, NULL),
(192, 279, 4, 'igv', '18.0000', 1, 1, 0, '0.2300', NULL, NULL, NULL),
(193, 54, 1, 'IGV', '18.0000', 1, 1, 0, '0.6100', NULL, NULL, NULL),
(193, 135, 5, 'IGV', '18.0000', 1, 1, 0, '0.2100', NULL, NULL, NULL),
(193, 137, 3, 'IGV', '18.0000', 1, 1, 0, '0.4600', NULL, NULL, NULL),
(193, 142, 4, 'IGV', '18.0000', 1, 1, 0, '0.6900', NULL, NULL, NULL),
(193, 192, 2, 'IGV', '18.0000', 1, 1, 0, '0.9100', NULL, NULL, NULL),
(193, 361, 6, 'IGV', '18.0000', 1, 1, 0, '0.0900', NULL, NULL, NULL),
(194, 42, 1, 'IGV', '18.0000', 1, 1, 0, '0.7600', NULL, NULL, NULL),
(194, 45, 6, 'IGV', '18.0000', 1, 1, 0, '0.3800', NULL, NULL, NULL),
(194, 52, 4, 'IGV', '18.0000', 1, 1, 0, '0.4600', NULL, NULL, NULL),
(194, 54, 5, 'IGV', '18.0000', 1, 1, 0, '0.3000', NULL, NULL, NULL),
(194, 55, 2, 'IGV', '18.0000', 1, 1, 0, '0.4600', NULL, NULL, NULL),
(194, 137, 3, 'IGV', '18.0000', 1, 1, 0, '0.2300', NULL, NULL, NULL),
(195, 364, 1, 'IGV', '18.0000', 1, 1, 0, '0.7600', NULL, NULL, NULL),
(196, 260, 2, 'IGV', '18.0000', 1, 1, 0, '0.3000', NULL, NULL, NULL),
(196, 355, 1, 'IGV', '18.0000', 1, 1, 0, '3.0500', NULL, NULL, NULL),
(197, 77, 2, 'IGV', '18.0000', 1, 1, 0, '1.5300', NULL, NULL, NULL),
(197, 260, 3, 'IGV', '18.0000', 1, 1, 0, '0.6100', NULL, NULL, NULL),
(197, 326, 1, 'IGV', '18.0000', 1, 1, 0, '7.6300', NULL, NULL, NULL),
(198, 77, 1, 'IGV', '18.0000', 1, 1, 0, '0.7600', NULL, NULL, NULL),
(199, 260, 3, 'IGV', '18.0000', 1, 1, 0, '0.6100', NULL, NULL, NULL),
(199, 261, 2, 'IGV', '18.0000', 1, 1, 0, '3.0500', NULL, NULL, NULL),
(199, 297, 1, 'IGV', '18.0000', 1, 1, 0, '2.7500', NULL, NULL, NULL),
(200, 55, 1, 'IGV', '18.0000', 1, 1, 0, '0.6900', NULL, NULL, NULL),
(200, 282, 2, 'IGV', '18.0000', 1, 1, 0, '0.1500', NULL, NULL, NULL),
(201, 361, 1, 'IGV', '18.0000', 1, 1, 0, '0.0500', NULL, NULL, NULL),
(202, 22, 1, 'IGV', '18.0000', 1, 1, 0, '0.1200', NULL, NULL, NULL),
(203, 86, 1, 'IGV', '18.0000', 1, 1, 0, '0.1500', NULL, NULL, NULL),
(205, 87, 1, 'IGV', '18.0000', 1, 1, 0, '0.1800', NULL, NULL, NULL),
(205, 286, 2, 'IGV', '18.0000', 1, 1, 0, '0.0900', NULL, NULL, NULL),
(206, 78, 7, 'IGV', '18.0000', 1, 1, 0, '1.6800', NULL, NULL, NULL),
(206, 79, 9, 'IGV', '18.0000', 1, 1, 0, '0.7600', NULL, NULL, NULL),
(206, 183, 4, 'IGV', '18.0000', 1, 1, 0, '9.1500', NULL, NULL, NULL),
(206, 193, 2, 'IGV', '18.0000', 1, 1, 0, '6.8600', NULL, NULL, NULL),
(206, 241, 8, 'IGV', '18.0000', 1, 1, 0, '0.7600', NULL, NULL, NULL),
(206, 242, 3, 'IGV', '18.0000', 1, 1, 0, '3.0500', NULL, NULL, NULL),
(206, 295, 6, 'IGV', '18.0000', 1, 1, 0, '4.2700', NULL, NULL, NULL),
(206, 365, 1, 'IGV', '18.0000', 1, 1, 0, '12.2000', NULL, NULL, NULL),
(206, 366, 5, 'IGV', '18.0000', 1, 1, 0, '3.6600', NULL, NULL, NULL),
(207, 71, 1, 'IGV', '18.0000', 1, 1, 0, '1.2000', NULL, NULL, NULL),
(207, 138, 3, 'IGV', '18.0000', 1, 1, 0, '0.2300', NULL, NULL, NULL),
(207, 346, 2, 'IGV', '18.0000', 1, 1, 0, '0.2300', NULL, NULL, NULL),
(208, 132, 1, 'IGV', '18.0000', 1, 1, 0, '0.1500', NULL, NULL, NULL),
(210, 179, 4, 'IGV', '18.0000', 1, 1, 0, '1.5300', NULL, NULL, NULL),
(210, 192, 5, 'IGV', '18.0000', 1, 1, 0, '0.4600', NULL, NULL, NULL),
(210, 326, 2, 'IGV', '18.0000', 1, 1, 0, '3.8100', NULL, NULL, NULL),
(210, 338, 3, 'IGV', '18.0000', 1, 1, 0, '0.9100', NULL, NULL, NULL),
(210, 367, 1, 'IGV', '18.0000', 1, 1, 0, '3.8100', NULL, NULL, NULL),
(211, 62, 1, 'IGV', '18.0000', 1, 1, 0, '0.2300', NULL, NULL, NULL),
(211, 132, 2, 'IGV', '18.0000', 1, 1, 0, '0.1500', NULL, NULL, NULL),
(211, 156, 3, 'IGV', '18.0000', 1, 1, 0, '0.1500', NULL, NULL, NULL),
(211, 264, 4, 'IGV', '18.0000', 1, 1, 0, '0.3000', NULL, NULL, NULL),
(212, 179, 1, 'IGV', '18.0000', 1, 1, 0, '0.7600', NULL, NULL, NULL),
(213, 266, 1, 'IGV', '18.0000', 1, 1, 0, '0.1800', NULL, NULL, NULL),
(214, 139, 1, 'IGV', '18.0000', 1, 1, 0, '0.2300', NULL, NULL, NULL),
(215, 52, 1, 'IGV', '18.0000', 1, 1, 0, '0.4600', NULL, NULL, NULL),
(215, 118, 3, 'IGV', '18.0000', 1, 1, 0, '0.1500', NULL, NULL, NULL),
(215, 167, 2, 'IGV', '18.0000', 1, 1, 0, '0.4600', NULL, NULL, NULL),
(216, 115, 2, 'IGV', '18.0000', 1, 1, 0, '0.1200', NULL, NULL, NULL),
(216, 152, 1, 'IGV', '18.0000', 1, 1, 0, '0.1500', NULL, NULL, NULL),
(217, 20, 1, 'IGV', '18.0000', 1, 1, 0, '0.1500', NULL, NULL, NULL),
(218, 186, 1, 'IGV', '18.0000', 1, 1, 0, '1.2200', NULL, NULL, NULL),
(219, 112, 2, 'IGV', '18.0000', 1, 1, 0, '0.1500', NULL, NULL, NULL),
(219, 126, 1, 'IGV', '18.0000', 1, 1, 0, '0.3000', NULL, NULL, NULL),
(220, 54, 1, 'IGV', '18.0000', 1, 1, 0, '0.3000', NULL, NULL, NULL),
(220, 125, 2, 'IGV', '18.0000', 1, 1, 0, '0.2300', NULL, NULL, NULL),
(221, 46, 1, 'IGV', '18.0000', 1, 1, 0, '0.3800', NULL, NULL, NULL),
(222, 26, 2, 'IGV', '18.0000', 1, 1, 0, '0.1500', NULL, NULL, NULL),
(222, 162, 1, 'IGV', '18.0000', 1, 1, 0, '0.2300', NULL, NULL, NULL);

-- --------------------------------------------------------

--
-- Estructura de tabla para la tabla `ospos_sales_payments`
--

DROP TABLE IF EXISTS `ospos_sales_payments`;
CREATE TABLE `ospos_sales_payments` (
  `payment_id` int(11) NOT NULL,
  `sale_id` int(10) NOT NULL,
  `payment_type` varchar(40) NOT NULL,
  `payment_amount` decimal(15,2) NOT NULL,
  `cash_refund` decimal(15,2) NOT NULL DEFAULT '0.00',
  `employee_id` int(11) DEFAULT NULL,
  `payment_time` timestamp NOT NULL DEFAULT CURRENT_TIMESTAMP,
  `reference_code` varchar(40) NOT NULL DEFAULT ''
) ENGINE=InnoDB DEFAULT CHARSET=utf8;

--
-- Volcado de datos para la tabla `ospos_sales_payments`
--

INSERT INTO `ospos_sales_payments` (`payment_id`, `sale_id`, `payment_type`, `payment_amount`, `cash_refund`, `employee_id`, `payment_time`, `reference_code`) VALUES
(1, 3, 'Efectivo', '1.60', '0.00', 5, '2019-11-02 22:30:26', ''),
(2, 4, 'Efectivo', '5.00', '3.40', 5, '2019-11-02 22:43:09', ''),
(3, 5, 'Efectivo', '1.60', '0.00', 4, '2019-11-02 23:10:32', ''),
(4, 8, 'Efectivo', '1.50', '0.00', 5, '2019-11-07 00:04:00', ''),
(5, 9, 'Efectivo', '-1.50', '0.00', 5, '2019-11-07 00:06:06', ''),
(6, 10, 'Efectivo', '1.50', '0.00', 5, '2019-11-07 00:08:10', ''),
(7, 11, 'Efectivo', '-1.50', '0.00', 5, '2019-11-07 00:13:18', ''),
(8, 14, 'Efectivo', '1.99', '0.00', 5, '2019-11-07 21:06:45', ''),
(9, 15, 'Efectivo', '20.00', '10.91', 5, '2019-11-07 21:52:02', ''),
(10, 16, 'Efectivo', '20.00', '9.49', 5, '2019-11-07 23:01:05', ''),
(11, 17, 'Efectivo', '7.89', '0.00', 5, '2019-11-08 00:32:16', ''),
(13, 18, 'Efectivo', '9.99', '0.00', 5, '2019-11-08 15:16:28', ''),
(14, 19, 'Efectivo', '100.00', '70.02', 5, '2019-11-08 15:18:25', ''),
(15, 20, 'Efectivo', '20.00', '12.70', 5, '2019-11-08 15:36:06', ''),
(16, 21, 'Efectivo', '4.00', '0.50', 5, '2019-11-08 15:38:01', ''),
(17, 23, 'Efectivo', '10.00', '7.70', 5, '2019-11-08 16:16:48', ''),
(18, 24, 'Efectivo', '3.00', '0.50', 5, '2019-11-08 17:21:13', ''),
(19, 25, 'Efectivo', '10.00', '7.50', 5, '2019-11-08 17:58:47', ''),
(21, 26, 'Efectivo', '39.94', '0.00', 5, '2019-11-08 18:16:45', ''),
(23, 27, 'Deudado', '103.85', '0.00', 5, '2019-11-08 18:24:30', ''),
(24, 28, 'Efectivo', '-103.85', '0.00', 5, '2019-11-08 18:26:39', ''),
(25, 29, 'Deudado', '103.85', '0.00', 5, '2019-11-08 18:27:51', ''),
(26, 30, 'Efectivo', '20.00', '12.01', 5, '2019-11-08 18:31:56', ''),
(27, 31, 'Efectivo', '20.00', '12.01', 5, '2019-11-08 18:37:33', ''),
(28, 32, 'Efectivo', '2.00', '0.50', 5, '2019-11-08 20:20:18', ''),
(29, 33, 'Efectivo', '1.50', '0.00', 5, '2019-11-08 20:26:42', ''),
(30, 34, 'Efectivo', '7.99', '0.00', 5, '2019-11-08 20:44:49', ''),
(31, 35, 'Efectivo', '61.95', '0.00', 5, '2019-11-08 20:54:48', ''),
(32, 36, 'Efectivo', '5.00', '2.50', 5, '2019-11-08 21:12:02', ''),
(33, 37, 'Efectivo', '5.00', '3.30', 5, '2019-11-08 21:28:24', ''),
(34, 38, 'Efectivo', '4.99', '0.00', 5, '2019-11-08 21:33:26', ''),
(35, 39, 'Efectivo', '20.00', '13.20', 5, '2019-11-08 22:29:28', ''),
(36, 40, 'Efectivo', '10.00', '7.50', 5, '2019-11-08 23:47:33', ''),
(37, 41, 'Efectivo', '20.00', '15.14', 5, '2019-11-09 00:41:18', ''),
(38, 42, 'Efectivo', '10.00', '8.50', 5, '2019-11-09 00:56:18', ''),
(39, 44, 'Efectivo', '1.50', '0.00', 5, '2019-11-09 00:59:19', ''),
(40, 45, 'Tarjeta de Débito', '10.89', '0.00', 5, '2019-11-09 01:03:27', ''),
(41, 46, 'Efectivo', '3.00', '0.50', 5, '2019-11-09 01:35:55', ''),
(42, 47, 'Efectivo', '36.81', '0.00', 5, '2019-11-09 02:00:26', ''),
(43, 48, 'Efectivo', '24.49', '0.00', 5, '2019-11-09 02:09:53', ''),
(44, 49, 'Efectivo', '28.46', '0.00', 5, '2019-11-09 02:12:47', ''),
(45, 50, 'Efectivo', '2.01', '0.00', 5, '2019-11-09 02:23:28', ''),
(46, 51, 'Efectivo', '28.00', '0.00', 5, '2019-11-09 02:29:30', ''),
(47, 52, 'Efectivo', '21.98', '0.00', 5, '2019-11-09 02:38:21', ''),
(48, 53, 'Efectivo', '3.59', '0.00', 5, '2019-11-09 02:40:32', ''),
(49, 54, 'Efectivo', '24.50', '0.00', 5, '2019-11-09 02:43:41', ''),
(50, 55, 'Efectivo', '7.00', '0.00', 5, '2019-11-09 15:26:39', ''),
(51, 56, 'Efectivo', '20.00', '6.80', 5, '2019-11-09 15:53:53', ''),
(52, 57, 'Efectivo', '10.00', '1.50', 5, '2019-11-09 16:08:15', ''),
(53, 58, 'Efectivo', '9.60', '0.00', 5, '2019-11-09 17:01:27', ''),
(54, 59, 'Efectivo', '1.50', '0.00', 5, '2019-11-09 17:17:11', ''),
(55, 60, 'Efectivo', '0.80', '0.00', 5, '2019-11-09 17:29:48', ''),
(56, 61, 'Efectivo', '5.50', '0.30', 5, '2019-11-09 17:41:38', ''),
(57, 62, 'Efectivo', '4.99', '0.00', 5, '2019-11-09 17:51:46', ''),
(58, 63, 'Efectivo', '3.00', '0.00', 5, '2019-11-09 18:04:18', ''),
(59, 64, 'Efectivo', '5.00', '1.70', 5, '2019-11-09 18:21:43', ''),
(60, 65, 'Efectivo', '1.50', '0.00', 5, '2019-11-09 19:14:03', ''),
(61, 66, 'Efectivo', '1.99', '0.00', 5, '2019-11-09 19:42:54', ''),
(62, 67, 'Efectivo', '3.00', '0.00', 5, '2019-11-09 20:14:42', ''),
(63, 68, 'Efectivo', '20.00', '17.00', 5, '2019-11-09 20:20:13', ''),
(64, 69, 'Efectivo', '6.00', '0.00', 5, '2019-11-09 21:14:31', ''),
(65, 70, 'Efectivo', '7.50', '0.00', 5, '2019-11-09 21:21:50', ''),
(66, 72, 'Efectivo', '50.00', '46.01', 5, '2019-11-09 22:36:02', ''),
(67, 73, 'Tarjeta de Débito', '100.45', '0.00', 5, '2019-11-09 22:50:57', ''),
(68, 74, 'Efectivo', '7.00', '0.00', 5, '2019-11-09 22:53:45', ''),
(69, 75, 'Efectivo', '7.00', '0.00', 5, '2019-11-09 22:54:31', ''),
(70, 76, 'Efectivo', '7.00', '0.00', 5, '2019-11-09 22:54:59', ''),
(71, 77, 'Efectivo', '95.86', '0.00', 5, '2019-11-09 22:56:37', ''),
(72, 78, 'Tarjeta de Débito', '162.89', '0.00', 5, '2019-11-09 23:15:49', ''),
(73, 79, 'Efectivo', '99.97', '0.00', 5, '2019-11-09 23:18:00', ''),
(74, 80, 'Efectivo', '16.48', '0.00', 5, '2019-11-09 23:22:31', ''),
(75, 81, 'Efectivo', '13.99', '0.00', 5, '2019-11-09 23:33:38', ''),
(76, 82, 'Efectivo', '1.99', '0.00', 5, '2019-11-09 23:36:09', ''),
(77, 83, 'Efectivo', '2.50', '0.00', 5, '2019-11-09 23:39:34', ''),
(78, 84, 'Efectivo', '5.00', '1.50', 5, '2019-11-10 00:18:17', ''),
(79, 85, 'Efectivo', '29.97', '0.00', 5, '2019-11-10 00:37:55', ''),
(80, 86, 'Efectivo', '1.70', '0.00', 5, '2019-11-10 01:06:54', ''),
(81, 87, 'Tarjeta de Débito', '355.76', '0.00', 5, '2019-11-10 01:20:34', ''),
(82, 88, 'Tarjeta de Débito', '48.98', '0.00', 5, '2019-11-10 01:23:50', ''),
(83, 89, 'Efectivo', '41.98', '0.00', 5, '2019-11-10 01:25:00', ''),
(84, 90, 'Efectivo', '19.99', '0.00', 5, '2019-11-10 01:27:36', ''),
(87, 92, 'Efectivo', '5.98', '0.00', 12, '2019-11-10 15:14:12', ''),
(88, 93, 'Efectivo', '1.50', '0.00', 12, '2019-11-10 15:15:06', ''),
(89, 91, 'Efectivo', '20.31', '0.00', 12, '2019-11-10 15:17:46', ''),
(90, 96, 'Efectivo', '2.00', '0.00', 12, '2019-11-10 15:56:52', ''),
(91, 97, 'Efectivo', '1.50', '0.00', 12, '2019-11-10 16:28:39', ''),
(92, 98, 'Efectivo', '1.70', '0.00', 12, '2019-11-10 17:20:50', ''),
(93, 99, 'Efectivo', '10.00', '8.50', 12, '2019-11-10 17:50:30', ''),
(94, 100, 'Efectivo', '98.96', '0.00', 12, '2019-11-10 18:17:01', ''),
(95, 101, 'Efectivo', '29.98', '0.00', 12, '2019-11-10 19:15:32', ''),
(96, 102, 'Efectivo', '26.95', '0.00', 12, '2019-11-10 19:54:30', ''),
(97, 103, 'Efectivo', '38.97', '0.00', 12, '2019-11-10 20:22:39', ''),
(98, 104, 'Efectivo', '91.89', '0.00', 12, '2019-11-10 21:11:19', ''),
(99, 105, 'Efectivo', '12.00', '0.81', 12, '2019-11-10 23:14:45', ''),
(100, 106, 'Efectivo', '0.80', '0.00', 12, '2019-11-10 23:17:12', ''),
(101, 107, 'Efectivo', '10.00', '8.21', 12, '2019-11-10 23:47:17', ''),
(102, 108, 'Efectivo', '50.00', '48.30', 12, '2019-11-10 23:50:53', ''),
(103, 109, 'Efectivo', '1.00', '0.00', 12, '2019-11-11 15:33:47', ''),
(104, 110, 'Efectivo', '149.04', '0.00', 12, '2019-11-11 15:44:57', ''),
(105, 111, 'Efectivo', '56.00', '0.00', 12, '2019-11-11 16:40:03', ''),
(106, 112, 'Efectivo', '9.00', '0.00', 12, '2019-11-11 18:12:13', ''),
(107, 113, 'Efectivo', '7.99', '0.00', 12, '2019-11-11 18:16:08', ''),
(108, 114, 'Efectivo', '23.97', '0.00', 12, '2019-11-11 18:44:00', ''),
(109, 115, 'Efectivo', '3.00', '0.00', 12, '2019-11-11 18:45:08', ''),
(110, 116, 'Efectivo', '7.99', '0.00', 12, '2019-11-11 19:52:51', ''),
(111, 117, 'Efectivo', '2.50', '0.00', 12, '2019-11-11 19:53:38', ''),
(112, 118, 'Efectivo', '1.00', '0.00', 12, '2019-11-11 21:02:48', ''),
(113, 119, 'Efectivo', '32.97', '0.00', 12, '2019-11-11 21:21:46', ''),
(114, 120, 'Efectivo', '10.99', '0.00', 12, '2019-11-11 21:23:25', ''),
(115, 121, 'Efectivo', '7.99', '0.00', 12, '2019-11-11 21:23:51', ''),
(116, 122, 'Efectivo', '7.99', '0.00', 12, '2019-11-11 21:25:06', ''),
(117, 123, 'Efectivo', '7.99', '0.00', 12, '2019-11-11 21:25:54', ''),
(118, 124, 'Efectivo', '3.20', '0.00', 12, '2019-11-11 21:27:39', ''),
(119, 125, 'Efectivo', '6.20', '0.00', 12, '2019-11-11 21:28:47', ''),
(120, 126, 'Efectivo', '10.01', '0.00', 12, '2019-11-11 21:40:20', ''),
(121, 127, 'Efectivo', '0.70', '0.00', 12, '2019-11-11 21:41:54', ''),
(122, 128, 'Efectivo', '1.99', '0.00', 12, '2019-11-11 21:43:03', ''),
(123, 129, 'Efectivo', '5.00', '1.50', 5, '2019-11-11 22:33:46', ''),
(124, 130, 'Efectivo', '83.97', '0.00', 5, '2019-11-11 22:37:52', ''),
(125, 132, 'Efectivo', '6.50', '0.00', 5, '2019-11-11 22:57:09', ''),
(126, 131, 'Efectivo', '92.05', '0.00', 5, '2019-11-11 23:01:18', ''),
(127, 133, 'Efectivo', '5.00', '4.00', 5, '2019-11-11 23:14:08', ''),
(128, 135, 'Efectivo', '10.00', '4.90', 5, '2019-11-11 23:22:57', ''),
(129, 134, 'Efectivo', '100.00', '46.00', 5, '2019-11-11 23:31:22', ''),
(130, 136, 'Efectivo', '2.90', '0.11', 5, '2019-11-11 23:54:36', ''),
(131, 137, 'Efectivo', '3.00', '0.50', 5, '2019-11-12 00:26:27', ''),
(132, 138, 'Efectivo', '15.00', '0.00', 5, '2019-11-12 00:43:17', ''),
(133, 139, 'Efectivo', '20.00', '15.00', 5, '2019-11-12 01:33:32', ''),
(134, 140, 'Efectivo', '3.20', '0.00', 5, '2019-11-12 01:48:08', ''),
(135, 141, 'Efectivo', '17.89', '0.00', 5, '2019-11-12 03:24:11', ''),
(136, 142, 'Efectivo', '4.00', '0.00', 5, '2019-11-12 03:25:27', ''),
(137, 145, 'Efectivo', '2.00', '0.00', 5, '2019-11-12 04:09:15', ''),
(138, 144, 'Tarjeta de Débito', '31.52', '0.00', 5, '2019-11-12 04:10:39', ''),
(139, 143, 'Efectivo', '5.00', '0.51', 5, '2019-11-12 04:22:22', ''),
(140, 146, 'Efectivo', '0.70', '0.00', 5, '2019-11-12 04:42:20', ''),
(141, 147, 'Efectivo', '36.97', '0.00', 5, '2019-11-12 04:54:57', ''),
(142, 148, 'Efectivo', '5.00', '1.80', 12, '2019-11-12 07:06:55', ''),
(143, 149, 'Efectivo', '1.70', '0.00', 12, '2019-11-12 08:34:56', ''),
(144, 150, 'Efectivo', '2.50', '0.00', 12, '2019-11-12 10:30:13', ''),
(145, 151, 'Efectivo', '5.99', '0.00', 12, '2019-11-12 11:24:49', ''),
(146, 152, 'Efectivo', '26.99', '0.00', 12, '2019-11-12 12:34:27', ''),
(147, 153, 'Efectivo', '1.50', '0.00', 12, '2019-11-12 12:37:45', ''),
(148, 154, 'Efectivo', '7.99', '0.00', 5, '2019-11-12 13:44:52', ''),
(149, 155, 'Efectivo', '20.48', '0.00', 5, '2019-11-12 14:55:22', ''),
(150, 156, 'Efectivo', '3.99', '0.00', 5, '2019-11-12 15:05:12', ''),
(151, 157, 'Efectivo', '10.00', '4.50', 5, '2019-11-12 15:50:10', ''),
(152, 158, 'Efectivo', '4.78', '0.00', 5, '2019-11-12 16:03:56', ''),
(153, 159, 'Efectivo', '5.00', '1.50', 5, '2019-11-12 16:10:02', ''),
(154, 160, 'Efectivo', '5.00', '0.00', 5, '2019-11-12 16:17:34', ''),
(155, 161, 'Efectivo', '2.00', '1.00', 5, '2019-11-12 16:55:46', ''),
(156, 162, 'Efectivo', '50.00', '48.50', 5, '2019-11-12 17:02:45', ''),
(157, 163, 'Efectivo', '2.01', '0.00', 5, '2019-11-12 17:38:20', ''),
(158, 164, 'Efectivo', '10.00', '2.01', 5, '2019-11-12 17:53:44', ''),
(159, 165, 'Efectivo', '7.99', '0.00', 5, '2019-11-12 17:58:49', ''),
(160, 166, 'Efectivo', '10.00', '7.00', 5, '2019-11-12 18:59:11', ''),
(161, 168, 'Efectivo', '1.50', '0.00', 5, '2019-11-12 19:24:30', ''),
(162, 167, 'Efectivo', '25.99', '0.00', 5, '2019-11-12 19:25:30', ''),
(163, 169, 'Efectivo', '20.00', '4.02', 5, '2019-11-12 19:40:17', ''),
(164, 170, 'Efectivo', '3.00', '0.81', 5, '2019-11-12 19:45:55', ''),
(165, 171, 'Efectivo', '44.99', '0.00', 5, '2019-11-12 19:54:43', ''),
(167, 173, 'Efectivo', '2.00', '0.00', 5, '2019-11-12 20:17:35', ''),
(169, 174, 'Efectivo', '4.50', '0.00', 5, '2019-11-12 20:17:55', ''),
(170, 172, 'Efectivo', '2.00', '1.20', 5, '2019-11-12 20:18:40', ''),
(171, 175, 'Efectivo', '2.60', '0.00', 5, '2019-11-12 20:20:17', ''),
(172, 176, 'Efectivo', '15.98', '0.00', 5, '2019-11-12 20:21:05', ''),
(173, 177, 'Efectivo', '58.00', '0.00', 5, '2019-11-12 20:31:01', ''),
(174, 179, 'Efectivo', '10.00', '8.50', 5, '2019-11-12 21:18:10', ''),
(175, 180, 'Efectivo', '7.99', '0.00', 5, '2019-11-12 21:32:35', ''),
(176, 181, 'Efectivo', '5.00', '1.01', 5, '2019-11-12 22:08:40', ''),
(177, 182, 'Efectivo', '5.00', '0.50', 5, '2019-11-12 22:12:32', ''),
(178, 184, 'Efectivo', '4.81', '0.00', 5, '2019-11-12 23:39:12', ''),
(179, 183, 'Efectivo', '1.50', '0.00', 5, '2019-11-13 00:42:33', ''),
(180, 185, 'Efectivo', '4.00', '0.00', 5, '2019-11-13 00:45:56', ''),
(181, 186, 'Efectivo', '20.50', '0.00', 5, '2019-11-13 00:49:09', ''),
(182, 187, 'Efectivo', '5.00', '1.39', 5, '2019-11-13 00:50:55', ''),
(183, 188, 'Efectivo', '29.98', '0.00', 5, '2019-11-13 00:52:49', ''),
(184, 189, 'Efectivo', '28.00', '0.00', 5, '2019-11-13 00:58:37', ''),
(185, 190, 'Efectivo', '35.01', '0.00', 5, '2019-11-13 01:04:20', ''),
(186, 191, 'Efectivo', '4.49', '0.00', 12, '2019-11-13 06:38:28', ''),
(187, 192, 'Efectivo', '10.91', '0.00', 12, '2019-11-13 06:43:52', ''),
(188, 193, 'Efectivo', '19.46', '0.00', 12, '2019-11-13 06:52:45', ''),
(189, 194, 'Efectivo', '16.99', '0.00', 12, '2019-11-13 07:00:25', ''),
(190, 195, 'Efectivo', '4.99', '0.00', 12, '2019-11-13 07:26:11', ''),
(191, 196, 'Efectivo', '21.99', '0.00', 12, '2019-11-13 07:29:00', ''),
(192, 197, 'Efectivo', '64.01', '0.00', 12, '2019-11-13 07:30:27', ''),
(193, 198, 'Efectivo', '5.00', '0.00', 12, '2019-11-13 07:30:54', ''),
(194, 199, 'Efectivo', '41.99', '0.00', 12, '2019-11-13 07:31:55', ''),
(195, 200, 'Tarjeta de Débito', '5.50', '0.00', 12, '2019-11-13 07:33:03', ''),
(196, 201, 'Efectivo', '0.30', '0.00', 12, '2019-11-13 11:07:54', ''),
(197, 202, 'Efectivo', '0.80', '0.00', 12, '2019-11-13 12:07:30', ''),
(198, 203, 'Efectivo', '1.00', '0.00', 12, '2019-11-13 12:57:30', ''),
(199, 205, 'Efectivo', '2.00', '0.20', 5, '2019-11-13 14:10:29', ''),
(200, 207, 'Efectivo', '10.89', '0.00', 5, '2019-11-13 14:17:41', ''),
(201, 206, 'Efectivo', '277.98', '0.00', 5, '2019-11-13 14:20:58', ''),
(202, 208, 'Efectivo', '2.00', '1.00', 5, '2019-11-13 15:23:56', ''),
(203, 210, 'Efectivo', '69.00', '0.00', 5, '2019-11-13 15:40:03', ''),
(205, 211, 'Efectivo', '20.00', '14.51', 5, '2019-11-13 15:56:53', ''),
(206, 212, 'Efectivo', '5.00', '0.00', 5, '2019-11-13 16:22:28', ''),
(207, 213, 'Efectivo', '1.19', '0.00', 5, '2019-11-13 16:24:15', ''),
(208, 214, 'Efectivo', '1.50', '0.00', 5, '2019-11-13 16:28:30', ''),
(209, 215, 'Efectivo', '10.00', '3.00', 5, '2019-11-13 16:47:42', ''),
(210, 216, 'Efectivo', '2.00', '0.20', 5, '2019-11-13 17:08:00', ''),
(211, 217, 'Efectivo', '1.00', '0.00', 5, '2019-11-13 17:37:26', ''),
(212, 218, 'Efectivo', '10.00', '2.01', 5, '2019-11-13 17:41:36', ''),
(213, 219, 'Efectivo', '2.99', '0.00', 5, '2019-11-13 18:46:41', ''),
(214, 220, 'Efectivo', '5.00', '1.51', 5, '2019-11-13 18:48:07', ''),
(215, 221, 'Efectivo', '2.50', '0.00', 5, '2019-11-13 19:09:30', ''),
(216, 222, 'Efectivo', '2.50', '0.00', 5, '2019-11-13 19:38:38', '');

-- --------------------------------------------------------

--
-- Estructura de tabla para la tabla `ospos_sales_reward_points`
--

DROP TABLE IF EXISTS `ospos_sales_reward_points`;
CREATE TABLE `ospos_sales_reward_points` (
  `id` int(11) NOT NULL,
  `sale_id` int(11) NOT NULL,
  `earned` float NOT NULL,
  `used` float NOT NULL
) ENGINE=InnoDB DEFAULT CHARSET=utf8;

-- --------------------------------------------------------

--
-- Estructura de tabla para la tabla `ospos_sales_taxes`
--

DROP TABLE IF EXISTS `ospos_sales_taxes`;
CREATE TABLE `ospos_sales_taxes` (
  `sales_taxes_id` int(11) NOT NULL,
  `sale_id` int(10) NOT NULL,
  `jurisdiction_id` int(11) DEFAULT NULL,
  `tax_category_id` int(11) DEFAULT NULL,
  `tax_type` smallint(2) NOT NULL,
  `tax_group` varchar(32) NOT NULL,
  `sale_tax_basis` decimal(15,4) NOT NULL,
  `sale_tax_amount` decimal(15,4) NOT NULL,
  `print_sequence` tinyint(2) NOT NULL DEFAULT '0',
  `name` varchar(255) NOT NULL,
  `tax_rate` decimal(15,4) NOT NULL,
  `sales_tax_code_id` int(11) DEFAULT NULL,
  `rounding_code` tinyint(2) NOT NULL DEFAULT '0'
) ENGINE=InnoDB DEFAULT CHARSET=utf8;

--
-- Volcado de datos para la tabla `ospos_sales_taxes`
--

INSERT INTO `ospos_sales_taxes` (`sales_taxes_id`, `sale_id`, `jurisdiction_id`, `tax_category_id`, `tax_type`, `tax_group`, `sale_tax_basis`, `sale_tax_amount`, `print_sequence`, `name`, `tax_rate`, `sales_tax_code_id`, `rounding_code`) VALUES
(1, 3, NULL, NULL, 1, 'IGV', '1.3000', '0.2300', 1, 'IGV', '18.0000', NULL, 1),
(2, 3, NULL, NULL, 1, 'VISA', '1.3000', '0.0700', 3, 'VISA', '5.0000', NULL, 1),
(3, 4, NULL, NULL, 1, 'IGV', '1.3000', '0.2300', 1, 'IGV', '18.0000', NULL, 1),
(4, 4, NULL, NULL, 1, 'VISA', '1.3000', '0.0700', 3, 'VISA', '5.0000', NULL, 1),
(5, 5, NULL, NULL, 1, 'IGV', '1.3000', '0.2300', 1, 'IGV', '18.0000', NULL, 1),
(6, 5, NULL, NULL, 1, 'VISA', '1.3000', '0.0700', 3, 'VISA', '5.0000', NULL, 1),
(7, 8, NULL, NULL, 1, 'IGV', '1.2700', '0.2300', 1, 'IGV', '18.0000', NULL, 1),
(8, 9, NULL, NULL, 1, 'IGV', '-1.2700', '-0.2300', 1, 'IGV', '18.0000', NULL, 1),
(9, 10, NULL, NULL, 1, 'IGV', '1.2700', '0.2300', 1, 'IGV', '18.0000', NULL, 1),
(10, 11, NULL, NULL, 1, 'IGV', '-1.2700', '-0.2300', 1, 'IGV', '18.0000', NULL, 1),
(11, 14, NULL, NULL, 1, 'IGV', '1.6900', '0.3000', 1, 'IGV', '18.0000', NULL, 1),
(12, 15, NULL, NULL, 1, 'IGV', '7.7100', '1.3800', 1, 'IGV', '18.0000', NULL, 1),
(13, 16, NULL, NULL, 1, 'IGV', '8.9100', '1.6000', 1, 'IGV', '18.0000', NULL, 1),
(14, 17, NULL, NULL, 1, 'IGV', '6.6900', '1.2000', 1, 'IGV', '18.0000', NULL, 1),
(15, 18, NULL, NULL, 1, 'IGV', '8.4700', '1.5200', 1, 'IGV', '18.0000', NULL, 1),
(16, 19, NULL, NULL, 1, 'IGV', '25.4100', '4.5700', 1, 'IGV', '18.0000', NULL, 1),
(17, 20, NULL, NULL, 1, 'IGV', '6.1900', '1.1100', 1, 'IGV', '18.0000', NULL, 1),
(18, 21, NULL, NULL, 1, 'IGV', '2.9700', '0.5300', 1, 'IGV', '18.0000', NULL, 1),
(19, 23, NULL, NULL, 1, 'IGV', '1.9500', '0.3500', 1, 'IGV', '18.0000', NULL, 1),
(20, 24, NULL, NULL, 1, 'IGV', '2.1200', '0.3800', 1, 'IGV', '18.0000', NULL, 1),
(21, 25, NULL, NULL, 1, 'IGV', '2.1200', '0.3800', 1, 'IGV', '18.0000', NULL, 1),
(22, 26, NULL, NULL, 1, 'IGV', '33.8500', '6.0900', 1, 'IGV', '18.0000', NULL, 1),
(23, 27, NULL, NULL, 1, 'IGV', '88.0100', '15.8400', 1, 'IGV', '18.0000', NULL, 1),
(24, 28, NULL, NULL, 1, 'IGV', '-88.0100', '-15.8400', 1, 'IGV', '18.0000', NULL, 1),
(25, 30, NULL, NULL, 1, 'IGV', '6.7700', '1.2200', 1, 'IGV', '18.0000', NULL, 1),
(26, 31, NULL, NULL, 1, 'IGV', '6.7700', '1.2200', 1, 'IGV', '18.0000', NULL, 1),
(27, 32, NULL, NULL, 1, 'IGV', '1.2700', '0.2300', 1, 'IGV', '18.0000', NULL, 1),
(28, 33, NULL, NULL, 1, 'IGV', '1.2700', '0.2300', 1, 'IGV', '18.0000', NULL, 1),
(29, 34, NULL, NULL, 1, 'IGV', '6.7700', '1.2200', 1, 'IGV', '18.0000', NULL, 1),
(30, 35, NULL, NULL, 1, 'IGV', '52.5000', '9.4500', 1, 'IGV', '18.0000', NULL, 1),
(31, 36, NULL, NULL, 1, 'IGV', '2.1200', '0.3800', 1, 'IGV', '18.0000', NULL, 1),
(32, 37, NULL, NULL, 1, 'IGV', '1.4400', '0.2600', 1, 'IGV', '18.0000', NULL, 1),
(33, 38, NULL, NULL, 1, 'IGV', '4.2300', '0.7600', 1, 'IGV', '18.0000', NULL, 1),
(34, 39, NULL, NULL, 1, 'IGV', '5.7600', '1.0400', 1, 'IGV', '18.0000', NULL, 1),
(35, 40, NULL, NULL, 1, 'IGV', '2.1200', '0.3800', 1, 'IGV', '18.0000', NULL, 1),
(36, 41, NULL, NULL, 1, 'IGV', '4.1200', '0.7400', 1, 'IGV', '18.0000', NULL, 1),
(37, 42, NULL, NULL, 1, 'IGV', '1.2700', '0.2300', 1, 'IGV', '18.0000', NULL, 1),
(38, 44, NULL, NULL, 1, 'IGV', '1.2700', '0.2300', 1, 'IGV', '18.0000', NULL, 1),
(39, 45, NULL, NULL, 1, 'IGV', '9.2300', '1.6600', 1, 'IGV', '18.0000', NULL, 1),
(40, 46, NULL, NULL, 1, 'IGV', '2.1200', '0.3800', 1, 'IGV', '18.0000', NULL, 1),
(41, 47, NULL, NULL, 1, 'IGV', '31.2000', '5.6100', 1, 'IGV', '18.0000', NULL, 1),
(42, 48, NULL, NULL, 1, 'IGV', '20.7500', '3.7400', 1, 'IGV', '18.0000', NULL, 1),
(43, 49, NULL, NULL, 1, 'IGV', '24.1200', '4.3400', 1, 'IGV', '18.0000', NULL, 1),
(44, 50, NULL, NULL, 1, 'IGV', '1.7000', '0.3100', 1, 'IGV', '18.0000', NULL, 1),
(45, 51, NULL, NULL, 1, 'IGV', '23.7300', '4.2700', 1, 'IGV', '18.0000', NULL, 1),
(46, 52, NULL, NULL, 1, 'IGV', '18.6300', '3.3500', 1, 'IGV', '18.0000', NULL, 1),
(47, 53, NULL, NULL, 1, 'IGV', '3.0500', '0.5400', 1, 'IGV', '18.0000', NULL, 1),
(48, 54, NULL, NULL, 1, 'IGV', '20.7600', '3.7400', 1, 'IGV', '18.0000', NULL, 1),
(49, 55, NULL, NULL, 1, 'IGV', '5.9400', '1.0600', 1, 'IGV', '18.0000', NULL, 1),
(50, 56, NULL, NULL, 1, 'IGV', '11.1900', '2.0100', 1, 'IGV', '18.0000', NULL, 1),
(51, 57, NULL, NULL, 1, 'IGV', '7.2100', '1.2900', 1, 'IGV', '18.0000', NULL, 1),
(52, 58, NULL, NULL, 1, 'IGV', '8.1400', '1.4600', 1, 'IGV', '18.0000', NULL, 1),
(53, 59, NULL, NULL, 1, 'IGV', '1.2700', '0.2300', 1, 'IGV', '18.0000', NULL, 1),
(54, 60, NULL, NULL, 1, 'IGV', '0.6800', '0.1200', 1, 'IGV', '18.0000', NULL, 1),
(55, 61, NULL, NULL, 1, 'IGV', '4.4100', '0.7900', 1, 'IGV', '18.0000', NULL, 1),
(56, 62, NULL, NULL, 1, 'IGV', '4.2300', '0.7600', 1, 'IGV', '18.0000', NULL, 1),
(57, 63, NULL, NULL, 1, 'IGV', '2.5400', '0.4600', 1, 'IGV', '18.0000', NULL, 1),
(58, 64, NULL, NULL, 1, 'IGV', '2.8000', '0.5000', 1, 'IGV', '18.0000', NULL, 1),
(59, 65, NULL, NULL, 1, 'IGV', '1.2700', '0.2300', 1, 'IGV', '18.0000', NULL, 1),
(60, 66, NULL, NULL, 1, 'IGV', '1.6900', '0.3000', 1, 'IGV', '18.0000', NULL, 1),
(61, 67, NULL, NULL, 1, 'IGV', '2.5400', '0.4600', 1, 'IGV', '18.0000', NULL, 1),
(62, 68, NULL, NULL, 1, 'IGV', '2.5400', '0.4600', 1, 'IGV', '18.0000', NULL, 1),
(63, 69, NULL, NULL, 1, 'IGV', '5.0800', '0.9200', 1, 'IGV', '18.0000', NULL, 1),
(64, 70, NULL, NULL, 1, 'IGV', '6.3600', '1.1400', 1, 'IGV', '18.0000', NULL, 1),
(65, 72, NULL, NULL, 1, 'IGV', '3.3800', '0.6100', 1, 'IGV', '18.0000', NULL, 1),
(66, 73, NULL, NULL, 1, 'IGV', '85.1300', '15.3200', 1, 'IGV', '18.0000', NULL, 1),
(67, 74, NULL, NULL, 1, 'IGV', '5.9300', '1.0700', 1, 'IGV', '18.0000', NULL, 1),
(68, 75, NULL, NULL, 1, 'IGV', '5.9300', '1.0700', 1, 'IGV', '18.0000', NULL, 1),
(69, 76, NULL, NULL, 1, 'IGV', '5.9300', '1.0700', 1, 'IGV', '18.0000', NULL, 1),
(70, 77, NULL, NULL, 1, 'IGV', '81.2400', '14.6200', 1, 'IGV', '18.0000', NULL, 1),
(71, 78, NULL, NULL, 1, 'IGV', '138.0400', '24.8500', 1, 'IGV', '18.0000', NULL, 1),
(72, 79, NULL, NULL, 1, 'IGV', '84.7200', '15.2500', 1, 'IGV', '18.0000', NULL, 1),
(73, 80, NULL, NULL, 1, 'IGV', '13.9700', '2.5100', 1, 'IGV', '18.0000', NULL, 1),
(74, 81, NULL, NULL, 1, 'IGV', '11.8600', '2.1300', 1, 'IGV', '18.0000', NULL, 1),
(75, 82, NULL, NULL, 1, 'IGV', '1.6900', '0.3000', 1, 'IGV', '18.0000', NULL, 1),
(76, 83, NULL, NULL, 1, 'IGV', '2.1200', '0.3800', 1, 'IGV', '18.0000', NULL, 1),
(77, 84, NULL, NULL, 1, 'IGV', '2.9700', '0.5300', 1, 'IGV', '18.0000', NULL, 1),
(78, 85, NULL, NULL, 1, 'IGV', '25.3900', '4.5800', 1, 'IGV', '18.0000', NULL, 1),
(79, 86, NULL, NULL, 1, 'IGV', '1.4400', '0.2600', 1, 'IGV', '18.0000', NULL, 1),
(80, 87, NULL, NULL, 1, 'IGV', '301.4800', '54.2800', 1, 'IGV', '18.0000', NULL, 1),
(81, 88, NULL, NULL, 1, 'IGV', '41.5100', '7.4700', 1, 'IGV', '18.0000', NULL, 1),
(82, 89, NULL, NULL, 1, 'IGV', '35.5800', '6.4000', 1, 'IGV', '18.0000', NULL, 1),
(83, 90, NULL, NULL, 1, 'IGV', '16.9400', '3.0500', 1, 'IGV', '18.0000', NULL, 1),
(84, 92, NULL, NULL, 1, 'IGV', '5.0700', '0.9100', 1, 'IGV', '18.0000', NULL, 1),
(85, 93, NULL, NULL, 1, 'IGV', '1.2700', '0.2300', 1, 'IGV', '18.0000', NULL, 1),
(86, 91, NULL, NULL, 1, 'IGV', '17.2100', '3.1000', 1, 'IGV', '18.0000', NULL, 1),
(87, 96, NULL, NULL, 1, 'IGV', '1.7000', '0.3000', 1, 'IGV', '18.0000', NULL, 1),
(88, 97, NULL, NULL, 1, 'IGV', '1.2700', '0.2300', 1, 'IGV', '18.0000', NULL, 1),
(89, 98, NULL, NULL, 1, 'IGV', '1.4400', '0.2600', 1, 'IGV', '18.0000', NULL, 1),
(90, 99, NULL, NULL, 1, 'IGV', '1.2700', '0.2300', 1, 'IGV', '18.0000', NULL, 1),
(91, 100, NULL, NULL, 1, 'IGV', '83.8600', '15.1000', 1, 'IGV', '18.0000', NULL, 1),
(92, 101, NULL, NULL, 1, 'IGV', '25.4100', '4.5700', 1, 'IGV', '18.0000', NULL, 1),
(93, 102, NULL, NULL, 1, 'IGV', '22.8400', '4.1100', 1, 'IGV', '18.0000', NULL, 1),
(94, 103, NULL, NULL, 1, 'IGV', '33.0300', '5.9400', 1, 'IGV', '18.0000', NULL, 1),
(95, 104, NULL, NULL, 1, 'IGV', '77.8800', '14.0100', 1, 'IGV', '18.0000', NULL, 1),
(96, 105, NULL, NULL, 1, 'IGV', '9.4900', '1.7000', 1, 'IGV', '18.0000', NULL, 1),
(97, 106, NULL, NULL, 1, 'IGV', '0.6800', '0.1200', 1, 'IGV', '18.0000', NULL, 1),
(98, 107, NULL, NULL, 1, 'IGV', '1.5200', '0.2700', 1, 'IGV', '18.0000', NULL, 1),
(99, 108, NULL, NULL, 1, 'IGV', '1.4400', '0.2600', 1, 'IGV', '18.0000', NULL, 1),
(100, 109, NULL, NULL, 1, 'IGV', '0.8500', '0.1500', 1, 'IGV', '18.0000', NULL, 1),
(101, 110, NULL, NULL, 1, 'IGV', '126.3100', '22.7300', 1, 'IGV', '18.0000', NULL, 1),
(102, 111, NULL, NULL, 1, 'IGV', '47.4600', '8.5400', 1, 'IGV', '18.0000', NULL, 1),
(103, 112, NULL, NULL, 1, 'IGV', '7.6300', '1.3700', 1, 'IGV', '18.0000', NULL, 1),
(104, 113, NULL, NULL, 1, 'IGV', '6.7700', '1.2200', 1, 'IGV', '18.0000', NULL, 1),
(105, 114, NULL, NULL, 1, 'IGV', '20.3100', '3.6600', 1, 'IGV', '18.0000', NULL, 1),
(106, 115, NULL, NULL, 1, 'IGV', '2.5400', '0.4600', 1, 'IGV', '18.0000', NULL, 1),
(107, 116, NULL, NULL, 1, 'IGV', '6.7700', '1.2200', 1, 'IGV', '18.0000', NULL, 1),
(108, 117, NULL, NULL, 1, 'IGV', '2.1200', '0.3800', 1, 'IGV', '18.0000', NULL, 1),
(109, 118, NULL, NULL, 1, 'IGV', '0.8500', '0.1500', 1, 'IGV', '18.0000', NULL, 1),
(110, 119, NULL, NULL, 1, 'IGV', '27.9400', '5.0300', 1, 'IGV', '18.0000', NULL, 1),
(111, 120, NULL, NULL, 1, 'IGV', '9.3100', '1.6800', 1, 'IGV', '18.0000', NULL, 1),
(112, 121, NULL, NULL, 1, 'IGV', '6.7700', '1.2200', 1, 'IGV', '18.0000', NULL, 1),
(113, 122, NULL, NULL, 1, 'IGV', '6.7700', '1.2200', 1, 'IGV', '18.0000', NULL, 1),
(114, 123, NULL, NULL, 1, 'IGV', '6.7700', '1.2200', 1, 'IGV', '18.0000', NULL, 1),
(115, 124, NULL, NULL, 1, 'IGV', '2.7200', '0.4800', 1, 'IGV', '18.0000', NULL, 1),
(116, 125, NULL, NULL, 1, 'IGV', '5.2500', '0.9500', 1, 'IGV', '18.0000', NULL, 1),
(117, 126, NULL, NULL, 1, 'IGV', '8.4800', '1.5300', 1, 'IGV', '18.0000', NULL, 1),
(118, 127, NULL, NULL, 1, 'IGV', '0.5900', '0.1100', 1, 'IGV', '18.0000', NULL, 1),
(119, 128, NULL, NULL, 1, 'IGV', '1.6900', '0.3000', 1, 'IGV', '18.0000', NULL, 1),
(120, 129, NULL, NULL, 1, 'IGV', '2.9700', '0.5300', 1, 'IGV', '18.0000', NULL, 1),
(121, 130, NULL, NULL, 1, 'IGV', '71.1500', '12.8200', 1, 'IGV', '18.0000', NULL, 1),
(122, 132, NULL, NULL, 1, 'IGV', '5.5100', '0.9900', 1, 'IGV', '18.0000', NULL, 1),
(123, 131, NULL, NULL, 1, 'IGV', '78.0100', '14.0400', 1, 'IGV', '18.0000', NULL, 1),
(124, 133, NULL, NULL, 1, 'IGV', '0.8500', '0.1500', 1, 'IGV', '18.0000', NULL, 1),
(125, 135, NULL, NULL, 1, 'IGV', '4.3300', '0.7700', 1, 'IGV', '18.0000', NULL, 1),
(126, 134, NULL, NULL, 1, 'IGV', '45.7600', '8.2400', 1, 'IGV', '18.0000', NULL, 1),
(127, 136, NULL, NULL, 1, 'IGV', '2.3700', '0.4200', 1, 'IGV', '18.0000', NULL, 1),
(128, 137, NULL, NULL, 1, 'IGV', '2.1200', '0.3800', 1, 'IGV', '18.0000', NULL, 1),
(129, 138, NULL, NULL, 1, 'IGV', '12.7100', '2.2900', 1, 'IGV', '18.0000', NULL, 1),
(130, 139, NULL, NULL, 1, 'IGV', '4.2400', '0.7600', 1, 'IGV', '18.0000', NULL, 1),
(131, 140, NULL, NULL, 1, 'IGV', '2.7100', '0.4900', 1, 'IGV', '18.0000', NULL, 1),
(132, 141, NULL, NULL, 1, 'IGV', '15.1700', '2.7200', 1, 'IGV', '18.0000', NULL, 1),
(133, 142, NULL, NULL, 1, 'IGV', '3.3900', '0.6100', 1, 'IGV', '18.0000', NULL, 1),
(134, 145, NULL, NULL, 1, 'IGV', '1.0200', '0.1800', 1, 'IGV', '18.0000', NULL, 1),
(135, 145, NULL, NULL, 1, 'igv', '0.6800', '0.1200', 1, 'igv', '18.0000', NULL, 1),
(136, 144, NULL, NULL, 1, 'IGV', '26.7100', '4.8100', 1, 'IGV', '18.0000', NULL, 1),
(137, 143, NULL, NULL, 1, 'IGV', '3.8100', '0.6800', 1, 'IGV', '18.0000', NULL, 1),
(138, 146, NULL, NULL, 1, 'IGV', '0.5900', '0.1100', 1, 'IGV', '18.0000', NULL, 1),
(139, 147, NULL, NULL, 1, 'IGV', '31.3300', '5.6400', 1, 'IGV', '18.0000', NULL, 1),
(140, 148, NULL, NULL, 1, 'IGV', '2.7100', '0.4900', 1, 'IGV', '18.0000', NULL, 1),
(141, 149, NULL, NULL, 1, 'IGV', '1.4400', '0.2600', 1, 'IGV', '18.0000', NULL, 1),
(142, 150, NULL, NULL, 1, 'IGV', '2.1200', '0.3800', 1, 'IGV', '18.0000', NULL, 1),
(143, 151, NULL, NULL, 1, 'IGV', '5.0800', '0.9100', 1, 'IGV', '18.0000', NULL, 1),
(144, 152, NULL, NULL, 1, 'IGV', '22.8800', '4.1100', 1, 'IGV', '18.0000', NULL, 1),
(145, 153, NULL, NULL, 1, 'IGV', '1.2700', '0.2300', 1, 'IGV', '18.0000', NULL, 1),
(146, 154, NULL, NULL, 1, 'IGV', '6.7700', '1.2200', 1, 'IGV', '18.0000', NULL, 1),
(147, 155, NULL, NULL, 1, 'IGV', '17.3700', '3.1100', 1, 'IGV', '18.0000', NULL, 1),
(148, 156, NULL, NULL, 1, 'IGV', '3.3800', '0.6100', 1, 'IGV', '18.0000', NULL, 1),
(149, 157, NULL, NULL, 1, 'IGV', '4.6600', '0.8400', 1, 'IGV', '18.0000', NULL, 1),
(150, 158, NULL, NULL, 1, 'IGV', '4.0600', '0.7200', 1, 'IGV', '18.0000', NULL, 1),
(151, 159, NULL, NULL, 1, 'IGV', '2.9700', '0.5300', 1, 'IGV', '18.0000', NULL, 1),
(152, 160, NULL, NULL, 1, 'IGV', '4.2400', '0.7600', 1, 'IGV', '18.0000', NULL, 1),
(153, 161, NULL, NULL, 1, 'IGV', '0.8500', '0.1500', 1, 'IGV', '18.0000', NULL, 1),
(154, 162, NULL, NULL, 1, 'IGV', '1.2700', '0.2300', 1, 'IGV', '18.0000', NULL, 1),
(155, 163, NULL, NULL, 1, 'IGV', '1.7000', '0.3100', 1, 'IGV', '18.0000', NULL, 1),
(156, 164, NULL, NULL, 1, 'IGV', '6.7700', '1.2200', 1, 'IGV', '18.0000', NULL, 1),
(157, 165, NULL, NULL, 1, 'IGV', '6.7700', '1.2200', 1, 'IGV', '18.0000', NULL, 1),
(158, 166, NULL, NULL, 1, 'IGV', '2.5400', '0.4600', 1, 'IGV', '18.0000', NULL, 1),
(159, 168, NULL, NULL, 1, 'IGV', '1.2700', '0.2300', 1, 'IGV', '18.0000', NULL, 1),
(160, 167, NULL, NULL, 1, 'IGV', '22.0200', '3.9700', 1, 'IGV', '18.0000', NULL, 1),
(161, 169, NULL, NULL, 1, 'IGV', '13.5400', '2.4400', 1, 'IGV', '18.0000', NULL, 1),
(162, 170, NULL, NULL, 1, 'IGV', '1.8600', '0.3300', 1, 'IGV', '18.0000', NULL, 1),
(163, 171, NULL, NULL, 1, 'IGV', '38.1300', '6.8600', 1, 'IGV', '18.0000', NULL, 1),
(164, 174, NULL, NULL, 1, 'IGV', '3.8100', '0.6900', 1, 'IGV', '18.0000', NULL, 1),
(165, 172, NULL, NULL, 1, 'IGV', '0.6800', '0.1200', 1, 'IGV', '18.0000', NULL, 1),
(166, 175, NULL, NULL, 1, 'IGV', '2.2100', '0.3900', 1, 'IGV', '18.0000', NULL, 1),
(167, 176, NULL, NULL, 1, 'IGV', '13.5400', '2.4400', 1, 'IGV', '18.0000', NULL, 1),
(168, 177, NULL, NULL, 1, 'IGV', '49.1500', '8.8500', 1, 'IGV', '18.0000', NULL, 1),
(169, 179, NULL, NULL, 1, 'IGV', '1.2700', '0.2300', 1, 'IGV', '18.0000', NULL, 1),
(170, 180, NULL, NULL, 1, 'IGV', '6.7700', '1.2200', 1, 'IGV', '18.0000', NULL, 1),
(171, 181, NULL, NULL, 1, 'IGV', '3.3800', '0.6100', 1, 'IGV', '18.0000', NULL, 1),
(172, 182, NULL, NULL, 1, 'IGV', '3.8100', '0.6900', 1, 'IGV', '18.0000', NULL, 1),
(173, 184, NULL, NULL, 1, 'IGV', '4.0800', '0.7300', 1, 'IGV', '18.0000', NULL, 1),
(174, 183, NULL, NULL, 1, 'IGV', '1.2700', '0.2300', 1, 'IGV', '18.0000', NULL, 1),
(175, 185, NULL, NULL, 1, 'IGV', '3.3900', '0.6100', 1, 'IGV', '18.0000', NULL, 1),
(176, 186, NULL, NULL, 1, 'IGV', '17.3700', '3.1300', 1, 'IGV', '18.0000', NULL, 1),
(177, 187, NULL, NULL, 1, 'IGV', '3.0600', '0.5500', 1, 'IGV', '18.0000', NULL, 1),
(178, 188, NULL, NULL, 1, 'IGV', '25.4100', '4.5700', 1, 'IGV', '18.0000', NULL, 1),
(179, 189, NULL, NULL, 1, 'IGV', '23.7300', '4.2700', 1, 'IGV', '18.0000', NULL, 1),
(180, 190, NULL, NULL, 1, 'IGV', '29.6700', '5.3400', 1, 'IGV', '18.0000', NULL, 1),
(181, 191, NULL, NULL, 1, 'IGV', '3.8100', '0.6800', 1, 'IGV', '18.0000', NULL, 1),
(182, 192, NULL, NULL, 1, 'IGV', '7.9700', '1.4400', 1, 'IGV', '18.0000', NULL, 1),
(183, 192, NULL, NULL, 1, 'igv', '1.2700', '0.2300', 1, 'igv', '18.0000', NULL, 1),
(184, 193, NULL, NULL, 1, 'IGV', '16.4900', '2.9700', 1, 'IGV', '18.0000', NULL, 1),
(185, 194, NULL, NULL, 1, 'IGV', '14.4000', '2.5900', 1, 'IGV', '18.0000', NULL, 1),
(186, 195, NULL, NULL, 1, 'IGV', '4.2300', '0.7600', 1, 'IGV', '18.0000', NULL, 1),
(187, 196, NULL, NULL, 1, 'IGV', '18.6400', '3.3500', 1, 'IGV', '18.0000', NULL, 1),
(188, 197, NULL, NULL, 1, 'IGV', '54.2400', '9.7700', 1, 'IGV', '18.0000', NULL, 1),
(189, 198, NULL, NULL, 1, 'IGV', '4.2400', '0.7600', 1, 'IGV', '18.0000', NULL, 1),
(190, 199, NULL, NULL, 1, 'IGV', '35.5800', '6.4100', 1, 'IGV', '18.0000', NULL, 1),
(191, 200, NULL, NULL, 1, 'IGV', '4.6600', '0.8400', 1, 'IGV', '18.0000', NULL, 1),
(192, 201, NULL, NULL, 1, 'IGV', '0.2500', '0.0500', 1, 'IGV', '18.0000', NULL, 1),
(193, 202, NULL, NULL, 1, 'IGV', '0.6800', '0.1200', 1, 'IGV', '18.0000', NULL, 1),
(194, 203, NULL, NULL, 1, 'IGV', '0.8500', '0.1500', 1, 'IGV', '18.0000', NULL, 1),
(195, 205, NULL, NULL, 1, 'IGV', '1.5300', '0.2700', 1, 'IGV', '18.0000', NULL, 1),
(196, 207, NULL, NULL, 1, 'IGV', '9.2300', '1.6600', 1, 'IGV', '18.0000', NULL, 1),
(197, 206, NULL, NULL, 1, 'IGV', '235.5900', '42.3900', 1, 'IGV', '18.0000', NULL, 1),
(198, 208, NULL, NULL, 1, 'IGV', '0.8500', '0.1500', 1, 'IGV', '18.0000', NULL, 1),
(199, 210, NULL, NULL, 1, 'IGV', '58.4800', '10.5200', 1, 'IGV', '18.0000', NULL, 1),
(200, 211, NULL, NULL, 1, 'IGV', '4.6600', '0.8300', 1, 'IGV', '18.0000', NULL, 1),
(201, 212, NULL, NULL, 1, 'IGV', '4.2400', '0.7600', 1, 'IGV', '18.0000', NULL, 1),
(202, 213, NULL, NULL, 1, 'IGV', '1.0100', '0.1800', 1, 'IGV', '18.0000', NULL, 1),
(203, 214, NULL, NULL, 1, 'IGV', '1.2700', '0.2300', 1, 'IGV', '18.0000', NULL, 1),
(204, 215, NULL, NULL, 1, 'IGV', '5.9300', '1.0700', 1, 'IGV', '18.0000', NULL, 1),
(205, 216, NULL, NULL, 1, 'IGV', '1.5300', '0.2700', 1, 'IGV', '18.0000', NULL, 1),
(206, 217, NULL, NULL, 1, 'IGV', '0.8500', '0.1500', 1, 'IGV', '18.0000', NULL, 1),
(207, 218, NULL, NULL, 1, 'IGV', '6.7700', '1.2200', 1, 'IGV', '18.0000', NULL, 1),
(208, 219, NULL, NULL, 1, 'IGV', '2.5400', '0.4500', 1, 'IGV', '18.0000', NULL, 1),
(209, 220, NULL, NULL, 1, 'IGV', '2.9600', '0.5300', 1, 'IGV', '18.0000', NULL, 1),
(210, 221, NULL, NULL, 1, 'IGV', '2.1200', '0.3800', 1, 'IGV', '18.0000', NULL, 1),
(211, 222, NULL, NULL, 1, 'IGV', '2.1200', '0.3800', 1, 'IGV', '18.0000', NULL, 1);

-- --------------------------------------------------------

--
-- Estructura de tabla para la tabla `ospos_sessions`
--

DROP TABLE IF EXISTS `ospos_sessions`;
CREATE TABLE `ospos_sessions` (
  `id` varchar(40) NOT NULL,
  `ip_address` varchar(45) NOT NULL,
  `timestamp` int(10) UNSIGNED NOT NULL DEFAULT '0',
  `data` blob NOT NULL
) ENGINE=InnoDB DEFAULT CHARSET=utf8;

--
-- Volcado de datos para la tabla `ospos_sessions`
--

INSERT INTO `ospos_sessions` (`id`, `ip_address`, `timestamp`, `data`) VALUES
('f4259f71cf0946b66786890108c9323e415d1685', '190.233.70.42', 1573658073, 0x5f5f63695f6c6173745f726567656e65726174657c693a313537333635383037333b706572736f6e5f69647c733a313a2235223b6d656e755f67726f75707c733a343a2263617368223b),
('702752f951c8e8fcddbae2931810faf44b19717c', '190.233.70.42', 1573661571, 0x5f5f63695f6c6173745f726567656e65726174657c693a313537333636313537313b706572736f6e5f69647c733a313a2234223b6d656e755f67726f75707c733a343a22686f6d65223b616c6c6f775f74656d705f6974656d737c693a303b6974656d5f6c6f636174696f6e7c733a313a2231223b),
('526c7151199e8424952157f5b2f358056c76c3d2', '190.233.70.42', 1573658404, 0x5f5f63695f6c6173745f726567656e65726174657c693a313537333635383430343b706572736f6e5f69647c733a313a2235223b6d656e755f67726f75707c733a343a22686f6d65223b616c6c6f775f74656d705f6974656d737c693a313b73616c655f69647c693a2d313b73616c65735f6d6f64657c733a343a2273616c65223b73616c65735f6c6f636174696f6e7c733a313a2231223b73616c65735f696e766f6963655f6e756d6265725f656e61626c65647c623a303b73616c65735f636172747c613a313a7b693a313b613a32353a7b733a373a226974656d5f6964223b733a333a22333637223b733a31333a226974656d5f6c6f636174696f6e223b733a313a2231223b733a31303a2273746f636b5f6e616d65223b733a393a225072696e636970616c223b733a343a226c696e65223b693a313b733a343a226e616d65223b733a32393a2254414355205441435520432f2053414c5341204445204d41524953434f223b733a31313a226974656d5f6e756d626572223b4e3b733a31363a226174747269627574655f76616c756573223b733a31363a22504552534f4e414c2c20556e69646164223b733a31383a226174747269627574655f647476616c756573223b4e3b733a31313a226465736372697074696f6e223b733a303a22223b733a31323a2273657269616c6e756d626572223b733a303a22223b733a32313a22616c6c6f775f616c745f6465736372697074696f6e223b733a313a2230223b733a31333a2269735f73657269616c697a6564223b733a313a2230223b733a383a227175616e74697479223b693a313b733a383a22646973636f756e74223b733a313a2230223b733a31333a22646973636f756e745f74797065223b733a313a2230223b733a383a22696e5f73746f636b223b733a373a223530302e303030223b733a353a227072696365223b733a353a2232312e3135223b733a31303a22636f73745f7072696365223b733a353a2231322e3530223b733a353a22746f74616c223b733a353a2232312e3135223b733a31363a22646973636f756e7465645f746f74616c223b733a373a2232312e31353030223b733a31323a227072696e745f6f7074696f6e223b693a303b733a31303a2273746f636b5f74797065223b733a313a2230223b733a393a226974656d5f74797065223b733a313a2230223b733a383a2268736e5f636f6465223b733a303a22223b733a31353a227461785f63617465676f72795f6964223b733a313a2230223b7d7d73616c65735f637573746f6d65727c693a2d313b64696e6e65725f7461626c657c693a313b73616c65735f7061796d656e74737c613a303a7b7d636173685f6d6f64657c693a303b636173685f726f756e64696e677c693a303b73616c65735f696e766f6963655f6e756d6265727c4e3b),
('dffab400f257ab6dbcf1dea718a9d50fd9453ec4', '190.233.70.42', 1573658802, 0x5f5f63695f6c6173745f726567656e65726174657c693a313537333635383830323b706572736f6e5f69647c733a313a2235223b6d656e755f67726f75707c733a343a22686f6d65223b616c6c6f775f74656d705f6974656d737c693a313b73616c655f69647c693a2d313b73616c65735f6d6f64657c733a343a2273616c65223b73616c65735f6c6f636174696f6e7c733a313a2231223b73616c65735f696e766f6963655f6e756d6265725f656e61626c65647c623a303b73616c65735f636172747c613a303a7b7d73616c65735f637573746f6d65727c693a2d313b64696e6e65725f7461626c657c693a313b73616c65735f7061796d656e74737c613a303a7b7d636173685f6d6f64657c693a303b636173685f726f756e64696e677c693a303b73616c65735f696e766f6963655f6e756d6265727c4e3b),
('7d21e87f0e5f0fc2bc229fe86aa1d6eca9e4748b', '190.233.70.42', 1573659151, 0x5f5f63695f6c6173745f726567656e65726174657c693a313537333635393135313b706572736f6e5f69647c733a313a2235223b6d656e755f67726f75707c733a343a22686f6d65223b616c6c6f775f74656d705f6974656d737c693a313b73616c655f69647c693a2d313b73616c65735f6d6f64657c733a343a2273616c65223b73616c65735f6c6f636174696f6e7c733a313a2231223b73616c65735f696e766f6963655f6e756d6265725f656e61626c65647c623a303b73616c65735f656d706c6f7965657c733a313a2235223b73616c65735f776f726b5f6f726465725f6e756d6265727c4e3b73616c65735f636172747c613a303a7b7d73616c65735f637573746f6d65727c693a2d313b64696e6e65725f7461626c657c693a313b73616c65735f7061796d656e74737c613a303a7b7d636173685f6d6f64657c693a303b636173685f726f756e64696e677c693a303b73616c65735f696e766f6963655f6e756d6265727c4e3b),
('c480ee578dabe74f2b90c283435957fd9dc0ee43', '190.233.70.42', 1573659470, 0x5f5f63695f6c6173745f726567656e65726174657c693a313537333635393437303b706572736f6e5f69647c733a313a2235223b6d656e755f67726f75707c733a343a22686f6d65223b616c6c6f775f74656d705f6974656d737c693a313b73616c655f69647c693a2d313b73616c65735f6d6f64657c733a343a2273616c65223b73616c65735f6c6f636174696f6e7c733a313a2231223b73616c65735f696e766f6963655f6e756d6265725f656e61626c65647c623a303b73616c65735f656d706c6f7965657c733a313a2235223b73616c65735f776f726b5f6f726465725f6e756d6265727c4e3b73616c65735f636172747c613a313a7b693a313b613a32353a7b733a373a226974656d5f6964223b733a333a22313932223b733a31333a226974656d5f6c6f636174696f6e223b733a313a2231223b733a31303a2273746f636b5f6e616d65223b733a393a225072696e636970616c223b733a343a226c696e65223b693a313b733a343a226e616d65223b733a32323a22414755412053414e204c5549532053494e2047415320223b733a31313a226974656d5f6e756d626572223b733a31333a2237373530313832303031323239223b733a31363a226174747269627574655f76616c756573223b733a33333a22434f434120434f4c412c20424f54454c4c412c2031206c742e2c20556e69646164223b733a31383a226174747269627574655f647476616c756573223b4e3b733a31313a226465736372697074696f6e223b733a303a22223b733a31323a2273657269616c6e756d626572223b733a303a22223b733a32313a22616c6c6f775f616c745f6465736372697074696f6e223b733a313a2230223b733a31333a2269735f73657269616c697a6564223b733a313a2230223b733a383a227175616e74697479223b693a313b733a383a22646973636f756e74223b733a313a2230223b733a31333a22646973636f756e745f74797065223b733a313a2230223b733a383a22696e5f73746f636b223b733a363a2231332e303030223b733a353a227072696365223b733a343a22322e3937223b733a31303a22636f73745f7072696365223b733a343a22312e3935223b733a353a22746f74616c223b733a343a22322e3937223b733a31363a22646973636f756e7465645f746f74616c223b733a363a22322e39373030223b733a31323a227072696e745f6f7074696f6e223b693a303b733a31303a2273746f636b5f74797065223b733a313a2230223b733a393a226974656d5f74797065223b733a313a2230223b733a383a2268736e5f636f6465223b733a303a22223b733a31353a227461785f63617465676f72795f6964223b733a313a2230223b7d7d73616c65735f637573746f6d65727c693a2d313b64696e6e65725f7461626c657c693a313b73616c65735f7061796d656e74737c613a303a7b7d636173685f6d6f64657c693a303b636173685f726f756e64696e677c693a303b73616c65735f696e766f6963655f6e756d6265727c4e3b),
('1bdd78adbc6bd2ab968d148ef2fd16b18d6d0fd4', '190.233.70.42', 1573660162, 0x5f5f63695f6c6173745f726567656e65726174657c693a313537333636303136323b706572736f6e5f69647c733a313a2235223b6d656e755f67726f75707c733a343a22686f6d65223b616c6c6f775f74656d705f6974656d737c693a313b73616c655f69647c693a2d313b73616c65735f6d6f64657c733a343a2273616c65223b73616c65735f6c6f636174696f6e7c733a313a2231223b73616c65735f696e766f6963655f6e756d6265725f656e61626c65647c623a303b73616c65735f656d706c6f7965657c733a313a2235223b73616c65735f776f726b5f6f726465725f6e756d6265727c4e3b73616c65735f636172747c613a303a7b7d73616c65735f637573746f6d65727c693a2d313b64696e6e65725f7461626c657c693a313b73616c65735f7061796d656e74737c613a303a7b7d636173685f6d6f64657c693a303b636173685f726f756e64696e677c693a303b73616c65735f696e766f6963655f6e756d6265727c4e3b),
('e0fd644271d359a1fbdfa6ab0442882e6bd7820c', '190.233.70.42', 1573660482, 0x5f5f63695f6c6173745f726567656e65726174657c693a313537333636303438323b706572736f6e5f69647c733a313a2235223b6d656e755f67726f75707c733a343a22686f6d65223b616c6c6f775f74656d705f6974656d737c693a313b73616c655f69647c693a2d313b73616c65735f6d6f64657c733a343a2273616c65223b73616c65735f6c6f636174696f6e7c733a313a2231223b73616c65735f696e766f6963655f6e756d6265725f656e61626c65647c623a303b73616c65735f656d706c6f7965657c733a313a2235223b73616c65735f776f726b5f6f726465725f6e756d6265727c4e3b73616c65735f636172747c613a333a7b693a313b613a32353a7b733a373a226974656d5f6964223b733a323a223632223b733a31333a226974656d5f6c6f636174696f6e223b733a313a2231223b733a31303a2273746f636b5f6e616d65223b733a393a225072696e636970616c223b733a343a226c696e65223b693a313b733a343a226e616d65223b733a31323a2250554c5020445552415a4e4f223b733a31313a226974656d5f6e756d626572223b733a31333a2237373530363730303131383339223b733a31363a226174747269627574655f76616c756573223b733a32353a22414a452c2043616a612c20333135206d6c2c20556e69646164223b733a31383a226174747269627574655f647476616c756573223b733a31303a2233312f31322f31393639223b733a31313a226465736372697074696f6e223b733a303a22223b733a31323a2273657269616c6e756d626572223b733a303a22223b733a32313a22616c6c6f775f616c745f6465736372697074696f6e223b733a313a2230223b733a31333a2269735f73657269616c697a6564223b733a313a2230223b733a383a227175616e74697479223b693a313b733a383a22646973636f756e74223b733a313a2230223b733a31333a22646973636f756e745f74797065223b733a313a2230223b733a383a22696e5f73746f636b223b733a363a2231302e303030223b733a353a227072696365223b733a343a22312e3237223b733a31303a22636f73745f7072696365223b733a343a22312e3034223b733a353a22746f74616c223b733a343a22312e3237223b733a31363a22646973636f756e7465645f746f74616c223b733a363a22312e32373030223b733a31323a227072696e745f6f7074696f6e223b693a303b733a31303a2273746f636b5f74797065223b733a313a2230223b733a393a226974656d5f74797065223b733a313a2230223b733a383a2268736e5f636f6465223b733a303a22223b733a31353a227461785f63617465676f72795f6964223b733a313a2230223b7d693a323b613a32353a7b733a373a226974656d5f6964223b733a333a22313332223b733a31333a226974656d5f6c6f636174696f6e223b733a313a2231223b733a31303a2273746f636b5f6e616d65223b733a393a225072696e636970616c223b733a343a226c696e65223b693a323b733a343a226e616d65223b733a32333a22434c554220534f4349414c204d414e54455155494c4c41223b733a31313a226974656d5f6e756d626572223b733a31333a2237363232333030373538393433223b733a31363a226174747269627574655f76616c756573223b733a32393a224e41424953434f2c20426f6c73612c2032362067722c20556e69646164223b733a31383a226174747269627574655f647476616c756573223b4e3b733a31313a226465736372697074696f6e223b733a303a22223b733a31323a2273657269616c6e756d626572223b733a303a22223b733a32313a22616c6c6f775f616c745f6465736372697074696f6e223b733a313a2230223b733a31333a2269735f73657269616c697a6564223b733a313a2230223b733a383a227175616e74697479223b693a313b733a383a22646973636f756e74223b733a313a2230223b733a31333a22646973636f756e745f74797065223b733a313a2230223b733a383a22696e5f73746f636b223b733a353a22382e303030223b733a353a227072696365223b733a343a22302e3835223b733a31303a22636f73745f7072696365223b733a343a22302e3133223b733a353a22746f74616c223b733a343a22302e3835223b733a31363a22646973636f756e7465645f746f74616c223b733a363a22302e38353030223b733a31323a227072696e745f6f7074696f6e223b693a303b733a31303a2273746f636b5f74797065223b733a313a2230223b733a393a226974656d5f74797065223b733a313a2230223b733a383a2268736e5f636f6465223b733a303a22223b733a31353a227461785f63617465676f72795f6964223b733a313a2230223b7d693a333b613a32353a7b733a373a226974656d5f6964223b733a333a22313536223b733a31333a226974656d5f6c6f636174696f6e223b733a313a2231223b733a31303a2273746f636b5f6e616d65223b733a393a225072696e636970616c223b733a343a226c696e65223b693a333b733a343a226e616d65223b733a32383a22494e434120535552205155494e554120465255544f5320524f4a4f53223b733a31313a226974656d5f6e756d626572223b733a31333a2237373530393630303034343937223b733a31363a226174747269627574655f76616c756573223b733a33303a22494e4341205355522c20426f6c73612c2033302067722c20556e69646164223b733a31383a226174747269627574655f647476616c756573223b4e3b733a31313a226465736372697074696f6e223b733a303a22223b733a31323a2273657269616c6e756d626572223b733a303a22223b733a32313a22616c6c6f775f616c745f6465736372697074696f6e223b733a313a2230223b733a31333a2269735f73657269616c697a6564223b733a313a2230223b733a383a227175616e74697479223b693a313b733a383a22646973636f756e74223b733a313a2230223b733a31333a22646973636f756e745f74797065223b733a313a2230223b733a383a22696e5f73746f636b223b733a363a2231312e303030223b733a353a227072696365223b733a343a22302e3835223b733a31303a22636f73745f7072696365223b733a343a22302e3433223b733a353a22746f74616c223b733a343a22302e3835223b733a31363a22646973636f756e7465645f746f74616c223b733a363a22302e38353030223b733a31323a227072696e745f6f7074696f6e223b693a303b733a31303a2273746f636b5f74797065223b733a313a2230223b733a393a226974656d5f74797065223b733a313a2230223b733a383a2268736e5f636f6465223b733a303a22223b733a31353a227461785f63617465676f72795f6964223b733a313a2230223b7d7d73616c65735f637573746f6d65727c693a2d313b64696e6e65725f7461626c657c693a313b73616c65735f7061796d656e74737c613a313a7b733a383a22456665637469766f223b613a333a7b733a31323a227061796d656e745f74797065223b733a383a22456665637469766f223b733a31343a227061796d656e745f616d6f756e74223b643a32303b733a31313a22636173685f726566756e64223b693a303b7d7d636173685f6d6f64657c693a303b636173685f726f756e64696e677c693a303b73616c65735f696e766f6963655f6e756d6265727c4e3b),
('191d471d517ffc0d4b43c84abc90faaa0402c3a0', '190.233.70.42', 1573661160, 0x5f5f63695f6c6173745f726567656e65726174657c693a313537333636313136303b706572736f6e5f69647c733a313a2235223b6d656e755f67726f75707c733a343a22686f6d65223b616c6c6f775f74656d705f6974656d737c693a313b73616c655f69647c693a2d313b73616c65735f6d6f64657c733a343a2273616c65223b73616c65735f6c6f636174696f6e7c733a313a2231223b73616c65735f696e766f6963655f6e756d6265725f656e61626c65647c623a303b73616c65735f656d706c6f7965657c733a313a2235223b73616c65735f776f726b5f6f726465725f6e756d6265727c4e3b),
('4144bfd631db4738f18c76cc46a4b52fdaf7c06a', '190.233.70.42', 1573661586, 0x5f5f63695f6c6173745f726567656e65726174657c693a313537333636313538363b706572736f6e5f69647c733a313a2235223b6d656e755f67726f75707c733a343a22686f6d65223b616c6c6f775f74656d705f6974656d737c693a313b73616c655f69647c693a2d313b73616c65735f6d6f64657c733a343a2273616c65223b73616c65735f6c6f636174696f6e7c733a313a2231223b73616c65735f696e766f6963655f6e756d6265725f656e61626c65647c623a303b73616c65735f656d706c6f7965657c733a313a2235223b73616c65735f776f726b5f6f726465725f6e756d6265727c4e3b73616c65735f636172747c613a313a7b693a313b613a32353a7b733a373a226974656d5f6964223b733a333a22333232223b733a31333a226974656d5f6c6f636174696f6e223b733a313a2231223b733a31303a2273746f636b5f6e616d65223b733a393a225072696e636970616c223b733a343a226c696e65223b693a313b733a343a226e616d65223b733a32333a2250414e45544f4e20444f4e4f4652494f20393030206772223b733a31313a226974656d5f6e756d626572223b733a31333a2237363133303332363537303632223b733a31363a226174747269627574655f76616c756573223b733a33313a22444f4e4f4652494f2c20426f6c73612c203930302067722c20556e69646164223b733a31383a226174747269627574655f647476616c756573223b4e3b733a31313a226465736372697074696f6e223b733a303a22223b733a31323a2273657269616c6e756d626572223b733a303a22223b733a32313a22616c6c6f775f616c745f6465736372697074696f6e223b733a313a2230223b733a31333a2269735f73657269616c697a6564223b733a313a2230223b733a383a227175616e74697479223b693a313b733a383a22646973636f756e74223b733a313a2230223b733a31333a22646973636f756e745f74797065223b733a313a2230223b733a383a22696e5f73746f636b223b733a353a22362e303030223b733a353a227072696365223b733a353a2232322e3033223b733a31303a22636f73745f7072696365223b733a353a2231392e3530223b733a353a22746f74616c223b733a353a2232322e3033223b733a31363a22646973636f756e7465645f746f74616c223b733a373a2232322e30333030223b733a31323a227072696e745f6f7074696f6e223b693a303b733a31303a2273746f636b5f74797065223b733a313a2230223b733a393a226974656d5f74797065223b733a313a2230223b733a383a2268736e5f636f6465223b733a303a22223b733a31353a227461785f63617465676f72795f6964223b733a313a2230223b7d7d73616c65735f637573746f6d65727c693a2d313b64696e6e65725f7461626c657c693a313b73616c65735f7061796d656e74737c613a303a7b7d636173685f6d6f64657c693a303b636173685f726f756e64696e677c693a303b73616c65735f696e766f6963655f6e756d6265727c4e3b),
('cdbd90f7d9d30f4e06c047facbf84fd7d300c3a8', '190.233.70.42', 1573662314, 0x5f5f63695f6c6173745f726567656e65726174657c693a313537333636323331343b706572736f6e5f69647c733a313a2234223b6d656e755f67726f75707c733a343a22686f6d65223b616c6c6f775f74656d705f6974656d737c693a313b6974656d5f6c6f636174696f6e7c733a313a2231223b73616c655f69647c693a2d313b73616c65735f636172747c613a303a7b7d73616c65735f637573746f6d65727c693a2d313b73616c65735f6d6f64657c733a343a2273616c65223b64696e6e65725f7461626c657c693a313b73616c65735f6c6f636174696f6e7c733a313a2231223b73616c65735f7061796d656e74737c613a303a7b7d636173685f6d6f64657c693a303b636173685f726f756e64696e677c693a303b73616c65735f696e766f6963655f6e756d6265727c4e3b),
('129046fe08188e3af0da1e286ee08568a0032b06', '190.233.70.42', 1573662022, 0x5f5f63695f6c6173745f726567656e65726174657c693a313537333636323032323b706572736f6e5f69647c733a313a2235223b6d656e755f67726f75707c733a343a22686f6d65223b616c6c6f775f74656d705f6974656d737c693a313b73616c655f69647c693a2d313b73616c65735f6d6f64657c733a343a2273616c65223b73616c65735f6c6f636174696f6e7c733a313a2231223b73616c65735f696e766f6963655f6e756d6265725f656e61626c65647c623a303b73616c65735f656d706c6f7965657c733a313a2235223b73616c65735f776f726b5f6f726465725f6e756d6265727c4e3b73616c65735f636172747c613a303a7b7d73616c65735f637573746f6d65727c693a2d313b64696e6e65725f7461626c657c693a313b73616c65735f7061796d656e74737c613a303a7b7d636173685f6d6f64657c693a303b636173685f726f756e64696e677c693a303b73616c65735f696e766f6963655f6e756d6265727c4e3b),
('97a097d55beb63032bb48510f85957f115094994', '190.233.70.42', 1573662393, 0x5f5f63695f6c6173745f726567656e65726174657c693a313537333636323339333b706572736f6e5f69647c733a313a2235223b6d656e755f67726f75707c733a343a22686f6d65223b616c6c6f775f74656d705f6974656d737c693a313b73616c655f69647c693a2d313b73616c65735f6d6f64657c733a343a2273616c65223b73616c65735f6c6f636174696f6e7c733a313a2231223b73616c65735f696e766f6963655f6e756d6265725f656e61626c65647c623a303b73616c65735f656d706c6f7965657c733a313a2235223b73616c65735f776f726b5f6f726465725f6e756d6265727c4e3b73616c65735f636172747c613a303a7b7d73616c65735f637573746f6d65727c693a2d313b64696e6e65725f7461626c657c693a313b73616c65735f7061796d656e74737c613a303a7b7d636173685f6d6f64657c693a303b636173685f726f756e64696e677c693a303b73616c65735f696e766f6963655f6e756d6265727c4e3b),
('eef6b5391c40b24a04929141249f5309226fb642', '190.233.70.42', 1573663525, 0x5f5f63695f6c6173745f726567656e65726174657c693a313537333636333532353b706572736f6e5f69647c733a313a2234223b6d656e755f67726f75707c733a343a22686f6d65223b616c6c6f775f74656d705f6974656d737c693a303b6974656d5f6c6f636174696f6e7c733a313a2231223b73616c655f69647c693a2d313b73616c65735f636172747c613a303a7b7d73616c65735f637573746f6d65727c693a2d313b73616c65735f6d6f64657c733a343a2273616c65223b64696e6e65725f7461626c657c693a313b73616c65735f6c6f636174696f6e7c733a313a2231223b73616c65735f7061796d656e74737c613a303a7b7d636173685f6d6f64657c693a303b636173685f726f756e64696e677c693a303b73616c65735f696e766f6963655f6e756d6265727c4e3b),
('3952cc890c89d45d293aaa2409080e0d6cb8b972', '190.233.70.42', 1573662906, 0x5f5f63695f6c6173745f726567656e65726174657c693a313537333636323930363b706572736f6e5f69647c733a313a2235223b6d656e755f67726f75707c733a343a22686f6d65223b616c6c6f775f74656d705f6974656d737c693a313b73616c655f69647c693a2d313b73616c65735f6d6f64657c733a343a2273616c65223b73616c65735f6c6f636174696f6e7c733a313a2231223b73616c65735f696e766f6963655f6e756d6265725f656e61626c65647c623a303b73616c65735f656d706c6f7965657c733a313a2235223b73616c65735f776f726b5f6f726465725f6e756d6265727c4e3b73616c65735f636172747c613a303a7b7d73616c65735f637573746f6d65727c693a2d313b64696e6e65725f7461626c657c693a313b73616c65735f7061796d656e74737c613a303a7b7d636173685f6d6f64657c693a303b636173685f726f756e64696e677c693a303b73616c65735f696e766f6963655f6e756d6265727c4e3b),
('147d1c9314ac19c2a2c6720afc976feb9b451983', '190.233.70.42', 1573663221, 0x5f5f63695f6c6173745f726567656e65726174657c693a313537333636333232313b706572736f6e5f69647c733a313a2235223b6d656e755f67726f75707c733a343a22686f6d65223b616c6c6f775f74656d705f6974656d737c693a313b73616c655f69647c693a2d313b73616c65735f6d6f64657c733a343a2273616c65223b73616c65735f6c6f636174696f6e7c733a313a2231223b73616c65735f696e766f6963655f6e756d6265725f656e61626c65647c623a303b73616c65735f656d706c6f7965657c733a313a2235223b73616c65735f776f726b5f6f726465725f6e756d6265727c4e3b73616c65735f636172747c613a313a7b693a313b613a32353a7b733a373a226974656d5f6964223b733a333a22333638223b733a31333a226974656d5f6c6f636174696f6e223b733a313a2231223b733a31303a2273746f636b5f6e616d65223b733a393a225072696e636970616c223b733a343a226c696e65223b693a313b733a343a226e616d65223b733a32363a2250414e45544f4e20424f554e204e4154414c4520383030206772223b733a31313a226974656d5f6e756d626572223b733a31333a2237363133303337353534373438223b733a31363a226174747269627574655f76616c756573223b733a33313a22444f4e4f4652494f2c20426f6c73612c203830302067722c20556e69646164223b733a31383a226174747269627574655f647476616c756573223b4e3b733a31313a226465736372697074696f6e223b733a303a22223b733a31323a2273657269616c6e756d626572223b733a303a22223b733a32313a22616c6c6f775f616c745f6465736372697074696f6e223b733a313a2230223b733a31333a2269735f73657269616c697a6564223b733a313a2230223b733a383a227175616e74697479223b693a313b733a383a22646973636f756e74223b733a313a2230223b733a31333a22646973636f756e745f74797065223b733a313a2230223b733a383a22696e5f73746f636b223b733a353a22312e303030223b733a353a227072696365223b733a353a2231382e3735223b733a31303a22636f73745f7072696365223b733a353a2231362e3530223b733a353a22746f74616c223b733a353a2231382e3735223b733a31363a22646973636f756e7465645f746f74616c223b733a373a2231382e37353030223b733a31323a227072696e745f6f7074696f6e223b693a303b733a31303a2273746f636b5f74797065223b733a313a2230223b733a393a226974656d5f74797065223b733a313a2230223b733a383a2268736e5f636f6465223b733a303a22223b733a31353a227461785f63617465676f72795f6964223b733a313a2230223b7d7d73616c65735f637573746f6d65727c693a2d313b64696e6e65725f7461626c657c693a313b73616c65735f7061796d656e74737c613a303a7b7d636173685f6d6f64657c693a303b636173685f726f756e64696e677c693a303b73616c65735f696e766f6963655f6e756d6265727c4e3b),
('8417b9302bba43296c552c8be3568b3b03367004', '190.233.70.42', 1573663567, 0x5f5f63695f6c6173745f726567656e65726174657c693a313537333636333536363b706572736f6e5f69647c733a313a2235223b6d656e755f67726f75707c733a343a22686f6d65223b616c6c6f775f74656d705f6974656d737c693a313b73616c655f69647c693a2d313b73616c65735f6d6f64657c733a343a2273616c65223b73616c65735f6c6f636174696f6e7c733a313a2231223b73616c65735f696e766f6963655f6e756d6265725f656e61626c65647c623a303b73616c65735f656d706c6f7965657c733a313a2235223b73616c65735f776f726b5f6f726465725f6e756d6265727c4e3b73616c65735f636172747c613a303a7b7d73616c65735f637573746f6d65727c693a2d313b64696e6e65725f7461626c657c693a313b73616c65735f7061796d656e74737c613a303a7b7d636173685f6d6f64657c693a303b636173685f726f756e64696e677c693a303b73616c65735f696e766f6963655f6e756d6265727c4e3b),
('520ace680b1e298622df56282a214faec439d74f', '190.233.70.42', 1573671271, 0x5f5f63695f6c6173745f726567656e65726174657c693a313537333637313237313b706572736f6e5f69647c733a313a2234223b6d656e755f67726f75707c733a343a22686f6d65223b616c6c6f775f74656d705f6974656d737c693a303b6974656d5f6c6f636174696f6e7c733a313a2231223b73616c655f69647c693a2d313b73616c65735f636172747c613a303a7b7d73616c65735f637573746f6d65727c693a2d313b73616c65735f6d6f64657c733a343a2273616c65223b64696e6e65725f7461626c657c693a313b73616c65735f6c6f636174696f6e7c733a313a2231223b73616c65735f7061796d656e74737c613a303a7b7d636173685f6d6f64657c693a303b636173685f726f756e64696e677c693a303b73616c65735f696e766f6963655f6e756d6265727c4e3b),
('afec830e5a7429c5ff7351134407d97520d380e4', '190.233.70.42', 1573663899, 0x5f5f63695f6c6173745f726567656e65726174657c693a313537333636333839393b706572736f6e5f69647c733a313a2235223b6d656e755f67726f75707c733a343a22686f6d65223b616c6c6f775f74656d705f6974656d737c693a313b73616c655f69647c693a2d313b73616c65735f6d6f64657c733a343a2273616c65223b73616c65735f6c6f636174696f6e7c733a313a2231223b73616c65735f696e766f6963655f6e756d6265725f656e61626c65647c623a303b73616c65735f656d706c6f7965657c733a313a2235223b73616c65735f776f726b5f6f726465725f6e756d6265727c4e3b73616c65735f636172747c613a313a7b693a313b613a32353a7b733a373a226974656d5f6964223b733a333a22333639223b733a31333a226974656d5f6c6f636174696f6e223b733a313a2231223b733a31303a2273746f636b5f6e616d65223b733a393a225072696e636970616c223b733a343a226c696e65223b693a313b733a343a226e616d65223b733a32363a2250414e45544f4e20424c414e434120464c4f5220393030206772223b733a31313a226974656d5f6e756d626572223b733a31333a2237373530323433303430363331223b733a31363a226174747269627574655f76616c756573223b733a33343a22424c414e434120464c4f522c20426f6c73612c203930302067722c20556e69646164223b733a31383a226174747269627574655f647476616c756573223b4e3b733a31313a226465736372697074696f6e223b733a303a22223b733a31323a2273657269616c6e756d626572223b733a303a22223b733a32313a22616c6c6f775f616c745f6465736372697074696f6e223b733a313a2230223b733a31333a2269735f73657269616c697a6564223b733a313a2230223b733a383a227175616e74697479223b693a313b733a383a22646973636f756e74223b733a313a2230223b733a31333a22646973636f756e745f74797065223b733a313a2230223b733a383a22696e5f73746f636b223b733a353a22312e303030223b733a353a227072696365223b733a343a22322e3835223b733a31303a22636f73745f7072696365223b733a353a2231382e3530223b733a353a22746f74616c223b733a343a22322e3835223b733a31363a22646973636f756e7465645f746f74616c223b733a363a22322e38353030223b733a31323a227072696e745f6f7074696f6e223b693a303b733a31303a2273746f636b5f74797065223b733a313a2230223b733a393a226974656d5f74797065223b733a313a2230223b733a383a2268736e5f636f6465223b733a303a22223b733a31353a227461785f63617465676f72795f6964223b733a313a2230223b7d7d73616c65735f637573746f6d65727c693a2d313b64696e6e65725f7461626c657c693a313b73616c65735f7061796d656e74737c613a303a7b7d636173685f6d6f64657c693a303b636173685f726f756e64696e677c693a303b73616c65735f696e766f6963655f6e756d6265727c4e3b),
('bb0353fbabaa722591ad9ed0de23caf4abc7ba77', '190.233.70.42', 1573664495, 0x5f5f63695f6c6173745f726567656e65726174657c693a313537333636343439353b706572736f6e5f69647c733a313a2235223b6d656e755f67726f75707c733a343a22686f6d65223b616c6c6f775f74656d705f6974656d737c693a313b73616c655f69647c693a2d313b73616c65735f6d6f64657c733a343a2273616c65223b73616c65735f6c6f636174696f6e7c733a313a2231223b73616c65735f696e766f6963655f6e756d6265725f656e61626c65647c623a303b73616c65735f656d706c6f7965657c733a313a2235223b73616c65735f776f726b5f6f726465725f6e756d6265727c4e3b73616c65735f636172747c613a303a7b7d73616c65735f637573746f6d65727c693a2d313b64696e6e65725f7461626c657c693a313b73616c65735f7061796d656e74737c613a303a7b7d636173685f6d6f64657c693a303b636173685f726f756e64696e677c693a303b73616c65735f696e766f6963655f6e756d6265727c4e3b),
('b4d15f9cd209acef34cac989d3bb367ddf5386b8', '190.233.70.42', 1573664826, 0x5f5f63695f6c6173745f726567656e65726174657c693a313537333636343832363b706572736f6e5f69647c733a313a2235223b6d656e755f67726f75707c733a343a22686f6d65223b616c6c6f775f74656d705f6974656d737c693a313b73616c655f69647c693a2d313b73616c65735f6d6f64657c733a343a2273616c65223b73616c65735f6c6f636174696f6e7c733a313a2231223b73616c65735f696e766f6963655f6e756d6265725f656e61626c65647c623a303b73616c65735f656d706c6f7965657c733a313a2235223b73616c65735f776f726b5f6f726465725f6e756d6265727c4e3b73616c65735f636172747c613a313a7b693a313b613a32353a7b733a373a226974656d5f6964223b733a323a223137223b733a31333a226974656d5f6c6f636174696f6e223b733a313a2231223b733a31303a2273746f636b5f6e616d65223b733a393a225072696e636970616c223b733a343a226c696e65223b693a313b733a343a226e616d65223b733a31343a224c4159275320434c415349434153223b733a31313a226974656d5f6e756d626572223b733a31333a2237373538353734303032303930223b733a31363a226174747269627574655f76616c756573223b733a34343a22465249544f204c41592c20426f6c73612c203136302067722c20556e696461642c2031322f30382f32303139223b733a31383a226174747269627574655f647476616c756573223b733a31303a2231322f30382f32303139223b733a31313a226465736372697074696f6e223b733a303a22223b733a31323a2273657269616c6e756d626572223b733a303a22223b733a32313a22616c6c6f775f616c745f6465736372697074696f6e223b733a313a2230223b733a31333a2269735f73657269616c697a6564223b733a313a2230223b733a383a227175616e74697479223b693a313b733a383a22646973636f756e74223b733a313a2230223b733a31333a22646973636f756e745f74797065223b733a313a2230223b733a383a22696e5f73746f636b223b733a353a22372e303030223b733a353a227072696365223b733a343a22352e3038223b733a31303a22636f73745f7072696365223b733a343a22342e3538223b733a353a22746f74616c223b733a343a22352e3038223b733a31363a22646973636f756e7465645f746f74616c223b733a363a22352e30383030223b733a31323a227072696e745f6f7074696f6e223b693a303b733a31303a2273746f636b5f74797065223b733a313a2230223b733a393a226974656d5f74797065223b733a313a2230223b733a383a2268736e5f636f6465223b733a303a22223b733a31353a227461785f63617465676f72795f6964223b733a313a2230223b7d7d73616c65735f637573746f6d65727c693a2d313b64696e6e65725f7461626c657c693a313b73616c65735f7061796d656e74737c613a303a7b7d636173685f6d6f64657c693a303b636173685f726f756e64696e677c693a303b73616c65735f696e766f6963655f6e756d6265727c4e3b),
('6b7f331f851bc548d079dbd38f5acb21331e50d3', '190.233.70.42', 1573666471, 0x5f5f63695f6c6173745f726567656e65726174657c693a313537333636363437313b706572736f6e5f69647c733a313a2235223b6d656e755f67726f75707c733a343a22686f6d65223b616c6c6f775f74656d705f6974656d737c693a313b73616c655f69647c693a2d313b73616c65735f6d6f64657c733a343a2273616c65223b73616c65735f6c6f636174696f6e7c733a313a2231223b73616c65735f696e766f6963655f6e756d6265725f656e61626c65647c623a303b73616c65735f656d706c6f7965657c733a313a2235223b73616c65735f776f726b5f6f726465725f6e756d6265727c4e3b73616c65735f636172747c613a303a7b7d73616c65735f637573746f6d65727c693a2d313b64696e6e65725f7461626c657c693a313b73616c65735f7061796d656e74737c613a303a7b7d636173685f6d6f64657c693a303b636173685f726f756e64696e677c693a303b73616c65735f696e766f6963655f6e756d6265727c4e3b),
('36db878aa73fee61bdcbd31c45618b1fe7c76503', '190.233.70.42', 1573666249, 0x5f5f63695f6c6173745f726567656e65726174657c693a313537333636363234393b706572736f6e5f69647c733a313a2231223b6d656e755f67726f75707c733a343a2263617368223b),
('976404bbf1a101a8c63c2cef441f61332ea5bc40', '190.233.70.42', 1573667499, 0x5f5f63695f6c6173745f726567656e65726174657c693a313537333636373439393b706572736f6e5f69647c733a313a2231223b6d656e755f67726f75707c733a343a2263617368223b),
('3bc1be7dc87fe72f399fe96a71f6999f64bab81d', '190.233.70.42', 1573666872, 0x5f5f63695f6c6173745f726567656e65726174657c693a313537333636363837323b706572736f6e5f69647c733a313a2235223b6d656e755f67726f75707c733a343a22686f6d65223b616c6c6f775f74656d705f6974656d737c693a313b73616c655f69647c693a2d313b73616c65735f6d6f64657c733a343a2273616c65223b73616c65735f6c6f636174696f6e7c733a313a2231223b73616c65735f696e766f6963655f6e756d6265725f656e61626c65647c623a303b73616c65735f656d706c6f7965657c733a313a2235223b73616c65735f776f726b5f6f726465725f6e756d6265727c4e3b73616c65735f636172747c613a303a7b7d73616c65735f637573746f6d65727c693a2d313b64696e6e65725f7461626c657c693a313b73616c65735f7061796d656e74737c613a303a7b7d636173685f6d6f64657c693a303b636173685f726f756e64696e677c693a303b73616c65735f696e766f6963655f6e756d6265727c4e3b),
('12aed0c1d863af97a4ad39e3c66786a6f7735f47', '190.233.70.42', 1573667551, 0x5f5f63695f6c6173745f726567656e65726174657c693a313537333636373535313b706572736f6e5f69647c733a313a2235223b6d656e755f67726f75707c733a343a22686f6d65223b616c6c6f775f74656d705f6974656d737c693a313b73616c655f69647c693a2d313b73616c65735f6d6f64657c733a343a2273616c65223b73616c65735f6c6f636174696f6e7c733a313a2231223b73616c65735f696e766f6963655f6e756d6265725f656e61626c65647c623a303b73616c65735f656d706c6f7965657c733a313a2235223b73616c65735f776f726b5f6f726465725f6e756d6265727c4e3b73616c65735f636172747c613a303a7b7d73616c65735f637573746f6d65727c693a2d313b64696e6e65725f7461626c657c693a313b73616c65735f7061796d656e74737c613a303a7b7d636173685f6d6f64657c693a303b636173685f726f756e64696e677c693a303b73616c65735f696e766f6963655f6e756d6265727c4e3b),
('1bffdb0462d4af9a47b07a148d7607eb7f7e84c4', '190.233.70.42', 1573668643, 0x5f5f63695f6c6173745f726567656e65726174657c693a313537333636383634333b706572736f6e5f69647c733a313a2231223b6d656e755f67726f75707c733a343a22686f6d65223b),
('d56adcf2e662b1e2f7dfaabc6cc5d0877a37e2d9', '190.233.70.42', 1573667740, 0x5f5f63695f6c6173745f726567656e65726174657c693a313537333636373734303b),
('5666af7d199a598113d961771b76955d7dec1264', '190.233.70.42', 1573669928, 0x5f5f63695f6c6173745f726567656e65726174657c693a313537333636393932373b706572736f6e5f69647c733a313a2235223b6d656e755f67726f75707c733a343a22686f6d65223b616c6c6f775f74656d705f6974656d737c693a313b73616c655f69647c693a2d313b73616c65735f636172747c613a303a7b7d73616c65735f637573746f6d65727c693a2d313b73616c65735f6d6f64657c733a343a2273616c65223b64696e6e65725f7461626c657c693a313b73616c65735f6c6f636174696f6e7c733a313a2231223b73616c65735f7061796d656e74737c613a303a7b7d636173685f6d6f64657c693a303b636173685f726f756e64696e677c693a303b73616c65735f696e766f6963655f6e756d6265727c4e3b),
('a5872391be4db7ac33fdadaef67f95f86769aa9a', '190.233.70.42', 1573668643, 0x5f5f63695f6c6173745f726567656e65726174657c693a313537333636383634333b706572736f6e5f69647c733a313a2231223b6d656e755f67726f75707c733a343a22686f6d65223b),
('af2d3ffcdc61f37dc715f50b7afa62fde79926f3', '186.167.50.50', 1573670087, 0x5f5f63695f6c6173745f726567656e65726174657c693a313537333637303038373b706572736f6e5f69647c733a323a223132223b6d656e755f67726f75707c733a343a22686f6d65223b616c6c6f775f74656d705f6974656d737c693a313b73616c655f69647c693a2d313b73616c65735f636172747c613a303a7b7d73616c65735f637573746f6d65727c693a2d313b73616c65735f6d6f64657c733a343a2273616c65223b64696e6e65725f7461626c657c693a313b73616c65735f6c6f636174696f6e7c733a313a2231223b73616c65735f7061796d656e74737c613a303a7b7d636173685f6d6f64657c693a303b636173685f726f756e64696e677c693a303b73616c65735f696e766f6963655f6e756d6265727c4e3b),
('715c356bc84dc1155ae7a15fe21152d4b28d0369', '186.167.50.50', 1573669850, 0x5f5f63695f6c6173745f726567656e65726174657c693a313537333636393832363b),
('59cf3fa6a930c0ccbde39047892edab7d9274c2e', '190.233.70.42', 1573670761, 0x5f5f63695f6c6173745f726567656e65726174657c693a313537333637303736303b706572736f6e5f69647c733a313a2235223b6d656e755f67726f75707c733a343a22686f6d65223b616c6c6f775f74656d705f6974656d737c693a313b73616c655f69647c693a2d313b73616c65735f636172747c613a303a7b7d73616c65735f637573746f6d65727c693a2d313b73616c65735f6d6f64657c733a343a2273616c65223b64696e6e65725f7461626c657c693a313b73616c65735f6c6f636174696f6e7c733a313a2231223b73616c65735f7061796d656e74737c613a303a7b7d636173685f6d6f64657c693a303b636173685f726f756e64696e677c693a303b73616c65735f696e766f6963655f6e756d6265727c4e3b),
('96273fd7478ecc0583ea0e3a8cb05f31b503b419', '186.167.50.50', 1573670378, 0x5f5f63695f6c6173745f726567656e65726174657c693a313537333637303337373b),
('04761468799684b9cc5b68408887079a9456e121', '190.233.70.42', 1573671649, 0x5f5f63695f6c6173745f726567656e65726174657c693a313537333637313634393b706572736f6e5f69647c733a313a2235223b6d656e755f67726f75707c733a343a22686f6d65223b616c6c6f775f74656d705f6974656d737c693a313b73616c655f69647c693a2d313b73616c65735f6d6f64657c733a343a2273616c65223b73616c65735f6c6f636174696f6e7c733a313a2231223b73616c65735f696e766f6963655f6e756d6265725f656e61626c65647c623a303b73616c65735f636172747c613a303a7b7d73616c65735f637573746f6d65727c693a2d313b64696e6e65725f7461626c657c693a313b73616c65735f7061796d656e74737c613a303a7b7d636173685f6d6f64657c693a303b636173685f726f756e64696e677c693a303b73616c65735f696e766f6963655f6e756d6265727c4e3b),
('f06f95cb90389e815ab08d9e55941a80e8c8b905', '190.233.70.42', 1573674381, 0x5f5f63695f6c6173745f726567656e65726174657c693a313537333637343338313b706572736f6e5f69647c733a313a2234223b6d656e755f67726f75707c733a343a2263617368223b616c6c6f775f74656d705f6974656d737c693a303b6974656d5f6c6f636174696f6e7c733a313a2231223b73616c655f69647c693a2d313b73616c65735f636172747c613a303a7b7d73616c65735f637573746f6d65727c693a2d313b73616c65735f6d6f64657c733a343a2273616c65223b64696e6e65725f7461626c657c693a313b73616c65735f6c6f636174696f6e7c733a313a2231223b73616c65735f7061796d656e74737c613a303a7b7d636173685f6d6f64657c693a303b636173685f726f756e64696e677c693a303b73616c65735f696e766f6963655f6e756d6265727c4e3b),
('148a5a513ba7c333150aba7128798917af071733', '190.233.70.42', 1573672153, 0x5f5f63695f6c6173745f726567656e65726174657c693a313537333637323135323b706572736f6e5f69647c733a313a2235223b6d656e755f67726f75707c733a343a22686f6d65223b616c6c6f775f74656d705f6974656d737c693a313b73616c655f69647c693a2d313b73616c65735f6d6f64657c733a343a2273616c65223b73616c65735f6c6f636174696f6e7c733a313a2231223b73616c65735f696e766f6963655f6e756d6265725f656e61626c65647c623a303b73616c65735f636172747c613a303a7b7d73616c65735f637573746f6d65727c693a2d313b64696e6e65725f7461626c657c693a313b73616c65735f7061796d656e74737c613a303a7b7d636173685f6d6f64657c693a303b636173685f726f756e64696e677c693a303b73616c65735f696e766f6963655f6e756d6265727c4e3b),
('76eabac5f4fb3f96d8d5ce17bf48e754f038eab0', '190.233.70.42', 1573673416, 0x5f5f63695f6c6173745f726567656e65726174657c693a313537333637333431353b706572736f6e5f69647c733a313a2235223b6d656e755f67726f75707c733a343a22686f6d65223b616c6c6f775f74656d705f6974656d737c693a313b73616c655f69647c693a2d313b73616c65735f6d6f64657c733a343a2273616c65223b73616c65735f6c6f636174696f6e7c733a313a2231223b73616c65735f696e766f6963655f6e756d6265725f656e61626c65647c623a303b73616c65735f636172747c613a303a7b7d73616c65735f637573746f6d65727c693a2d313b64696e6e65725f7461626c657c693a313b73616c65735f7061796d656e74737c613a303a7b7d636173685f6d6f64657c693a303b636173685f726f756e64696e677c693a303b73616c65735f696e766f6963655f6e756d6265727c4e3b),
('314fd03ceed1adef3b5c9179e18533ed913e5275', '190.233.70.42', 1573673788, 0x5f5f63695f6c6173745f726567656e65726174657c693a313537333637333738383b706572736f6e5f69647c733a313a2235223b6d656e755f67726f75707c733a343a22686f6d65223b616c6c6f775f74656d705f6974656d737c693a313b73616c655f69647c693a2d313b73616c65735f6d6f64657c733a343a2273616c65223b73616c65735f6c6f636174696f6e7c733a313a2231223b73616c65735f696e766f6963655f6e756d6265725f656e61626c65647c623a303b73616c65735f636172747c613a303a7b7d73616c65735f637573746f6d65727c693a2d313b64696e6e65725f7461626c657c693a313b73616c65735f7061796d656e74737c613a303a7b7d636173685f6d6f64657c693a303b636173685f726f756e64696e677c693a303b73616c65735f696e766f6963655f6e756d6265727c4e3b),
('b0a569b3126724a21e6723e3d2e336a3c7bad855', '190.233.70.42', 1573675272, 0x5f5f63695f6c6173745f726567656e65726174657c693a313537333637353237323b706572736f6e5f69647c733a313a2235223b6d656e755f67726f75707c733a343a22686f6d65223b616c6c6f775f74656d705f6974656d737c693a313b73616c655f69647c693a2d313b73616c65735f6d6f64657c733a343a2273616c65223b73616c65735f6c6f636174696f6e7c733a313a2231223b73616c65735f696e766f6963655f6e756d6265725f656e61626c65647c623a303b73616c65735f636172747c613a313a7b693a313b613a32353a7b733a373a226974656d5f6964223b733a323a223337223b733a31333a226974656d5f6c6f636174696f6e223b733a313a2231223b733a31303a2273746f636b5f6e616d65223b733a393a225072696e636970616c223b733a343a226c696e65223b693a313b733a343a226e616d65223b733a31353a22504550534920444520333535206d6c223b733a31313a226974656d5f6e756d626572223b733a31333a2237373531353830303030373135223b733a31363a226174747269627574655f76616c756573223b733a34363a225045505349434f4c412c20424f54454c4c412c20333535206d6c2c20556e696461642c2031322f31302f32303139223b733a31383a226174747269627574655f647476616c756573223b733a31303a2231322f31302f32303139223b733a31313a226465736372697074696f6e223b733a303a22223b733a31323a2273657269616c6e756d626572223b733a303a22223b733a32313a22616c6c6f775f616c745f6465736372697074696f6e223b733a313a2230223b733a31333a2269735f73657269616c697a6564223b733a313a2230223b733a383a227175616e74697479223b693a313b733a383a22646973636f756e74223b733a313a2230223b733a31333a22646973636f756e745f74797065223b733a313a2230223b733a383a22696e5f73746f636b223b733a363a2231352e303030223b733a353a227072696365223b733a343a22322e3132223b733a31303a22636f73745f7072696365223b733a343a22302e3930223b733a353a22746f74616c223b733a343a22322e3132223b733a31363a22646973636f756e7465645f746f74616c223b733a363a22322e31323030223b733a31323a227072696e745f6f7074696f6e223b693a303b733a31303a2273746f636b5f74797065223b733a313a2230223b733a393a226974656d5f74797065223b733a313a2230223b733a383a2268736e5f636f6465223b733a303a22223b733a31353a227461785f63617465676f72795f6964223b733a313a2230223b7d7d73616c65735f637573746f6d65727c693a2d313b64696e6e65725f7461626c657c693a313b73616c65735f7061796d656e74737c613a303a7b7d636173685f6d6f64657c693a303b636173685f726f756e64696e677c693a303b73616c65735f696e766f6963655f6e756d6265727c4e3b),
('a8861ecdabd5aa114277a95901c813b383259d26', '190.233.70.42', 1573676316, 0x5f5f63695f6c6173745f726567656e65726174657c693a313537333637343338313b706572736f6e5f69647c733a313a2234223b6d656e755f67726f75707c733a343a22686f6d65223b616c6c6f775f74656d705f6974656d737c693a303b6974656d5f6c6f636174696f6e7c733a313a2231223b73616c655f69647c693a2d313b73616c65735f636172747c613a303a7b7d73616c65735f637573746f6d65727c693a2d313b73616c65735f6d6f64657c733a343a2273616c65223b64696e6e65725f7461626c657c693a313b73616c65735f6c6f636174696f6e7c733a313a2231223b73616c65735f7061796d656e74737c613a303a7b7d636173685f6d6f64657c693a303b636173685f726f756e64696e677c693a303b73616c65735f696e766f6963655f6e756d6265727c4e3b726563765f636172747c613a303a7b7d726563765f6d6f64657c733a373a2272656365697665223b726563765f737570706c6965727c693a2d313b),
('049d26c06ad55c5be0c96dc5b407e216ea0c7bea', '190.233.70.42', 1573674518, 0x5f5f63695f6c6173745f726567656e65726174657c693a313537333637343531373b706572736f6e5f69647c733a313a2235223b6d656e755f67726f75707c733a343a22686f6d65223b616c6c6f775f74656d705f6974656d737c693a313b73616c655f69647c693a2d313b73616c65735f6d6f64657c733a343a2273616c65223b73616c65735f6c6f636174696f6e7c733a313a2231223b73616c65735f696e766f6963655f6e756d6265725f656e61626c65647c623a303b73616c65735f636172747c613a303a7b7d73616c65735f637573746f6d65727c693a2d313b64696e6e65725f7461626c657c693a313b73616c65735f7061796d656e74737c613a303a7b7d636173685f6d6f64657c693a303b636173685f726f756e64696e677c693a303b73616c65735f696e766f6963655f6e756d6265727c4e3b),
('e09253a36cd01b9bcfd0183c9cd011c62e47cdb2', '190.233.70.42', 1573675784, 0x5f5f63695f6c6173745f726567656e65726174657c693a313537333637353738343b706572736f6e5f69647c733a313a2235223b6d656e755f67726f75707c733a343a22686f6d65223b616c6c6f775f74656d705f6974656d737c693a313b73616c655f69647c693a2d313b73616c65735f6d6f64657c733a343a2273616c65223b73616c65735f6c6f636174696f6e7c733a313a2231223b73616c65735f696e766f6963655f6e756d6265725f656e61626c65647c623a303b73616c65735f636172747c613a303a7b7d73616c65735f637573746f6d65727c693a2d313b64696e6e65725f7461626c657c693a313b73616c65735f7061796d656e74737c613a303a7b7d636173685f6d6f64657c693a303b636173685f726f756e64696e677c693a303b73616c65735f696e766f6963655f6e756d6265727c4e3b),
('b2f95c4d92a44b49b3897e55a076782ca7f649bb', '190.233.70.42', 1573676327, 0x5f5f63695f6c6173745f726567656e65726174657c693a313537333637363332373b706572736f6e5f69647c733a313a2235223b6d656e755f67726f75707c733a343a22686f6d65223b616c6c6f775f74656d705f6974656d737c693a313b73616c655f69647c693a2d313b73616c65735f6d6f64657c733a343a2273616c65223b73616c65735f6c6f636174696f6e7c733a313a2231223b73616c65735f696e766f6963655f6e756d6265725f656e61626c65647c623a303b73616c65735f636172747c613a303a7b7d73616c65735f637573746f6d65727c693a2d313b64696e6e65725f7461626c657c693a313b73616c65735f7061796d656e74737c613a303a7b7d636173685f6d6f64657c693a303b636173685f726f756e64696e677c693a303b73616c65735f696e766f6963655f6e756d6265727c4e3b),
('21c1633a93479498ea2aea98123a75dee1f86251', '190.233.70.42', 1573676347, 0x5f5f63695f6c6173745f726567656e65726174657c693a313537333637363332373b706572736f6e5f69647c733a313a2235223b6d656e755f67726f75707c733a343a22686f6d65223b616c6c6f775f74656d705f6974656d737c693a313b73616c655f69647c693a2d313b73616c65735f6d6f64657c733a343a2273616c65223b73616c65735f6c6f636174696f6e7c733a313a2231223b73616c65735f696e766f6963655f6e756d6265725f656e61626c65647c623a303b73616c65735f636172747c613a313a7b693a313b613a32353a7b733a373a226974656d5f6964223b733a323a223337223b733a31333a226974656d5f6c6f636174696f6e223b733a313a2231223b733a31303a2273746f636b5f6e616d65223b733a393a225072696e636970616c223b733a343a226c696e65223b693a313b733a343a226e616d65223b733a31353a22504550534920444520333535206d6c223b733a31313a226974656d5f6e756d626572223b733a31333a2237373531353830303030373135223b733a31363a226174747269627574655f76616c756573223b733a34363a225045505349434f4c412c20424f54454c4c412c20333535206d6c2c20556e696461642c2031322f31302f32303139223b733a31383a226174747269627574655f647476616c756573223b733a31303a2231322f31302f32303139223b733a31313a226465736372697074696f6e223b733a303a22223b733a31323a2273657269616c6e756d626572223b733a303a22223b733a32313a22616c6c6f775f616c745f6465736372697074696f6e223b733a313a2230223b733a31333a2269735f73657269616c697a6564223b733a313a2230223b733a383a227175616e74697479223b693a313b733a383a22646973636f756e74223b733a313a2230223b733a31333a22646973636f756e745f74797065223b733a313a2230223b733a383a22696e5f73746f636b223b733a363a2231352e303030223b733a353a227072696365223b733a343a22322e3132223b733a31303a22636f73745f7072696365223b733a343a22302e3930223b733a353a22746f74616c223b733a343a22322e3132223b733a31363a22646973636f756e7465645f746f74616c223b733a363a22322e31323030223b733a31323a227072696e745f6f7074696f6e223b693a303b733a31303a2273746f636b5f74797065223b733a313a2230223b733a393a226974656d5f74797065223b733a313a2230223b733a383a2268736e5f636f6465223b733a303a22223b733a31353a227461785f63617465676f72795f6964223b733a313a2230223b7d7d73616c65735f637573746f6d65727c693a2d313b64696e6e65725f7461626c657c693a313b73616c65735f7061796d656e74737c613a303a7b7d636173685f6d6f64657c693a303b636173685f726f756e64696e677c693a303b73616c65735f696e766f6963655f6e756d6265727c4e3b);

-- --------------------------------------------------------

--
-- Estructura de tabla para la tabla `ospos_stock_locations`
--

DROP TABLE IF EXISTS `ospos_stock_locations`;
CREATE TABLE `ospos_stock_locations` (
  `location_id` int(11) NOT NULL,
  `location_code` varchar(10) DEFAULT NULL,
  `location_name` varchar(255) DEFAULT NULL,
  `deleted` int(1) NOT NULL DEFAULT '0'
) ENGINE=InnoDB DEFAULT CHARSET=utf8;

--
-- Volcado de datos para la tabla `ospos_stock_locations`
--

INSERT INTO `ospos_stock_locations` (`location_id`, `location_code`, `location_name`, `deleted`) VALUES
(1, '01', 'Principal', 0);

-- --------------------------------------------------------

--
-- Estructura de tabla para la tabla `ospos_suppliers`
--

DROP TABLE IF EXISTS `ospos_suppliers`;
CREATE TABLE `ospos_suppliers` (
  `person_id` int(10) NOT NULL,
  `ruc` varchar(20) DEFAULT NULL,
  `company_name` varchar(255) NOT NULL,
  `agency_name` varchar(255) NOT NULL,
  `account_number` varchar(255) DEFAULT NULL,
  `tax_id` varchar(32) NOT NULL DEFAULT '',
  `deleted` int(1) NOT NULL DEFAULT '0',
  `category` tinyint(4) NOT NULL
) ENGINE=InnoDB DEFAULT CHARSET=utf8;

--
-- Volcado de datos para la tabla `ospos_suppliers`
--

INSERT INTO `ospos_suppliers` (`person_id`, `ruc`, `company_name`, `agency_name`, `account_number`, `tax_id`, `deleted`, `category`) VALUES
(7, NULL, 'DULCEMANIA&SERVICE E.I.R.L.', '', NULL, '', 0, 0),
(8, NULL, 'R&P DISTRIBUCIONES E INVERSIONES DEL NORTE', '', NULL, '', 0, 0),
(9, NULL, 'MAKRO SUPERMAYORISTA S.A', '', NULL, '', 0, 0),
(10, '20561201651', 'ALICORP', '', NULL, '', 0, 0),
(11, '20504208843', 'COMERCIALIZADORA SALEM S.A.C.', '', NULL, '', 0, 0),
(1, '10407299189', 'PRECIONACLIC.COM', '', NULL, '', 0, 1),
(13, '20557079441', 'EMPRESA COMERCIALIZADORA DE BEBIDAS S.A.C.', '', NULL, '', 0, 0),
(14, '20353607783', 'MERCANTIL INCA S.A.', '', NULL, '', 0, 0),
(15, '2048564660', 'LA TABERNA DISTRICIONES SAC', '', NULL, '', 0, 0);

-- --------------------------------------------------------

--
-- Estructura de tabla para la tabla `ospos_tax_categories`
--

DROP TABLE IF EXISTS `ospos_tax_categories`;
CREATE TABLE `ospos_tax_categories` (
  `tax_category_id` int(10) NOT NULL,
  `tax_category` varchar(32) NOT NULL,
  `tax_group_sequence` tinyint(2) NOT NULL,
  `deleted` int(1) NOT NULL DEFAULT '0'
) ENGINE=InnoDB DEFAULT CHARSET=utf8;

-- --------------------------------------------------------

--
-- Estructura de tabla para la tabla `ospos_tax_codes`
--

DROP TABLE IF EXISTS `ospos_tax_codes`;
CREATE TABLE `ospos_tax_codes` (
  `tax_code_id` int(11) NOT NULL,
  `tax_code` varchar(32) NOT NULL,
  `tax_code_name` varchar(255) NOT NULL DEFAULT '',
  `city` varchar(255) NOT NULL DEFAULT '',
  `state` varchar(255) NOT NULL DEFAULT '',
  `deleted` int(1) NOT NULL DEFAULT '0'
) ENGINE=InnoDB DEFAULT CHARSET=utf8;

-- --------------------------------------------------------

--
-- Estructura de tabla para la tabla `ospos_tax_jurisdictions`
--

DROP TABLE IF EXISTS `ospos_tax_jurisdictions`;
CREATE TABLE `ospos_tax_jurisdictions` (
  `jurisdiction_id` int(11) NOT NULL,
  `jurisdiction_name` varchar(255) DEFAULT NULL,
  `tax_group` varchar(32) NOT NULL,
  `tax_type` smallint(2) NOT NULL,
  `reporting_authority` varchar(255) DEFAULT NULL,
  `tax_group_sequence` tinyint(2) NOT NULL DEFAULT '0',
  `cascade_sequence` tinyint(2) NOT NULL DEFAULT '0',
  `deleted` int(1) NOT NULL DEFAULT '0'
) ENGINE=InnoDB DEFAULT CHARSET=utf8;

-- --------------------------------------------------------

--
-- Estructura de tabla para la tabla `ospos_tax_rates`
--

DROP TABLE IF EXISTS `ospos_tax_rates`;
CREATE TABLE `ospos_tax_rates` (
  `tax_rate_id` int(11) NOT NULL,
  `rate_tax_code_id` int(11) NOT NULL,
  `rate_tax_category_id` int(10) NOT NULL,
  `rate_jurisdiction_id` int(11) NOT NULL,
  `tax_rate` decimal(15,4) NOT NULL DEFAULT '0.0000',
  `tax_rounding_code` tinyint(2) NOT NULL DEFAULT '0'
) ENGINE=InnoDB DEFAULT CHARSET=utf8;

--
-- Índices para tablas volcadas
--

--
-- Indices de la tabla `ospos_app_config`
--
ALTER TABLE `ospos_app_config`
  ADD PRIMARY KEY (`key`);

--
-- Indices de la tabla `ospos_attribute_definitions`
--
ALTER TABLE `ospos_attribute_definitions`
  ADD PRIMARY KEY (`definition_id`),
  ADD KEY `definition_fk` (`definition_fk`);

--
-- Indices de la tabla `ospos_attribute_links`
--
ALTER TABLE `ospos_attribute_links`
  ADD UNIQUE KEY `attribute_links_uq1` (`attribute_id`,`definition_id`,`item_id`,`sale_id`,`receiving_id`),
  ADD KEY `attribute_id` (`attribute_id`),
  ADD KEY `definition_id` (`definition_id`),
  ADD KEY `item_id` (`item_id`),
  ADD KEY `sale_id` (`sale_id`),
  ADD KEY `receiving_id` (`receiving_id`);

--
-- Indices de la tabla `ospos_attribute_values`
--
ALTER TABLE `ospos_attribute_values`
  ADD PRIMARY KEY (`attribute_id`),
  ADD UNIQUE KEY `attribute_value` (`attribute_value`);

--
-- Indices de la tabla `ospos_bankaccounts`
--
ALTER TABLE `ospos_bankaccounts`
  ADD PRIMARY KEY (`bankaccount_id`),
  ADD KEY `bank_id` (`bank_id`);

--
-- Indices de la tabla `ospos_banks`
--
ALTER TABLE `ospos_banks`
  ADD PRIMARY KEY (`bank_id`);

--
-- Indices de la tabla `ospos_cashup_currencys`
--
ALTER TABLE `ospos_cashup_currencys`
  ADD PRIMARY KEY (`cashup_currency_id`);

--
-- Indices de la tabla `ospos_cash_books`
--
ALTER TABLE `ospos_cash_books`
  ADD PRIMARY KEY (`cash_book_id`),
  ADD UNIQUE KEY `code` (`code`,`stock_location_id`,`employee_id`,`deleted`),
  ADD KEY `stock_location_id` (`stock_location_id`),
  ADD KEY `employee_id` (`employee_id`);

--
-- Indices de la tabla `ospos_cash_concepts`
--
ALTER TABLE `ospos_cash_concepts`
  ADD PRIMARY KEY (`cash_concept_id`),
  ADD KEY `ospos_cash_concepts_ibfk_1` (`cash_concept_parent_id`);

--
-- Indices de la tabla `ospos_cash_daily`
--
ALTER TABLE `ospos_cash_daily`
  ADD PRIMARY KEY (`cash_daily_id`);

--
-- Indices de la tabla `ospos_cash_flow`
--
ALTER TABLE `ospos_cash_flow`
  ADD PRIMARY KEY (`cash_flow_id`);

--
-- Indices de la tabla `ospos_cash_up`
--
ALTER TABLE `ospos_cash_up`
  ADD PRIMARY KEY (`cashup_id`),
  ADD KEY `open_employee_id` (`open_employee_id`),
  ADD KEY `close_employee_id` (`close_employee_id`),
  ADD KEY `ospos_cash_up_ibfk_3` (`cash_book_id`);

--
-- Indices de la tabla `ospos_costs`
--
ALTER TABLE `ospos_costs`
  ADD PRIMARY KEY (`cost_id`),
  ADD KEY `person_id` (`person_id`),
  ADD KEY `bankaccount_id` (`bankaccount_id`),
  ADD KEY `cash_concept_id` (`cash_concept_id`),
  ADD KEY `cash_subconcept_id` (`cash_subconcept_id`);

--
-- Indices de la tabla `ospos_customers`
--
ALTER TABLE `ospos_customers`
  ADD UNIQUE KEY `account_number` (`account_number`),
  ADD KEY `person_id` (`person_id`),
  ADD KEY `package_id` (`package_id`),
  ADD KEY `sales_tax_code_id` (`sales_tax_code_id`);

--
-- Indices de la tabla `ospos_customers_packages`
--
ALTER TABLE `ospos_customers_packages`
  ADD PRIMARY KEY (`package_id`);

--
-- Indices de la tabla `ospos_customers_points`
--
ALTER TABLE `ospos_customers_points`
  ADD PRIMARY KEY (`id`),
  ADD KEY `person_id` (`person_id`),
  ADD KEY `package_id` (`package_id`),
  ADD KEY `sale_id` (`sale_id`);

--
-- Indices de la tabla `ospos_dinner_tables`
--
ALTER TABLE `ospos_dinner_tables`
  ADD PRIMARY KEY (`dinner_table_id`);

--
-- Indices de la tabla `ospos_doctype_sequences`
--
ALTER TABLE `ospos_doctype_sequences`
  ADD PRIMARY KEY (`sequence_id`);

--
-- Indices de la tabla `ospos_employees`
--
ALTER TABLE `ospos_employees`
  ADD UNIQUE KEY `username` (`username`),
  ADD KEY `person_id` (`person_id`),
  ADD KEY `ospos_employees_ibfk_2` (`stock_location_id`);

--
-- Indices de la tabla `ospos_expenses`
--
ALTER TABLE `ospos_expenses`
  ADD PRIMARY KEY (`expense_id`),
  ADD KEY `ospos_expenses_ibfk_1` (`person_id`),
  ADD KEY `ospos_expenses_ibfk_2` (`bankaccount_id`),
  ADD KEY `ospos_expenses_ibfk_3` (`cash_concept_id`),
  ADD KEY `ospos_expenses_ibfk_4` (`cash_subconcept_id`);

--
-- Indices de la tabla `ospos_expense_categories`
--
ALTER TABLE `ospos_expense_categories`
  ADD PRIMARY KEY (`expense_category_id`),
  ADD UNIQUE KEY `category_name` (`category_name`);

--
-- Indices de la tabla `ospos_giftcards`
--
ALTER TABLE `ospos_giftcards`
  ADD PRIMARY KEY (`giftcard_id`),
  ADD UNIQUE KEY `giftcard_number` (`giftcard_number`),
  ADD KEY `person_id` (`person_id`);

--
-- Indices de la tabla `ospos_grants`
--
ALTER TABLE `ospos_grants`
  ADD PRIMARY KEY (`permission_id`,`person_id`),
  ADD KEY `ospos_grants_ibfk_2` (`person_id`);

--
-- Indices de la tabla `ospos_incomes`
--
ALTER TABLE `ospos_incomes`
  ADD PRIMARY KEY (`income_id`),
  ADD KEY `person_id` (`person_id`),
  ADD KEY `bankaccount_id` (`bankaccount_id`),
  ADD KEY `cash_concept_id` (`cash_concept_id`),
  ADD KEY `cash_subconcept_id` (`cash_subconcept_id`);

--
-- Indices de la tabla `ospos_inventory`
--
ALTER TABLE `ospos_inventory`
  ADD PRIMARY KEY (`trans_id`),
  ADD KEY `trans_items` (`trans_items`),
  ADD KEY `trans_user` (`trans_user`),
  ADD KEY `trans_location` (`trans_location`),
  ADD KEY `trans_date` (`trans_date`);

--
-- Indices de la tabla `ospos_items`
--
ALTER TABLE `ospos_items`
  ADD PRIMARY KEY (`item_id`),
  ADD KEY `item_number` (`item_number`),
  ADD KEY `supplier_id` (`supplier_id`);

--
-- Indices de la tabla `ospos_items_taxes`
--
ALTER TABLE `ospos_items_taxes`
  ADD PRIMARY KEY (`item_id`,`name`,`percent`);

--
-- Indices de la tabla `ospos_item_kits`
--
ALTER TABLE `ospos_item_kits`
  ADD PRIMARY KEY (`item_kit_id`);

--
-- Indices de la tabla `ospos_item_kit_items`
--
ALTER TABLE `ospos_item_kit_items`
  ADD PRIMARY KEY (`item_kit_id`,`item_id`,`quantity`),
  ADD KEY `ospos_item_kit_items_ibfk_2` (`item_id`);

--
-- Indices de la tabla `ospos_item_quantities`
--
ALTER TABLE `ospos_item_quantities`
  ADD PRIMARY KEY (`item_id`,`location_id`),
  ADD KEY `item_id` (`item_id`),
  ADD KEY `location_id` (`location_id`);

--
-- Indices de la tabla `ospos_modules`
--
ALTER TABLE `ospos_modules`
  ADD PRIMARY KEY (`module_id`),
  ADD UNIQUE KEY `desc_lang_key` (`desc_lang_key`),
  ADD UNIQUE KEY `name_lang_key` (`name_lang_key`);

--
-- Indices de la tabla `ospos_overallcash_currencys`
--
ALTER TABLE `ospos_overallcash_currencys`
  ADD PRIMARY KEY (`overallcash_currency_id`);

--
-- Indices de la tabla `ospos_overall_cashs`
--
ALTER TABLE `ospos_overall_cashs`
  ADD PRIMARY KEY (`overall_cash_id`);

--
-- Indices de la tabla `ospos_people`
--
ALTER TABLE `ospos_people`
  ADD PRIMARY KEY (`person_id`),
  ADD KEY `email` (`email`);

--
-- Indices de la tabla `ospos_permissions`
--
ALTER TABLE `ospos_permissions`
  ADD PRIMARY KEY (`permission_id`),
  ADD KEY `module_id` (`module_id`),
  ADD KEY `ospos_permissions_ibfk_2` (`location_id`);

--
-- Indices de la tabla `ospos_receivings`
--
ALTER TABLE `ospos_receivings`
  ADD PRIMARY KEY (`receiving_id`),
  ADD KEY `supplier_id` (`supplier_id`),
  ADD KEY `employee_id` (`employee_id`),
  ADD KEY `reference` (`reference`),
  ADD KEY `receiving_time` (`receiving_time`);

--
-- Indices de la tabla `ospos_receivings_items`
--
ALTER TABLE `ospos_receivings_items`
  ADD PRIMARY KEY (`receiving_id`,`item_id`,`line`),
  ADD KEY `item_id` (`item_id`);

--
-- Indices de la tabla `ospos_sales`
--
ALTER TABLE `ospos_sales`
  ADD PRIMARY KEY (`sale_id`),
  ADD UNIQUE KEY `invoice_number` (`invoice_number`),
  ADD KEY `customer_id` (`customer_id`),
  ADD KEY `employee_id` (`employee_id`),
  ADD KEY `sale_time` (`sale_time`),
  ADD KEY `dinner_table_id` (`dinner_table_id`);

--
-- Indices de la tabla `ospos_sales_items`
--
ALTER TABLE `ospos_sales_items`
  ADD PRIMARY KEY (`sale_id`,`item_id`,`line`),
  ADD KEY `sale_id` (`sale_id`),
  ADD KEY `item_id` (`item_id`),
  ADD KEY `item_location` (`item_location`);

--
-- Indices de la tabla `ospos_sales_items_taxes`
--
ALTER TABLE `ospos_sales_items_taxes`
  ADD PRIMARY KEY (`sale_id`,`item_id`,`line`,`name`,`percent`),
  ADD KEY `sale_id` (`sale_id`),
  ADD KEY `item_id` (`item_id`);

--
-- Indices de la tabla `ospos_sales_payments`
--
ALTER TABLE `ospos_sales_payments`
  ADD PRIMARY KEY (`payment_id`),
  ADD KEY `payment_sale` (`sale_id`,`payment_type`),
  ADD KEY `employee_id` (`employee_id`),
  ADD KEY `payment_time` (`payment_time`);

--
-- Indices de la tabla `ospos_sales_reward_points`
--
ALTER TABLE `ospos_sales_reward_points`
  ADD PRIMARY KEY (`id`),
  ADD KEY `sale_id` (`sale_id`);

--
-- Indices de la tabla `ospos_sales_taxes`
--
ALTER TABLE `ospos_sales_taxes`
  ADD PRIMARY KEY (`sales_taxes_id`),
  ADD KEY `print_sequence` (`sale_id`,`print_sequence`,`tax_group`);

--
-- Indices de la tabla `ospos_sessions`
--
ALTER TABLE `ospos_sessions`
  ADD KEY `ci_sessions_timestamp` (`timestamp`);

--
-- Indices de la tabla `ospos_stock_locations`
--
ALTER TABLE `ospos_stock_locations`
  ADD PRIMARY KEY (`location_id`);

--
-- Indices de la tabla `ospos_suppliers`
--
ALTER TABLE `ospos_suppliers`
  ADD UNIQUE KEY `account_number` (`account_number`),
  ADD KEY `person_id` (`person_id`);

--
-- Indices de la tabla `ospos_tax_categories`
--
ALTER TABLE `ospos_tax_categories`
  ADD PRIMARY KEY (`tax_category_id`);

--
-- Indices de la tabla `ospos_tax_codes`
--
ALTER TABLE `ospos_tax_codes`
  ADD PRIMARY KEY (`tax_code_id`);

--
-- Indices de la tabla `ospos_tax_jurisdictions`
--
ALTER TABLE `ospos_tax_jurisdictions`
  ADD PRIMARY KEY (`jurisdiction_id`);

--
-- Indices de la tabla `ospos_tax_rates`
--
ALTER TABLE `ospos_tax_rates`
  ADD PRIMARY KEY (`tax_rate_id`),
  ADD KEY `rate_tax_category_id` (`rate_tax_category_id`),
  ADD KEY `rate_tax_code_id` (`rate_tax_code_id`),
  ADD KEY `rate_jurisdiction_id` (`rate_jurisdiction_id`);

--
-- AUTO_INCREMENT de las tablas volcadas
--

--
-- AUTO_INCREMENT de la tabla `ospos_attribute_definitions`
--
ALTER TABLE `ospos_attribute_definitions`
  MODIFY `definition_id` int(10) NOT NULL AUTO_INCREMENT, AUTO_INCREMENT=6;

--
-- AUTO_INCREMENT de la tabla `ospos_attribute_values`
--
ALTER TABLE `ospos_attribute_values`
  MODIFY `attribute_id` int(11) NOT NULL AUTO_INCREMENT, AUTO_INCREMENT=344;

--
-- AUTO_INCREMENT de la tabla `ospos_bankaccounts`
--
ALTER TABLE `ospos_bankaccounts`
  MODIFY `bankaccount_id` int(10) NOT NULL AUTO_INCREMENT;

--
-- AUTO_INCREMENT de la tabla `ospos_banks`
--
ALTER TABLE `ospos_banks`
  MODIFY `bank_id` int(10) NOT NULL AUTO_INCREMENT;

--
-- AUTO_INCREMENT de la tabla `ospos_cashup_currencys`
--
ALTER TABLE `ospos_cashup_currencys`
  MODIFY `cashup_currency_id` int(10) NOT NULL AUTO_INCREMENT, AUTO_INCREMENT=36;

--
-- AUTO_INCREMENT de la tabla `ospos_cash_books`
--
ALTER TABLE `ospos_cash_books`
  MODIFY `cash_book_id` int(10) NOT NULL AUTO_INCREMENT, AUTO_INCREMENT=5;

--
-- AUTO_INCREMENT de la tabla `ospos_cash_concepts`
--
ALTER TABLE `ospos_cash_concepts`
  MODIFY `cash_concept_id` int(10) NOT NULL AUTO_INCREMENT, AUTO_INCREMENT=34;

--
-- AUTO_INCREMENT de la tabla `ospos_cash_daily`
--
ALTER TABLE `ospos_cash_daily`
  MODIFY `cash_daily_id` int(10) NOT NULL AUTO_INCREMENT, AUTO_INCREMENT=252;

--
-- AUTO_INCREMENT de la tabla `ospos_cash_flow`
--
ALTER TABLE `ospos_cash_flow`
  MODIFY `cash_flow_id` int(10) NOT NULL AUTO_INCREMENT, AUTO_INCREMENT=304;

--
-- AUTO_INCREMENT de la tabla `ospos_cash_up`
--
ALTER TABLE `ospos_cash_up`
  MODIFY `cashup_id` int(10) NOT NULL AUTO_INCREMENT, AUTO_INCREMENT=22;

--
-- AUTO_INCREMENT de la tabla `ospos_costs`
--
ALTER TABLE `ospos_costs`
  MODIFY `cost_id` int(10) NOT NULL AUTO_INCREMENT, AUTO_INCREMENT=30;

--
-- AUTO_INCREMENT de la tabla `ospos_customers_packages`
--
ALTER TABLE `ospos_customers_packages`
  MODIFY `package_id` int(11) NOT NULL AUTO_INCREMENT, AUTO_INCREMENT=6;

--
-- AUTO_INCREMENT de la tabla `ospos_customers_points`
--
ALTER TABLE `ospos_customers_points`
  MODIFY `id` int(11) NOT NULL AUTO_INCREMENT;

--
-- AUTO_INCREMENT de la tabla `ospos_dinner_tables`
--
ALTER TABLE `ospos_dinner_tables`
  MODIFY `dinner_table_id` int(11) NOT NULL AUTO_INCREMENT, AUTO_INCREMENT=23;

--
-- AUTO_INCREMENT de la tabla `ospos_doctype_sequences`
--
ALTER TABLE `ospos_doctype_sequences`
  MODIFY `sequence_id` int(10) NOT NULL AUTO_INCREMENT, AUTO_INCREMENT=7;

--
-- AUTO_INCREMENT de la tabla `ospos_expenses`
--
ALTER TABLE `ospos_expenses`
  MODIFY `expense_id` int(10) NOT NULL AUTO_INCREMENT, AUTO_INCREMENT=6;

--
-- AUTO_INCREMENT de la tabla `ospos_expense_categories`
--
ALTER TABLE `ospos_expense_categories`
  MODIFY `expense_category_id` int(10) NOT NULL AUTO_INCREMENT;

--
-- AUTO_INCREMENT de la tabla `ospos_giftcards`
--
ALTER TABLE `ospos_giftcards`
  MODIFY `giftcard_id` int(11) NOT NULL AUTO_INCREMENT;

--
-- AUTO_INCREMENT de la tabla `ospos_incomes`
--
ALTER TABLE `ospos_incomes`
  MODIFY `income_id` int(10) NOT NULL AUTO_INCREMENT, AUTO_INCREMENT=7;

--
-- AUTO_INCREMENT de la tabla `ospos_inventory`
--
ALTER TABLE `ospos_inventory`
  MODIFY `trans_id` int(11) NOT NULL AUTO_INCREMENT, AUTO_INCREMENT=1073;

--
-- AUTO_INCREMENT de la tabla `ospos_items`
--
ALTER TABLE `ospos_items`
  MODIFY `item_id` int(10) NOT NULL AUTO_INCREMENT, AUTO_INCREMENT=371;

--
-- AUTO_INCREMENT de la tabla `ospos_item_kits`
--
ALTER TABLE `ospos_item_kits`
  MODIFY `item_kit_id` int(11) NOT NULL AUTO_INCREMENT;

--
-- AUTO_INCREMENT de la tabla `ospos_overallcash_currencys`
--
ALTER TABLE `ospos_overallcash_currencys`
  MODIFY `overallcash_currency_id` int(10) NOT NULL AUTO_INCREMENT, AUTO_INCREMENT=78;

--
-- AUTO_INCREMENT de la tabla `ospos_overall_cashs`
--
ALTER TABLE `ospos_overall_cashs`
  MODIFY `overall_cash_id` int(10) NOT NULL AUTO_INCREMENT, AUTO_INCREMENT=15;

--
-- AUTO_INCREMENT de la tabla `ospos_people`
--
ALTER TABLE `ospos_people`
  MODIFY `person_id` int(10) NOT NULL AUTO_INCREMENT, AUTO_INCREMENT=17;

--
-- AUTO_INCREMENT de la tabla `ospos_receivings`
--
ALTER TABLE `ospos_receivings`
  MODIFY `receiving_id` int(10) NOT NULL AUTO_INCREMENT, AUTO_INCREMENT=273;

--
-- AUTO_INCREMENT de la tabla `ospos_sales`
--
ALTER TABLE `ospos_sales`
  MODIFY `sale_id` int(10) NOT NULL AUTO_INCREMENT, AUTO_INCREMENT=223;

--
-- AUTO_INCREMENT de la tabla `ospos_sales_payments`
--
ALTER TABLE `ospos_sales_payments`
  MODIFY `payment_id` int(11) NOT NULL AUTO_INCREMENT, AUTO_INCREMENT=217;

--
-- AUTO_INCREMENT de la tabla `ospos_sales_reward_points`
--
ALTER TABLE `ospos_sales_reward_points`
  MODIFY `id` int(11) NOT NULL AUTO_INCREMENT;

--
-- AUTO_INCREMENT de la tabla `ospos_sales_taxes`
--
ALTER TABLE `ospos_sales_taxes`
  MODIFY `sales_taxes_id` int(11) NOT NULL AUTO_INCREMENT, AUTO_INCREMENT=212;

--
-- AUTO_INCREMENT de la tabla `ospos_stock_locations`
--
ALTER TABLE `ospos_stock_locations`
  MODIFY `location_id` int(11) NOT NULL AUTO_INCREMENT, AUTO_INCREMENT=2;

--
-- AUTO_INCREMENT de la tabla `ospos_tax_categories`
--
ALTER TABLE `ospos_tax_categories`
  MODIFY `tax_category_id` int(10) NOT NULL AUTO_INCREMENT;

--
-- AUTO_INCREMENT de la tabla `ospos_tax_codes`
--
ALTER TABLE `ospos_tax_codes`
  MODIFY `tax_code_id` int(11) NOT NULL AUTO_INCREMENT;

--
-- AUTO_INCREMENT de la tabla `ospos_tax_jurisdictions`
--
ALTER TABLE `ospos_tax_jurisdictions`
  MODIFY `jurisdiction_id` int(11) NOT NULL AUTO_INCREMENT;

--
-- AUTO_INCREMENT de la tabla `ospos_tax_rates`
--
ALTER TABLE `ospos_tax_rates`
  MODIFY `tax_rate_id` int(11) NOT NULL AUTO_INCREMENT;

--
-- Restricciones para tablas volcadas
--

--
-- Filtros para la tabla `ospos_attribute_definitions`
--
ALTER TABLE `ospos_attribute_definitions`
  ADD CONSTRAINT `fk_ospos_attribute_definitions_ibfk_1` FOREIGN KEY (`definition_fk`) REFERENCES `ospos_attribute_definitions` (`definition_id`);

--
-- Filtros para la tabla `ospos_attribute_links`
--
ALTER TABLE `ospos_attribute_links`
  ADD CONSTRAINT `ospos_attribute_links_ibfk_1` FOREIGN KEY (`definition_id`) REFERENCES `ospos_attribute_definitions` (`definition_id`) ON DELETE CASCADE,
  ADD CONSTRAINT `ospos_attribute_links_ibfk_2` FOREIGN KEY (`attribute_id`) REFERENCES `ospos_attribute_values` (`attribute_id`) ON DELETE CASCADE,
  ADD CONSTRAINT `ospos_attribute_links_ibfk_3` FOREIGN KEY (`item_id`) REFERENCES `ospos_items` (`item_id`),
  ADD CONSTRAINT `ospos_attribute_links_ibfk_4` FOREIGN KEY (`receiving_id`) REFERENCES `ospos_receivings` (`receiving_id`),
  ADD CONSTRAINT `ospos_attribute_links_ibfk_5` FOREIGN KEY (`sale_id`) REFERENCES `ospos_sales` (`sale_id`);

--
-- Filtros para la tabla `ospos_bankaccounts`
--
ALTER TABLE `ospos_bankaccounts`
  ADD CONSTRAINT `ospos_bankaccounts_ibfk_1` FOREIGN KEY (`bank_id`) REFERENCES `ospos_banks` (`bank_id`);

--
-- Filtros para la tabla `ospos_cash_books`
--
ALTER TABLE `ospos_cash_books`
  ADD CONSTRAINT `ospos_cash_books_ibfk_1` FOREIGN KEY (`stock_location_id`) REFERENCES `ospos_stock_locations` (`location_id`),
  ADD CONSTRAINT `ospos_cash_books_ibfk_2` FOREIGN KEY (`employee_id`) REFERENCES `ospos_employees` (`person_id`);

--
-- Filtros para la tabla `ospos_cash_concepts`
--
ALTER TABLE `ospos_cash_concepts`
  ADD CONSTRAINT `ospos_cash_concepts_ibfk_1` FOREIGN KEY (`cash_concept_parent_id`) REFERENCES `ospos_cash_concepts` (`cash_concept_id`);

--
-- Filtros para la tabla `ospos_cash_up`
--
ALTER TABLE `ospos_cash_up`
  ADD CONSTRAINT `ospos_cash_up_ibfk_1` FOREIGN KEY (`open_employee_id`) REFERENCES `ospos_employees` (`person_id`),
  ADD CONSTRAINT `ospos_cash_up_ibfk_2` FOREIGN KEY (`close_employee_id`) REFERENCES `ospos_employees` (`person_id`),
  ADD CONSTRAINT `ospos_cash_up_ibfk_3` FOREIGN KEY (`cash_book_id`) REFERENCES `ospos_cash_books` (`cash_book_id`);

--
-- Filtros para la tabla `ospos_costs`
--
ALTER TABLE `ospos_costs`
  ADD CONSTRAINT `ospos_costs_ibfk_1` FOREIGN KEY (`person_id`) REFERENCES `ospos_people` (`person_id`),
  ADD CONSTRAINT `ospos_costs_ibfk_2` FOREIGN KEY (`bankaccount_id`) REFERENCES `ospos_bankaccounts` (`bankaccount_id`),
  ADD CONSTRAINT `ospos_costs_ibfk_3` FOREIGN KEY (`cash_concept_id`) REFERENCES `ospos_cash_concepts` (`cash_concept_id`),
  ADD CONSTRAINT `ospos_costs_ibfk_4` FOREIGN KEY (`cash_subconcept_id`) REFERENCES `ospos_cash_concepts` (`cash_concept_id`);

--
-- Filtros para la tabla `ospos_customers`
--
ALTER TABLE `ospos_customers`
  ADD CONSTRAINT `ospos_customers_ibfk_1` FOREIGN KEY (`person_id`) REFERENCES `ospos_people` (`person_id`),
  ADD CONSTRAINT `ospos_customers_ibfk_2` FOREIGN KEY (`package_id`) REFERENCES `ospos_customers_packages` (`package_id`),
  ADD CONSTRAINT `ospos_customers_ibfk_3` FOREIGN KEY (`sales_tax_code_id`) REFERENCES `ospos_tax_codes` (`tax_code_id`);

--
-- Filtros para la tabla `ospos_customers_points`
--
ALTER TABLE `ospos_customers_points`
  ADD CONSTRAINT `ospos_customers_points_ibfk_1` FOREIGN KEY (`person_id`) REFERENCES `ospos_customers` (`person_id`),
  ADD CONSTRAINT `ospos_customers_points_ibfk_2` FOREIGN KEY (`package_id`) REFERENCES `ospos_customers_packages` (`package_id`),
  ADD CONSTRAINT `ospos_customers_points_ibfk_3` FOREIGN KEY (`sale_id`) REFERENCES `ospos_sales` (`sale_id`);

--
-- Filtros para la tabla `ospos_employees`
--
ALTER TABLE `ospos_employees`
  ADD CONSTRAINT `ospos_employees_ibfk_1` FOREIGN KEY (`person_id`) REFERENCES `ospos_people` (`person_id`),
  ADD CONSTRAINT `ospos_employees_ibfk_2` FOREIGN KEY (`stock_location_id`) REFERENCES `ospos_stock_locations` (`location_id`);

--
-- Filtros para la tabla `ospos_expenses`
--
ALTER TABLE `ospos_expenses`
  ADD CONSTRAINT `ospos_expenses_ibfk_1` FOREIGN KEY (`person_id`) REFERENCES `ospos_people` (`person_id`),
  ADD CONSTRAINT `ospos_expenses_ibfk_2` FOREIGN KEY (`bankaccount_id`) REFERENCES `ospos_bankaccounts` (`bankaccount_id`),
  ADD CONSTRAINT `ospos_expenses_ibfk_3` FOREIGN KEY (`cash_concept_id`) REFERENCES `ospos_cash_concepts` (`cash_concept_id`),
  ADD CONSTRAINT `ospos_expenses_ibfk_4` FOREIGN KEY (`cash_subconcept_id`) REFERENCES `ospos_cash_concepts` (`cash_concept_id`);

--
-- Filtros para la tabla `ospos_giftcards`
--
ALTER TABLE `ospos_giftcards`
  ADD CONSTRAINT `ospos_giftcards_ibfk_1` FOREIGN KEY (`person_id`) REFERENCES `ospos_people` (`person_id`);

--
-- Filtros para la tabla `ospos_grants`
--
ALTER TABLE `ospos_grants`
  ADD CONSTRAINT `ospos_grants_ibfk_1` FOREIGN KEY (`permission_id`) REFERENCES `ospos_permissions` (`permission_id`) ON DELETE CASCADE,
  ADD CONSTRAINT `ospos_grants_ibfk_2` FOREIGN KEY (`person_id`) REFERENCES `ospos_employees` (`person_id`) ON DELETE CASCADE;

--
-- Filtros para la tabla `ospos_incomes`
--
ALTER TABLE `ospos_incomes`
  ADD CONSTRAINT `ospos_incomes_ibfk_1` FOREIGN KEY (`person_id`) REFERENCES `ospos_people` (`person_id`),
  ADD CONSTRAINT `ospos_incomes_ibfk_2` FOREIGN KEY (`bankaccount_id`) REFERENCES `ospos_bankaccounts` (`bankaccount_id`),
  ADD CONSTRAINT `ospos_incomes_ibfk_3` FOREIGN KEY (`cash_concept_id`) REFERENCES `ospos_cash_concepts` (`cash_concept_id`),
  ADD CONSTRAINT `ospos_incomes_ibfk_4` FOREIGN KEY (`cash_subconcept_id`) REFERENCES `ospos_cash_concepts` (`cash_concept_id`);

--
-- Filtros para la tabla `ospos_inventory`
--
ALTER TABLE `ospos_inventory`
  ADD CONSTRAINT `ospos_inventory_ibfk_1` FOREIGN KEY (`trans_items`) REFERENCES `ospos_items` (`item_id`),
  ADD CONSTRAINT `ospos_inventory_ibfk_2` FOREIGN KEY (`trans_user`) REFERENCES `ospos_employees` (`person_id`),
  ADD CONSTRAINT `ospos_inventory_ibfk_3` FOREIGN KEY (`trans_location`) REFERENCES `ospos_stock_locations` (`location_id`);

--
-- Filtros para la tabla `ospos_items`
--
ALTER TABLE `ospos_items`
  ADD CONSTRAINT `ospos_items_ibfk_1` FOREIGN KEY (`supplier_id`) REFERENCES `ospos_suppliers` (`person_id`);

--
-- Filtros para la tabla `ospos_items_taxes`
--
ALTER TABLE `ospos_items_taxes`
  ADD CONSTRAINT `ospos_items_taxes_ibfk_1` FOREIGN KEY (`item_id`) REFERENCES `ospos_items` (`item_id`) ON DELETE CASCADE;

--
-- Filtros para la tabla `ospos_item_kit_items`
--
ALTER TABLE `ospos_item_kit_items`
  ADD CONSTRAINT `ospos_item_kit_items_ibfk_1` FOREIGN KEY (`item_kit_id`) REFERENCES `ospos_item_kits` (`item_kit_id`) ON DELETE CASCADE,
  ADD CONSTRAINT `ospos_item_kit_items_ibfk_2` FOREIGN KEY (`item_id`) REFERENCES `ospos_items` (`item_id`) ON DELETE CASCADE;

--
-- Filtros para la tabla `ospos_item_quantities`
--
ALTER TABLE `ospos_item_quantities`
  ADD CONSTRAINT `ospos_item_quantities_ibfk_1` FOREIGN KEY (`item_id`) REFERENCES `ospos_items` (`item_id`),
  ADD CONSTRAINT `ospos_item_quantities_ibfk_2` FOREIGN KEY (`location_id`) REFERENCES `ospos_stock_locations` (`location_id`);

--
-- Filtros para la tabla `ospos_permissions`
--
ALTER TABLE `ospos_permissions`
  ADD CONSTRAINT `ospos_permissions_ibfk_1` FOREIGN KEY (`module_id`) REFERENCES `ospos_modules` (`module_id`) ON DELETE CASCADE,
  ADD CONSTRAINT `ospos_permissions_ibfk_2` FOREIGN KEY (`location_id`) REFERENCES `ospos_stock_locations` (`location_id`) ON DELETE CASCADE;

--
-- Filtros para la tabla `ospos_receivings`
--
ALTER TABLE `ospos_receivings`
  ADD CONSTRAINT `ospos_receivings_ibfk_1` FOREIGN KEY (`employee_id`) REFERENCES `ospos_employees` (`person_id`),
  ADD CONSTRAINT `ospos_receivings_ibfk_2` FOREIGN KEY (`supplier_id`) REFERENCES `ospos_suppliers` (`person_id`);

--
-- Filtros para la tabla `ospos_receivings_items`
--
ALTER TABLE `ospos_receivings_items`
  ADD CONSTRAINT `ospos_receivings_items_ibfk_1` FOREIGN KEY (`item_id`) REFERENCES `ospos_items` (`item_id`),
  ADD CONSTRAINT `ospos_receivings_items_ibfk_2` FOREIGN KEY (`receiving_id`) REFERENCES `ospos_receivings` (`receiving_id`);

--
-- Filtros para la tabla `ospos_sales`
--
ALTER TABLE `ospos_sales`
  ADD CONSTRAINT `ospos_sales_ibfk_1` FOREIGN KEY (`employee_id`) REFERENCES `ospos_employees` (`person_id`),
  ADD CONSTRAINT `ospos_sales_ibfk_2` FOREIGN KEY (`customer_id`) REFERENCES `ospos_customers` (`person_id`),
  ADD CONSTRAINT `ospos_sales_ibfk_3` FOREIGN KEY (`dinner_table_id`) REFERENCES `ospos_dinner_tables` (`dinner_table_id`);

--
-- Filtros para la tabla `ospos_sales_items`
--
ALTER TABLE `ospos_sales_items`
  ADD CONSTRAINT `ospos_sales_items_ibfk_1` FOREIGN KEY (`item_id`) REFERENCES `ospos_items` (`item_id`),
  ADD CONSTRAINT `ospos_sales_items_ibfk_2` FOREIGN KEY (`sale_id`) REFERENCES `ospos_sales` (`sale_id`),
  ADD CONSTRAINT `ospos_sales_items_ibfk_3` FOREIGN KEY (`item_location`) REFERENCES `ospos_stock_locations` (`location_id`);

--
-- Filtros para la tabla `ospos_sales_items_taxes`
--
ALTER TABLE `ospos_sales_items_taxes`
  ADD CONSTRAINT `ospos_sales_items_taxes_ibfk_1` FOREIGN KEY (`sale_id`) REFERENCES `ospos_sales_items` (`sale_id`),
  ADD CONSTRAINT `ospos_sales_items_taxes_ibfk_2` FOREIGN KEY (`item_id`) REFERENCES `ospos_items` (`item_id`);

--
-- Filtros para la tabla `ospos_sales_payments`
--
ALTER TABLE `ospos_sales_payments`
  ADD CONSTRAINT `ospos_sales_payments_ibfk_1` FOREIGN KEY (`sale_id`) REFERENCES `ospos_sales` (`sale_id`),
  ADD CONSTRAINT `ospos_sales_payments_ibfk_2` FOREIGN KEY (`employee_id`) REFERENCES `ospos_employees` (`person_id`);

--
-- Filtros para la tabla `ospos_sales_reward_points`
--
ALTER TABLE `ospos_sales_reward_points`
  ADD CONSTRAINT `ospos_sales_reward_points_ibfk_1` FOREIGN KEY (`sale_id`) REFERENCES `ospos_sales` (`sale_id`);

--
-- Filtros para la tabla `ospos_suppliers`
--
ALTER TABLE `ospos_suppliers`
  ADD CONSTRAINT `ospos_suppliers_ibfk_1` FOREIGN KEY (`person_id`) REFERENCES `ospos_people` (`person_id`);

--
-- Filtros para la tabla `ospos_tax_rates`
--
ALTER TABLE `ospos_tax_rates`
  ADD CONSTRAINT `ospos_tax_rates_ibfk_1` FOREIGN KEY (`rate_tax_category_id`) REFERENCES `ospos_tax_categories` (`tax_category_id`),
  ADD CONSTRAINT `ospos_tax_rates_ibfk_2` FOREIGN KEY (`rate_tax_code_id`) REFERENCES `ospos_tax_codes` (`tax_code_id`),
  ADD CONSTRAINT `ospos_tax_rates_ibfk_3` FOREIGN KEY (`rate_jurisdiction_id`) REFERENCES `ospos_tax_jurisdictions` (`jurisdiction_id`);
COMMIT;

/*!40101 SET CHARACTER_SET_CLIENT=@OLD_CHARACTER_SET_CLIENT */;
/*!40101 SET CHARACTER_SET_RESULTS=@OLD_CHARACTER_SET_RESULTS */;
/*!40101 SET COLLATION_CONNECTION=@OLD_COLLATION_CONNECTION */;
